/* SPDX-License-Identifier: (LGPL-2.1 OR BSD-2-Clause) */

/* THIS FILE IS AUTOGENERATED! */
#ifndef __IO_LAT_BPF_SKEL_H__
#define __IO_LAT_BPF_SKEL_H__

#include <errno.h>
#include <stdlib.h>
#include <bpf/libbpf.h>

struct io_lat_bpf {
	struct bpf_object_skeleton *skeleton;
	struct bpf_object *obj;
	struct {
		struct bpf_map *cfg_map;
		struct bpf_map *inflight;
		struct bpf_map *hist_total_r_us;
		struct bpf_map *hist_total_w_us;
		struct bpf_map *hist_wait_r_us;
		struct bpf_map *hist_wait_w_us;
		struct bpf_map *hist_dev_r_us;
		struct bpf_map *hist_dev_w_us;
		struct bpf_map *hist_dev_r_us_mon;
		struct bpf_map *hist_dev_w_us_mon;
		struct bpf_map *inflight_cnt;
		struct bpf_map *lat_wait_r_sum;
		struct bpf_map *lat_wait_w_sum;
		struct bpf_map *lat_dev_r_sum;
		struct bpf_map *lat_dev_w_sum;
		struct bpf_map *prog_hits;
	} maps;
	struct {
		struct bpf_program *tp_insert;
		struct bpf_program *tp_issue;
		struct bpf_program *tp_complete;
	} progs;
	struct {
		struct bpf_link *tp_insert;
		struct bpf_link *tp_issue;
		struct bpf_link *tp_complete;
	} links;
};

static void
io_lat_bpf__destroy(struct io_lat_bpf *obj)
{
	if (!obj)
		return;
	if (obj->skeleton)
		bpf_object__destroy_skeleton(obj->skeleton);
	free(obj);
}

static inline int
io_lat_bpf__create_skeleton(struct io_lat_bpf *obj);

static inline struct io_lat_bpf *
io_lat_bpf__open_opts(const struct bpf_object_open_opts *opts)
{
	struct io_lat_bpf *obj;
	int err;

	obj = (struct io_lat_bpf *)calloc(1, sizeof(*obj));
	if (!obj) {
		errno = ENOMEM;
		return NULL;
	}

	err = io_lat_bpf__create_skeleton(obj);
	err = err ?: bpf_object__open_skeleton(obj->skeleton, opts);
	if (err)
		goto err_out;

	return obj;
err_out:
	io_lat_bpf__destroy(obj);
	errno = -err;
	return NULL;
}

static inline struct io_lat_bpf *
io_lat_bpf__open(void)
{
	return io_lat_bpf__open_opts(NULL);
}

static inline int
io_lat_bpf__load(struct io_lat_bpf *obj)
{
	return bpf_object__load_skeleton(obj->skeleton);
}

static inline struct io_lat_bpf *
io_lat_bpf__open_and_load(void)
{
	struct io_lat_bpf *obj;
	int err;

	obj = io_lat_bpf__open();
	if (!obj)
		return NULL;
	err = io_lat_bpf__load(obj);
	if (err) {
		io_lat_bpf__destroy(obj);
		errno = -err;
		return NULL;
	}
	return obj;
}

static inline int
io_lat_bpf__attach(struct io_lat_bpf *obj)
{
	return bpf_object__attach_skeleton(obj->skeleton);
}

static inline void
io_lat_bpf__detach(struct io_lat_bpf *obj)
{
	return bpf_object__detach_skeleton(obj->skeleton);
}

static inline int
io_lat_bpf__create_skeleton(struct io_lat_bpf *obj)
{
	struct bpf_object_skeleton *s;

	s = (struct bpf_object_skeleton *)calloc(1, sizeof(*s));
	if (!s)
		goto err;

	s->sz = sizeof(*s);
	s->name = "io_lat_bpf";
	s->obj = &obj->obj;

	/* maps */
	s->map_cnt = 16;
	s->map_skel_sz = sizeof(*s->maps);
	s->maps = (struct bpf_map_skeleton *)calloc(s->map_cnt, s->map_skel_sz);
	if (!s->maps)
		goto err;

	s->maps[0].name = "cfg_map";
	s->maps[0].map = &obj->maps.cfg_map;

	s->maps[1].name = "inflight";
	s->maps[1].map = &obj->maps.inflight;

	s->maps[2].name = "hist_total_r_us";
	s->maps[2].map = &obj->maps.hist_total_r_us;

	s->maps[3].name = "hist_total_w_us";
	s->maps[3].map = &obj->maps.hist_total_w_us;

	s->maps[4].name = "hist_wait_r_us";
	s->maps[4].map = &obj->maps.hist_wait_r_us;

	s->maps[5].name = "hist_wait_w_us";
	s->maps[5].map = &obj->maps.hist_wait_w_us;

	s->maps[6].name = "hist_dev_r_us";
	s->maps[6].map = &obj->maps.hist_dev_r_us;

	s->maps[7].name = "hist_dev_w_us";
	s->maps[7].map = &obj->maps.hist_dev_w_us;

	s->maps[8].name = "hist_dev_r_us_mon";
	s->maps[8].map = &obj->maps.hist_dev_r_us_mon;

	s->maps[9].name = "hist_dev_w_us_mon";
	s->maps[9].map = &obj->maps.hist_dev_w_us_mon;

	s->maps[10].name = "inflight_cnt";
	s->maps[10].map = &obj->maps.inflight_cnt;

	s->maps[11].name = "lat_wait_r_sum";
	s->maps[11].map = &obj->maps.lat_wait_r_sum;

	s->maps[12].name = "lat_wait_w_sum";
	s->maps[12].map = &obj->maps.lat_wait_w_sum;

	s->maps[13].name = "lat_dev_r_sum";
	s->maps[13].map = &obj->maps.lat_dev_r_sum;

	s->maps[14].name = "lat_dev_w_sum";
	s->maps[14].map = &obj->maps.lat_dev_w_sum;

	s->maps[15].name = "prog_hits";
	s->maps[15].map = &obj->maps.prog_hits;

	/* programs */
	s->prog_cnt = 3;
	s->prog_skel_sz = sizeof(*s->progs);
	s->progs = (struct bpf_prog_skeleton *)calloc(s->prog_cnt, s->prog_skel_sz);
	if (!s->progs)
		goto err;

	s->progs[0].name = "tp_insert";
	s->progs[0].prog = &obj->progs.tp_insert;
	s->progs[0].link = &obj->links.tp_insert;

	s->progs[1].name = "tp_issue";
	s->progs[1].prog = &obj->progs.tp_issue;
	s->progs[1].link = &obj->links.tp_issue;

	s->progs[2].name = "tp_complete";
	s->progs[2].prog = &obj->progs.tp_complete;
	s->progs[2].link = &obj->links.tp_complete;

	s->data_sz = 69608;
	s->data = (void *)"\
\x7f\x45\x4c\x46\x02\x01\x01\0\0\0\0\0\0\0\0\0\x01\0\xf7\0\x01\0\0\0\0\0\0\0\0\
\0\0\0\0\0\0\0\0\0\0\0\xa8\x0b\x01\0\0\0\0\0\0\0\0\0\x40\0\0\0\0\0\x40\0\x11\0\
\x01\0\x79\x16\0\0\0\0\0\0\x15\x06\x74\0\0\0\0\0\xb7\x01\0\0\0\0\0\0\x63\x1a\
\xfc\xff\0\0\0\0\xbf\xa2\0\0\0\0\0\0\x07\x02\0\0\xfc\xff\xff\xff\x18\x01\0\0\0\
\0\0\0\0\0\0\0\0\0\0\0\x85\0\0\0\x01\0\0\0\xbf\x07\0\0\0\0\0\0\x55\x07\x01\0\0\
\0\0\0\x05\0\x6a\0\0\0\0\0\x61\x71\0\0\0\0\0\0\x55\x01\x01\0\0\0\0\0\x05\0\x31\
\0\0\0\0\0\xb7\x01\0\0\xa0\0\0\0\xbf\x63\0\0\0\0\0\0\x0f\x13\0\0\0\0\0\0\xbf\
\xa1\0\0\0\0\0\0\x07\x01\0\0\xd8\xff\xff\xff\xb7\x02\0\0\x08\0\0\0\x85\0\0\0\
\x71\0\0\0\x79\xa8\xd8\xff\0\0\0\0\x55\x08\x11\0\0\0\0\0\xb7\x01\0\0\0\0\0\0\
\xbf\x63\0\0\0\0\0\0\x0f\x13\0\0\0\0\0\0\xbf\xa1\0\0\0\0\0\0\x07\x01\0\0\xf0\
\xff\xff\xff\xb7\x02\0\0\x08\0\0\0\x85\0\0\0\x71\0\0\0\xb7\x01\0\0\x78\0\0\0\
\x79\xa3\xf0\xff\0\0\0\0\x0f\x13\0\0\0\0\0\0\xbf\xa1\0\0\0\0\0\0\x07\x01\0\0\
\xd8\xff\xff\xff\xb7\x02\0\0\x08\0\0\0\x85\0\0\0\x71\0\0\0\xb7\x01\0\0\0\0\0\0\
\x79\xa8\xd8\xff\0\0\0\0\x15\x08\x13\0\0\0\0\0\xb7\x01\0\0\0\0\0\0\xbf\x83\0\0\
\0\0\0\0\x0f\x13\0\0\0\0\0\0\xbf\xa1\0\0\0\0\0\0\x07\x01\0\0\xd8\xff\xff\xff\
\xb7\x02\0\0\x04\0\0\0\x85\0\0\0\x71\0\0\0\xb7\x01\0\0\x04\0\0\0\x0f\x18\0\0\0\
\0\0\0\x61\xa9\xd8\xff\0\0\0\0\xbf\xa1\0\0\0\0\0\0\x07\x01\0\0\xd8\xff\xff\xff\
\xb7\x02\0\0\x04\0\0\0\xbf\x83\0\0\0\0\0\0\x85\0\0\0\x71\0\0\0\x67\x09\0\0\x14\
\0\0\0\x61\xa1\xd8\xff\0\0\0\0\x57\x01\0\0\xff\xff\x0f\0\x4f\x91\0\0\0\0\0\0\
\x61\x72\0\0\0\0\0\0\x67\x01\0\0\x20\0\0\0\x77\x01\0\0\x20\0\0\0\x5d\x21\x36\0\
\0\0\0\0\xb7\x01\0\0\0\0\0\0\x63\x1a\xd8\xff\0\0\0\0\xbf\xa2\0\0\0\0\0\0\x07\
\x02\0\0\xd8\xff\xff\xff\x18\x01\0\0\0\0\0\0\0\0\0\0\0\0\0\0\x85\0\0\0\x01\0\0\
\0\x15\0\x03\0\0\0\0\0\x79\x01\0\0\0\0\0\0\x07\x01\0\0\x01\0\0\0\x7b\x10\0\0\0\
\0\0\0\x7b\x6a\xf0\xff\0\0\0\0\xbf\xa2\0\0\0\0\0\0\x07\x02\0\0\xf0\xff\xff\xff\
\x18\x01\0\0\0\0\0\0\0\0\0\0\0\0\0\0\x85\0\0\0\x01\0\0\0\x55\0\x24\0\0\0\0\0\
\xb7\x01\0\0\0\0\0\0\x7b\x1a\xe8\xff\0\0\0\0\x7b\x1a\xe0\xff\0\0\0\0\x7b\x1a\
\xd8\xff\0\0\0\0\xb7\x01\0\0\xb8\0\0\0\xbf\x63\0\0\0\0\0\0\x0f\x13\0\0\0\0\0\0\
\xbf\xa1\0\0\0\0\0\0\x07\x01\0\0\xd8\xff\xff\xff\xb7\x02\0\0\x08\0\0\0\x85\0\0\
\0\x71\0\0\0\xb7\x01\0\0\x18\0\0\0\x0f\x16\0\0\0\0\0\0\xbf\xa1\0\0\0\0\0\0\x07\
\x01\0\0\xfc\xff\xff\xff\xb7\x02\0\0\x04\0\0\0\xbf\x63\0\0\0\0\0\0\x85\0\0\0\
\x71\0\0\0\xb7\x01\0\0\x01\0\0\0\x61\xa2\xfc\xff\0\0\0\0\x57\x02\0\0\xff\0\0\0\
\x15\x02\x04\0\x01\0\0\0\x15\x02\x03\0\x07\0\0\0\xb7\x01\0\0\x01\0\0\0\x15\x02\
\x01\0\x09\0\0\0\xb7\x01\0\0\0\0\0\0\x57\x01\0\0\x01\0\0\0\x73\x1a\xe8\xff\0\0\
\0\0\xbf\xa2\0\0\0\0\0\0\x07\x02\0\0\xf0\xff\xff\xff\xbf\xa3\0\0\0\0\0\0\x07\
\x03\0\0\xd8\xff\xff\xff\x18\x01\0\0\0\0\0\0\0\0\0\0\0\0\0\0\xb7\x04\0\0\0\0\0\
\0\x85\0\0\0\x02\0\0\0\xb7\0\0\0\0\0\0\0\x95\0\0\0\0\0\0\0\x79\x16\0\0\0\0\0\0\
\x15\x06\x90\0\0\0\0\0\xb7\x01\0\0\0\0\0\0\x63\x1a\xfc\xff\0\0\0\0\xbf\xa2\0\0\
\0\0\0\0\x07\x02\0\0\xfc\xff\xff\xff\x18\x01\0\0\0\0\0\0\0\0\0\0\0\0\0\0\x85\0\
\0\0\x01\0\0\0\xbf\x07\0\0\0\0\0\0\x55\x07\x01\0\0\0\0\0\x05\0\x86\0\0\0\0\0\
\x61\x71\0\0\0\0\0\0\x55\x01\x01\0\0\0\0\0\x05\0\x31\0\0\0\0\0\xb7\x01\0\0\xa0\
\0\0\0\xbf\x63\0\0\0\0\0\0\x0f\x13\0\0\0\0\0\0\xbf\xa1\0\0\0\0\0\0\x07\x01\0\0\
\xd8\xff\xff\xff\xb7\x02\0\0\x08\0\0\0\x85\0\0\0\x71\0\0\0\x79\xa8\xd8\xff\0\0\
\0\0\x55\x08\x11\0\0\0\0\0\xb7\x01\0\0\0\0\0\0\xbf\x63\0\0\0\0\0\0\x0f\x13\0\0\
\0\0\0\0\xbf\xa1\0\0\0\0\0\0\x07\x01\0\0\xf0\xff\xff\xff\xb7\x02\0\0\x08\0\0\0\
\x85\0\0\0\x71\0\0\0\xb7\x01\0\0\x78\0\0\0\x79\xa3\xf0\xff\0\0\0\0\x0f\x13\0\0\
\0\0\0\0\xbf\xa1\0\0\0\0\0\0\x07\x01\0\0\xd8\xff\xff\xff\xb7\x02\0\0\x08\0\0\0\
\x85\0\0\0\x71\0\0\0\xb7\x01\0\0\0\0\0\0\x79\xa8\xd8\xff\0\0\0\0\x15\x08\x13\0\
\0\0\0\0\xb7\x01\0\0\0\0\0\0\xbf\x83\0\0\0\0\0\0\x0f\x13\0\0\0\0\0\0\xbf\xa1\0\
\0\0\0\0\0\x07\x01\0\0\xd8\xff\xff\xff\xb7\x02\0\0\x04\0\0\0\x85\0\0\0\x71\0\0\
\0\xb7\x01\0\0\x04\0\0\0\x0f\x18\0\0\0\0\0\0\x61\xa9\xd8\xff\0\0\0\0\xbf\xa1\0\
\0\0\0\0\0\x07\x01\0\0\xd8\xff\xff\xff\xb7\x02\0\0\x04\0\0\0\xbf\x83\0\0\0\0\0\
\0\x85\0\0\0\x71\0\0\0\x67\x09\0\0\x14\0\0\0\x61\xa1\xd8\xff\0\0\0\0\x57\x01\0\
\0\xff\xff\x0f\0\x4f\x91\0\0\0\0\0\0\x61\x72\0\0\0\0\0\0\x67\x01\0\0\x20\0\0\0\
\x77\x01\0\0\x20\0\0\0\x5d\x21\x52\0\0\0\0\0\xb7\x01\0\0\x01\0\0\0\x63\x1a\xd8\
\xff\0\0\0\0\xbf\xa2\0\0\0\0\0\0\x07\x02\0\0\xd8\xff\xff\xff\x18\x01\0\0\0\0\0\
\0\0\0\0\0\0\0\0\0\x85\0\0\0\x01\0\0\0\x15\0\x03\0\0\0\0\0\x79\x01\0\0\0\0\0\0\
\x07\x01\0\0\x01\0\0\0\x7b\x10\0\0\0\0\0\0\x7b\x6a\xf0\xff\0\0\0\0\x85\0\0\0\
\x05\0\0\0\xbf\x07\0\0\0\0\0\0\xb7\x01\0\0\xb8\0\0\0\xbf\x63\0\0\0\0\0\0\x0f\
\x13\0\0\0\0\0\0\xbf\xa1\0\0\0\0\0\0\x07\x01\0\0\xd8\xff\xff\xff\xb7\x02\0\0\
\x08\0\0\0\x85\0\0\0\x71\0\0\0\x79\xa8\xd8\xff\0\0\0\0\xbf\xa2\0\0\0\0\0\0\x07\
\x02\0\0\xf0\xff\xff\xff\x18\x01\0\0\0\0\0\0\0\0\0\0\0\0\0\0\x85\0\0\0\x01\0\0\
\0\x55\0\x28\0\0\0\0\0\xb7\x09\0\0\0\0\0\0\x63\x9a\xd8\xff\0\0\0\0\xbf\xa2\0\0\
\0\0\0\0\x07\x02\0\0\xd8\xff\xff\xff\x18\x01\0\0\0\0\0\0\0\0\0\0\0\0\0\0\x85\0\
\0\0\x01\0\0\0\x15\0\x03\0\0\0\0\0\x79\x01\0\0\0\0\0\0\x07\x01\0\0\x01\0\0\0\
\x7b\x10\0\0\0\0\0\0\x7b\x7a\xe0\xff\0\0\0\0\x7b\x8a\xd8\xff\0\0\0\0\x7b\x9a\
\xe8\xff\0\0\0\0\xb7\x01\0\0\x18\0\0\0\x0f\x16\0\0\0\0\0\0\xbf\xa1\0\0\0\0\0\0\
\x07\x01\0\0\xfc\xff\xff\xff\xb7\x02\0\0\x04\0\0\0\xbf\x63\0\0\0\0\0\0\x85\0\0\
\0\x71\0\0\0\xb7\x01\0\0\x01\0\0\0\x61\xa2\xfc\xff\0\0\0\0\x57\x02\0\0\xff\0\0\
\0\x15\x02\x04\0\x01\0\0\0\x15\x02\x03\0\x07\0\0\0\xb7\x01\0\0\x01\0\0\0\x15\
\x02\x01\0\x09\0\0\0\xb7\x01\0\0\0\0\0\0\x57\x01\0\0\x01\0\0\0\x73\x1a\xe8\xff\
\0\0\0\0\xbf\xa2\0\0\0\0\0\0\x07\x02\0\0\xf0\xff\xff\xff\xbf\xa3\0\0\0\0\0\0\
\x07\x03\0\0\xd8\xff\xff\xff\x18\x01\0\0\0\0\0\0\0\0\0\0\0\0\0\0\xb7\x04\0\0\0\
\0\0\0\x85\0\0\0\x02\0\0\0\x05\0\x04\0\0\0\0\0\x79\x01\x08\0\0\0\0\0\x55\x01\
\x01\0\0\0\0\0\x7b\x70\x08\0\0\0\0\0\x7b\x80\0\0\0\0\0\0\xb7\x01\0\0\0\0\0\0\
\x63\x1a\xd8\xff\0\0\0\0\xbf\xa2\0\0\0\0\0\0\x07\x02\0\0\xd8\xff\xff\xff\x18\
\x01\0\0\0\0\0\0\0\0\0\0\0\0\0\0\x85\0\0\0\x01\0\0\0\x15\0\x02\0\0\0\0\0\xb7\
\x01\0\0\x01\0\0\0\xdb\x10\0\0\0\0\0\0\xb7\0\0\0\0\0\0\0\x95\0\0\0\0\0\0\0\x79\
\x18\0\0\0\0\0\0\x15\x08\x56\x02\0\0\0\0\xb7\x01\0\0\0\0\0\0\x63\x1a\xec\xff\0\
\0\0\0\xbf\xa2\0\0\0\0\0\0\x07\x02\0\0\xec\xff\xff\xff\x18\x01\0\0\0\0\0\0\0\0\
\0\0\0\0\0\0\x85\0\0\0\x01\0\0\0\xbf\x06\0\0\0\0\0\0\x55\x06\x01\0\0\0\0\0\x05\
\0\x4c\x02\0\0\0\0\x61\x61\0\0\0\0\0\0\x55\x01\x01\0\0\0\0\0\x05\0\x31\0\0\0\0\
\0\xb7\x01\0\0\xa0\0\0\0\xbf\x83\0\0\0\0\0\0\x0f\x13\0\0\0\0\0\0\xbf\xa1\0\0\0\
\0\0\0\x07\x01\0\0\xf8\xff\xff\xff\xb7\x02\0\0\x08\0\0\0\x85\0\0\0\x71\0\0\0\
\x79\xa7\xf8\xff\0\0\0\0\x55\x07\x11\0\0\0\0\0\xb7\x01\0\0\0\0\0\0\xbf\x83\0\0\
\0\0\0\0\x0f\x13\0\0\0\0\0\0\xbf\xa1\0\0\0\0\0\0\x07\x01\0\0\xf0\xff\xff\xff\
\xb7\x02\0\0\x08\0\0\0\x85\0\0\0\x71\0\0\0\xb7\x01\0\0\x78\0\0\0\x79\xa3\xf0\
\xff\0\0\0\0\x0f\x13\0\0\0\0\0\0\xbf\xa1\0\0\0\0\0\0\x07\x01\0\0\xf8\xff\xff\
\xff\xb7\x02\0\0\x08\0\0\0\x85\0\0\0\x71\0\0\0\xb7\x01\0\0\0\0\0\0\x79\xa7\xf8\
\xff\0\0\0\0\x15\x07\x13\0\0\0\0\0\xb7\x01\0\0\0\0\0\0\xbf\x73\0\0\0\0\0\0\x0f\
\x13\0\0\0\0\0\0\xbf\xa1\0\0\0\0\0\0\x07\x01\0\0\xf8\xff\xff\xff\xb7\x02\0\0\
\x04\0\0\0\x85\0\0\0\x71\0\0\0\xb7\x01\0\0\x04\0\0\0\x0f\x17\0\0\0\0\0\0\x61\
\xa9\xf8\xff\0\0\0\0\xbf\xa1\0\0\0\0\0\0\x07\x01\0\0\xf8\xff\xff\xff\xb7\x02\0\
\0\x04\0\0\0\xbf\x73\0\0\0\0\0\0\x85\0\0\0\x71\0\0\0\x67\x09\0\0\x14\0\0\0\x61\
\xa1\xf8\xff\0\0\0\0\x57\x01\0\0\xff\xff\x0f\0\x4f\x91\0\0\0\0\0\0\x61\x62\0\0\
\0\0\0\0\x67\x01\0\0\x20\0\0\0\x77\x01\0\0\x20\0\0\0\x5d\x21\x18\x02\0\0\0\0\
\xb7\x01\0\0\x02\0\0\0\x63\x1a\xf8\xff\0\0\0\0\xbf\xa2\0\0\0\0\0\0\x07\x02\0\0\
\xf8\xff\xff\xff\x18\x01\0\0\0\0\0\0\0\0\0\0\0\0\0\0\x85\0\0\0\x01\0\0\0\x15\0\
\x03\0\0\0\0\0\x79\x01\0\0\0\0\0\0\x07\x01\0\0\x01\0\0\0\x7b\x10\0\0\0\0\0\0\
\x7b\x8a\xf8\xff\0\0\0\0\xbf\xa2\0\0\0\0\0\0\x07\x02\0\0\xf8\xff\xff\xff\x18\
\x01\0\0\0\0\0\0\0\0\0\0\0\0\0\0\x85\0\0\0\x01\0\0\0\xbf\x06\0\0\0\0\0\0\x55\
\x06\x0c\0\0\0\0\0\xb7\x01\0\0\x03\0\0\0\x63\x1a\xf0\xff\0\0\0\0\xbf\xa2\0\0\0\
\0\0\0\x07\x02\0\0\xf0\xff\xff\xff\x18\x01\0\0\0\0\0\0\0\0\0\0\0\0\0\0\x85\0\0\
\0\x01\0\0\0\x15\0\xfd\x01\0\0\0\0\x79\x01\0\0\0\0\0\0\x07\x01\0\0\x01\0\0\0\
\x7b\x10\0\0\0\0\0\0\x05\0\xf9\x01\0\0\0\0\x85\0\0\0\x05\0\0\0\xbf\x07\0\0\0\0\
\0\0\x79\x61\x08\0\0\0\0\0\x15\x01\x39\x01\0\0\0\0\x1f\x17\0\0\0\0\0\0\xbf\x78\
\0\0\0\0\0\0\x37\x08\0\0\xe8\x03\0\0\x71\x61\x10\0\0\0\0\0\x15\x01\x99\0\0\0\0\
\0\xb7\x02\0\0\0\0\0\0\xb7\x01\0\0\xe8\x03\0\0\x2d\x71\x3b\0\0\0\0\0\x18\x01\0\
\0\0\0\0\0\0\0\0\0\xe8\x03\0\0\xbf\x82\0\0\0\0\0\0\x2d\x71\x02\0\0\0\0\0\xbf\
\x82\0\0\0\0\0\0\x77\x02\0\0\x20\0\0\0\xb7\x03\0\0\x01\0\0\0\x18\x04\0\0\xff\
\xff\xff\xff\0\0\0\0\xe7\x03\0\0\xb7\x01\0\0\x01\0\0\0\x2d\x47\x01\0\0\0\0\0\
\xb7\x01\0\0\0\0\0\0\x67\x01\0\0\x05\0\0\0\xb7\x04\0\0\0\0\x01\0\x2d\x24\x01\0\
\0\0\0\0\x47\x01\0\0\x10\0\0\0\x2d\x24\x01\0\0\0\0\0\x77\x02\0\0\x10\0\0\0\xb7\
\x04\0\0\0\x01\0\0\x2d\x24\x01\0\0\0\0\0\x47\x01\0\0\x08\0\0\0\x2d\x24\x01\0\0\
\0\0\0\x77\x02\0\0\x08\0\0\0\xb7\x04\0\0\x10\0\0\0\x2d\x24\x01\0\0\0\0\0\x47\
\x01\0\0\x04\0\0\0\x2d\x24\x01\0\0\0\0\0\x77\x02\0\0\x04\0\0\0\xb7\x04\0\0\x04\
\0\0\0\x2d\x24\x01\0\0\0\0\0\x07\x01\0\0\x02\0\0\0\x2d\x24\x01\0\0\0\0\0\x77\
\x02\0\0\x02\0\0\0\x25\x02\x01\0\x01\0\0\0\xb7\x03\0\0\0\0\0\0\x0f\x31\0\0\0\0\
\0\0\x67\x01\0\0\x20\0\0\0\x77\x01\0\0\x20\0\0\0\xb7\x02\0\0\x3f\0\0\0\x2d\x12\
\x01\0\0\0\0\0\xb7\x01\0\0\x3f\0\0\0\xb7\x03\0\0\xff\xff\xff\xff\x6f\x13\0\0\0\
\0\0\0\x0f\x83\0\0\0\0\0\0\x67\x03\0\0\x03\0\0\0\x7f\x13\0\0\0\0\0\0\xbf\x34\0\
\0\0\0\0\0\x67\x04\0\0\x20\0\0\0\x77\x04\0\0\x20\0\0\0\xb7\x02\0\0\x07\0\0\0\
\x25\x04\x01\0\x07\0\0\0\xbf\x32\0\0\0\0\0\0\x67\x01\0\0\x03\0\0\0\x0f\x12\0\0\
\0\0\0\0\x67\x02\0\0\x20\0\0\0\x77\x02\0\0\x20\0\0\0\xb7\x01\0\0\xff\x01\0\0\
\x2d\x21\x01\0\0\0\0\0\xb7\x02\0\0\xff\x01\0\0\x63\x2a\xf0\xff\0\0\0\0\xbf\xa2\
\0\0\0\0\0\0\x07\x02\0\0\xf0\xff\xff\xff\x18\x01\0\0\0\0\0\0\0\0\0\0\0\0\0\0\
\x85\0\0\0\x01\0\0\0\x15\0\x03\0\0\0\0\0\x79\x01\0\0\0\0\0\0\x07\x01\0\0\x01\0\
\0\0\x7b\x10\0\0\0\0\0\0\xb7\x02\0\0\0\0\0\0\xb7\x01\0\0\xe8\x03\0\0\x2d\x71\
\x3b\0\0\0\0\0\x18\x01\0\0\0\0\0\0\0\0\0\0\xe8\x03\0\0\xbf\x82\0\0\0\0\0\0\x2d\
\x71\x02\0\0\0\0\0\xbf\x82\0\0\0\0\0\0\x77\x02\0\0\x20\0\0\0\xb7\x03\0\0\x01\0\
\0\0\x18\x04\0\0\xff\xff\xff\xff\0\0\0\0\xe7\x03\0\0\xb7\x01\0\0\x01\0\0\0\x2d\
\x47\x01\0\0\0\0\0\xb7\x01\0\0\0\0\0\0\x67\x01\0\0\x05\0\0\0\xb7\x04\0\0\0\0\
\x01\0\x2d\x24\x01\0\0\0\0\0\x47\x01\0\0\x10\0\0\0\x2d\x24\x01\0\0\0\0\0\x77\
\x02\0\0\x10\0\0\0\xb7\x04\0\0\0\x01\0\0\x2d\x24\x01\0\0\0\0\0\x47\x01\0\0\x08\
\0\0\0\x2d\x24\x01\0\0\0\0\0\x77\x02\0\0\x08\0\0\0\xb7\x04\0\0\x10\0\0\0\x2d\
\x24\x01\0\0\0\0\0\x47\x01\0\0\x04\0\0\0\x2d\x24\x01\0\0\0\0\0\x77\x02\0\0\x04\
\0\0\0\xb7\x04\0\0\x04\0\0\0\x2d\x24\x01\0\0\0\0\0\x07\x01\0\0\x02\0\0\0\x2d\
\x24\x01\0\0\0\0\0\x77\x02\0\0\x02\0\0\0\x25\x02\x01\0\x01\0\0\0\xb7\x03\0\0\0\
\0\0\0\x0f\x31\0\0\0\0\0\0\x67\x01\0\0\x20\0\0\0\x77\x01\0\0\x20\0\0\0\xb7\x02\
\0\0\x3f\0\0\0\x2d\x12\x01\0\0\0\0\0\xb7\x01\0\0\x3f\0\0\0\xb7\x03\0\0\xff\xff\
\xff\xff\x6f\x13\0\0\0\0\0\0\x0f\x83\0\0\0\0\0\0\x67\x03\0\0\x03\0\0\0\x7f\x13\
\0\0\0\0\0\0\xbf\x34\0\0\0\0\0\0\x67\x04\0\0\x20\0\0\0\x77\x04\0\0\x20\0\0\0\
\xb7\x02\0\0\x07\0\0\0\x25\x04\x01\0\x07\0\0\0\xbf\x32\0\0\0\0\0\0\x67\x01\0\0\
\x03\0\0\0\x0f\x12\0\0\0\0\0\0\x67\x02\0\0\x20\0\0\0\x77\x02\0\0\x20\0\0\0\xb7\
\x01\0\0\xff\x01\0\0\x2d\x21\x01\0\0\0\0\0\xb7\x02\0\0\xff\x01\0\0\x63\x2a\xf0\
\xff\0\0\0\0\xbf\xa2\0\0\0\0\0\0\x07\x02\0\0\xf0\xff\xff\xff\x18\x01\0\0\0\0\0\
\0\0\0\0\0\0\0\0\0\x85\0\0\0\x01\0\0\0\x15\0\x03\0\0\0\0\0\x79\x01\0\0\0\0\0\0\
\x07\x01\0\0\x01\0\0\0\x7b\x10\0\0\0\0\0\0\xb7\x01\0\0\0\0\0\0\x63\x1a\xf0\xff\
\0\0\0\0\xbf\xa2\0\0\0\0\0\0\x07\x02\0\0\xf0\xff\xff\xff\x18\x01\0\0\0\0\0\0\0\
\0\0\0\0\0\0\0\x85\0\0\0\x01\0\0\0\x15\0\x9c\0\0\0\0\0\x05\0\x98\0\0\0\0\0\xb7\
\x02\0\0\0\0\0\0\xb7\x01\0\0\xe8\x03\0\0\x2d\x71\x3b\0\0\0\0\0\x18\x01\0\0\0\0\
\0\0\0\0\0\0\xe8\x03\0\0\xbf\x82\0\0\0\0\0\0\x2d\x71\x02\0\0\0\0\0\xbf\x82\0\0\
\0\0\0\0\x77\x02\0\0\x20\0\0\0\xb7\x03\0\0\x01\0\0\0\x18\x04\0\0\xff\xff\xff\
\xff\0\0\0\0\xe7\x03\0\0\xb7\x01\0\0\x01\0\0\0\x2d\x47\x01\0\0\0\0\0\xb7\x01\0\
\0\0\0\0\0\x67\x01\0\0\x05\0\0\0\xb7\x04\0\0\0\0\x01\0\x2d\x24\x01\0\0\0\0\0\
\x47\x01\0\0\x10\0\0\0\x2d\x24\x01\0\0\0\0\0\x77\x02\0\0\x10\0\0\0\xb7\x04\0\0\
\0\x01\0\0\x2d\x24\x01\0\0\0\0\0\x47\x01\0\0\x08\0\0\0\x2d\x24\x01\0\0\0\0\0\
\x77\x02\0\0\x08\0\0\0\xb7\x04\0\0\x10\0\0\0\x2d\x24\x01\0\0\0\0\0\x47\x01\0\0\
\x04\0\0\0\x2d\x24\x01\0\0\0\0\0\x77\x02\0\0\x04\0\0\0\xb7\x04\0\0\x04\0\0\0\
\x2d\x24\x01\0\0\0\0\0\x07\x01\0\0\x02\0\0\0\x2d\x24\x01\0\0\0\0\0\x77\x02\0\0\
\x02\0\0\0\x25\x02\x01\0\x01\0\0\0\xb7\x03\0\0\0\0\0\0\x0f\x31\0\0\0\0\0\0\x67\
\x01\0\0\x20\0\0\0\x77\x01\0\0\x20\0\0\0\xb7\x02\0\0\x3f\0\0\0\x2d\x12\x01\0\0\
\0\0\0\xb7\x01\0\0\x3f\0\0\0\xb7\x03\0\0\xff\xff\xff\xff\x6f\x13\0\0\0\0\0\0\
\x0f\x83\0\0\0\0\0\0\x67\x03\0\0\x03\0\0\0\x7f\x13\0\0\0\0\0\0\xbf\x34\0\0\0\0\
\0\0\x67\x04\0\0\x20\0\0\0\x77\x04\0\0\x20\0\0\0\xb7\x02\0\0\x07\0\0\0\x25\x04\
\x01\0\x07\0\0\0\xbf\x32\0\0\0\0\0\0\x67\x01\0\0\x03\0\0\0\x0f\x12\0\0\0\0\0\0\
\x67\x02\0\0\x20\0\0\0\x77\x02\0\0\x20\0\0\0\xb7\x01\0\0\xff\x01\0\0\x2d\x21\
\x01\0\0\0\0\0\xb7\x02\0\0\xff\x01\0\0\x63\x2a\xf0\xff\0\0\0\0\xbf\xa2\0\0\0\0\
\0\0\x07\x02\0\0\xf0\xff\xff\xff\x18\x01\0\0\0\0\0\0\0\0\0\0\0\0\0\0\x85\0\0\0\
\x01\0\0\0\x15\0\x03\0\0\0\0\0\x79\x01\0\0\0\0\0\0\x07\x01\0\0\x01\0\0\0\x7b\
\x10\0\0\0\0\0\0\xb7\x02\0\0\0\0\0\0\xb7\x01\0\0\xe8\x03\0\0\x2d\x71\x3b\0\0\0\
\0\0\x18\x01\0\0\0\0\0\0\0\0\0\0\xe8\x03\0\0\xbf\x82\0\0\0\0\0\0\x2d\x71\x02\0\
\0\0\0\0\xbf\x82\0\0\0\0\0\0\x77\x02\0\0\x20\0\0\0\xb7\x03\0\0\x01\0\0\0\x18\
\x04\0\0\xff\xff\xff\xff\0\0\0\0\xe7\x03\0\0\xb7\x01\0\0\x01\0\0\0\x2d\x47\x01\
\0\0\0\0\0\xb7\x01\0\0\0\0\0\0\x67\x01\0\0\x05\0\0\0\xb7\x04\0\0\0\0\x01\0\x2d\
\x24\x01\0\0\0\0\0\x47\x01\0\0\x10\0\0\0\x2d\x24\x01\0\0\0\0\0\x77\x02\0\0\x10\
\0\0\0\xb7\x04\0\0\0\x01\0\0\x2d\x24\x01\0\0\0\0\0\x47\x01\0\0\x08\0\0\0\x2d\
\x24\x01\0\0\0\0\0\x77\x02\0\0\x08\0\0\0\xb7\x04\0\0\x10\0\0\0\x2d\x24\x01\0\0\
\0\0\0\x47\x01\0\0\x04\0\0\0\x2d\x24\x01\0\0\0\0\0\x77\x02\0\0\x04\0\0\0\xb7\
\x04\0\0\x04\0\0\0\x2d\x24\x01\0\0\0\0\0\x07\x01\0\0\x02\0\0\0\x2d\x24\x01\0\0\
\0\0\0\x77\x02\0\0\x02\0\0\0\x25\x02\x01\0\x01\0\0\0\xb7\x03\0\0\0\0\0\0\x0f\
\x31\0\0\0\0\0\0\x67\x01\0\0\x20\0\0\0\x77\x01\0\0\x20\0\0\0\xb7\x02\0\0\x3f\0\
\0\0\x2d\x12\x01\0\0\0\0\0\xb7\x01\0\0\x3f\0\0\0\xb7\x03\0\0\xff\xff\xff\xff\
\x6f\x13\0\0\0\0\0\0\x0f\x83\0\0\0\0\0\0\x67\x03\0\0\x03\0\0\0\x7f\x13\0\0\0\0\
\0\0\xbf\x34\0\0\0\0\0\0\x67\x04\0\0\x20\0\0\0\x77\x04\0\0\x20\0\0\0\xb7\x02\0\
\0\x07\0\0\0\x25\x04\x01\0\x07\0\0\0\xbf\x32\0\0\0\0\0\0\x67\x01\0\0\x03\0\0\0\
\x0f\x12\0\0\0\0\0\0\x67\x02\0\0\x20\0\0\0\x77\x02\0\0\x20\0\0\0\xb7\x01\0\0\
\xff\x01\0\0\x2d\x21\x01\0\0\0\0\0\xb7\x02\0\0\xff\x01\0\0\x63\x2a\xf0\xff\0\0\
\0\0\xbf\xa2\0\0\0\0\0\0\x07\x02\0\0\xf0\xff\xff\xff\x18\x01\0\0\0\0\0\0\0\0\0\
\0\0\0\0\0\x85\0\0\0\x01\0\0\0\x15\0\x03\0\0\0\0\0\x79\x01\0\0\0\0\0\0\x07\x01\
\0\0\x01\0\0\0\x7b\x10\0\0\0\0\0\0\xb7\x01\0\0\0\0\0\0\x63\x1a\xf0\xff\0\0\0\0\
\xbf\xa2\0\0\0\0\0\0\x07\x02\0\0\xf0\xff\xff\xff\x18\x01\0\0\0\0\0\0\0\0\0\0\0\
\0\0\0\x85\0\0\0\x01\0\0\0\x15\0\x03\0\0\0\0\0\x79\x01\0\0\0\0\0\0\x0f\x81\0\0\
\0\0\0\0\x7b\x10\0\0\0\0\0\0\x79\x61\0\0\0\0\0\0\x15\x01\xab\0\0\0\0\0\x79\x64\
\x08\0\0\0\0\0\x15\x04\xa9\0\0\0\0\0\x1f\x14\0\0\0\0\0\0\xbf\x47\0\0\0\0\0\0\
\x37\x07\0\0\xe8\x03\0\0\x71\x61\x10\0\0\0\0\0\x15\x01\x51\0\0\0\0\0\xb7\x02\0\
\0\0\0\0\0\xb7\x01\0\0\xe8\x03\0\0\x2d\x41\x3b\0\0\0\0\0\x18\x01\0\0\0\0\0\0\0\
\0\0\0\xe8\x03\0\0\xbf\x72\0\0\0\0\0\0\x2d\x41\x02\0\0\0\0\0\xbf\x72\0\0\0\0\0\
\0\x77\x02\0\0\x20\0\0\0\xb7\x03\0\0\x01\0\0\0\x18\x05\0\0\xff\xff\xff\xff\0\0\
\0\0\xe7\x03\0\0\xb7\x01\0\0\x01\0\0\0\x2d\x54\x01\0\0\0\0\0\xb7\x01\0\0\0\0\0\
\0\x67\x01\0\0\x05\0\0\0\xb7\x04\0\0\0\0\x01\0\x2d\x24\x01\0\0\0\0\0\x47\x01\0\
\0\x10\0\0\0\x2d\x24\x01\0\0\0\0\0\x77\x02\0\0\x10\0\0\0\xb7\x04\0\0\0\x01\0\0\
\x2d\x24\x01\0\0\0\0\0\x47\x01\0\0\x08\0\0\0\x2d\x24\x01\0\0\0\0\0\x77\x02\0\0\
\x08\0\0\0\xb7\x04\0\0\x10\0\0\0\x2d\x24\x01\0\0\0\0\0\x47\x01\0\0\x04\0\0\0\
\x2d\x24\x01\0\0\0\0\0\x77\x02\0\0\x04\0\0\0\xb7\x04\0\0\x04\0\0\0\x2d\x24\x01\
\0\0\0\0\0\x07\x01\0\0\x02\0\0\0\x2d\x24\x01\0\0\0\0\0\x77\x02\0\0\x02\0\0\0\
\x25\x02\x01\0\x01\0\0\0\xb7\x03\0\0\0\0\0\0\x0f\x31\0\0\0\0\0\0\x67\x01\0\0\
\x20\0\0\0\x77\x01\0\0\x20\0\0\0\xb7\x02\0\0\x3f\0\0\0\x2d\x12\x01\0\0\0\0\0\
\xb7\x01\0\0\x3f\0\0\0\xb7\x03\0\0\xff\xff\xff\xff\x6f\x13\0\0\0\0\0\0\x0f\x73\
\0\0\0\0\0\0\x67\x03\0\0\x03\0\0\0\x7f\x13\0\0\0\0\0\0\xbf\x34\0\0\0\0\0\0\x67\
\x04\0\0\x20\0\0\0\x77\x04\0\0\x20\0\0\0\xb7\x02\0\0\x07\0\0\0\x25\x04\x01\0\
\x07\0\0\0\xbf\x32\0\0\0\0\0\0\x67\x01\0\0\x03\0\0\0\x0f\x12\0\0\0\0\0\0\x67\
\x02\0\0\x20\0\0\0\x77\x02\0\0\x20\0\0\0\xb7\x01\0\0\xff\x01\0\0\x2d\x21\x01\0\
\0\0\0\0\xb7\x02\0\0\xff\x01\0\0\x63\x2a\xf0\xff\0\0\0\0\xbf\xa2\0\0\0\0\0\0\
\x07\x02\0\0\xf0\xff\xff\xff\x18\x01\0\0\0\0\0\0\0\0\0\0\0\0\0\0\x85\0\0\0\x01\
\0\0\0\x15\0\x03\0\0\0\0\0\x79\x01\0\0\0\0\0\0\x07\x01\0\0\x01\0\0\0\x7b\x10\0\
\0\0\0\0\0\xb7\x01\0\0\0\0\0\0\x63\x1a\xf0\xff\0\0\0\0\xbf\xa2\0\0\0\0\0\0\x07\
\x02\0\0\xf0\xff\xff\xff\x18\x01\0\0\0\0\0\0\0\0\0\0\0\0\0\0\x85\0\0\0\x01\0\0\
\0\x15\0\x54\0\0\0\0\0\x05\0\x50\0\0\0\0\0\xb7\x02\0\0\0\0\0\0\xb7\x01\0\0\xe8\
\x03\0\0\x2d\x41\x3b\0\0\0\0\0\x18\x01\0\0\0\0\0\0\0\0\0\0\xe8\x03\0\0\xbf\x72\
\0\0\0\0\0\0\x2d\x41\x02\0\0\0\0\0\xbf\x72\0\0\0\0\0\0\x77\x02\0\0\x20\0\0\0\
\xb7\x03\0\0\x01\0\0\0\x18\x05\0\0\xff\xff\xff\xff\0\0\0\0\xe7\x03\0\0\xb7\x01\
\0\0\x01\0\0\0\x2d\x54\x01\0\0\0\0\0\xb7\x01\0\0\0\0\0\0\x67\x01\0\0\x05\0\0\0\
\xb7\x04\0\0\0\0\x01\0\x2d\x24\x01\0\0\0\0\0\x47\x01\0\0\x10\0\0\0\x2d\x24\x01\
\0\0\0\0\0\x77\x02\0\0\x10\0\0\0\xb7\x04\0\0\0\x01\0\0\x2d\x24\x01\0\0\0\0\0\
\x47\x01\0\0\x08\0\0\0\x2d\x24\x01\0\0\0\0\0\x77\x02\0\0\x08\0\0\0\xb7\x04\0\0\
\x10\0\0\0\x2d\x24\x01\0\0\0\0\0\x47\x01\0\0\x04\0\0\0\x2d\x24\x01\0\0\0\0\0\
\x77\x02\0\0\x04\0\0\0\xb7\x04\0\0\x04\0\0\0\x2d\x24\x01\0\0\0\0\0\x07\x01\0\0\
\x02\0\0\0\x2d\x24\x01\0\0\0\0\0\x77\x02\0\0\x02\0\0\0\x25\x02\x01\0\x01\0\0\0\
\xb7\x03\0\0\0\0\0\0\x0f\x31\0\0\0\0\0\0\x67\x01\0\0\x20\0\0\0\x77\x01\0\0\x20\
\0\0\0\xb7\x02\0\0\x3f\0\0\0\x2d\x12\x01\0\0\0\0\0\xb7\x01\0\0\x3f\0\0\0\xb7\
\x03\0\0\xff\xff\xff\xff\x6f\x13\0\0\0\0\0\0\x0f\x73\0\0\0\0\0\0\x67\x03\0\0\
\x03\0\0\0\x7f\x13\0\0\0\0\0\0\xbf\x34\0\0\0\0\0\0\x67\x04\0\0\x20\0\0\0\x77\
\x04\0\0\x20\0\0\0\xb7\x02\0\0\x07\0\0\0\x25\x04\x01\0\x07\0\0\0\xbf\x32\0\0\0\
\0\0\0\x67\x01\0\0\x03\0\0\0\x0f\x12\0\0\0\0\0\0\x67\x02\0\0\x20\0\0\0\x77\x02\
\0\0\x20\0\0\0\xb7\x01\0\0\xff\x01\0\0\x2d\x21\x01\0\0\0\0\0\xb7\x02\0\0\xff\
\x01\0\0\x63\x2a\xf0\xff\0\0\0\0\xbf\xa2\0\0\0\0\0\0\x07\x02\0\0\xf0\xff\xff\
\xff\x18\x01\0\0\0\0\0\0\0\0\0\0\0\0\0\0\x85\0\0\0\x01\0\0\0\x15\0\x03\0\0\0\0\
\0\x79\x01\0\0\0\0\0\0\x07\x01\0\0\x01\0\0\0\x7b\x10\0\0\0\0\0\0\xb7\x01\0\0\0\
\0\0\0\x63\x1a\xf0\xff\0\0\0\0\xbf\xa2\0\0\0\0\0\0\x07\x02\0\0\xf0\xff\xff\xff\
\x18\x01\0\0\0\0\0\0\0\0\0\0\0\0\0\0\x85\0\0\0\x01\0\0\0\x15\0\x03\0\0\0\0\0\
\x79\x01\0\0\0\0\0\0\x0f\x71\0\0\0\0\0\0\x7b\x10\0\0\0\0\0\0\xb7\x01\0\0\0\0\0\
\0\x63\x1a\xf0\xff\0\0\0\0\xbf\xa2\0\0\0\0\0\0\x07\x02\0\0\xf0\xff\xff\xff\x18\
\x01\0\0\0\0\0\0\0\0\0\0\0\0\0\0\x85\0\0\0\x01\0\0\0\x15\0\x02\0\0\0\0\0\xb7\
\x01\0\0\xff\xff\xff\xff\xdb\x10\0\0\0\0\0\0\xbf\xa2\0\0\0\0\0\0\x07\x02\0\0\
\xf8\xff\xff\xff\x18\x01\0\0\0\0\0\0\0\0\0\0\0\0\0\0\x85\0\0\0\x03\0\0\0\xb7\0\
\0\0\0\0\0\0\x95\0\0\0\0\0\0\0\x44\x75\x61\x6c\x20\x42\x53\x44\x2f\x47\x50\x4c\
\0\0\0\0\0\0\0\0\0\0\0\0\0\0\0\0\0\0\0\0\0\0\0\0\0\0\0\0\0\0\0\0\0\0\0\0\0\0\0\
\0\0\0\0\0\0\0\0\0\0\0\0\0\0\0\0\0\0\0\0\0\0\0\0\0\0\0\0\0\0\0\0\0\0\0\0\0\0\0\
\0\0\0\0\0\0\0\0\0\0\0\0\0\0\0\0\0\0\0\0\0\0\0\0\0\0\0\0\0\0\0\0\0\0\0\0\0\0\0\
\0\0\0\0\0\0\0\0\0\0\0\0\0\0\0\0\0\0\0\0\0\0\0\0\0\0\0\0\0\0\0\0\0\0\0\0\0\0\0\
\0\0\0\0\0\0\0\0\0\0\0\0\0\0\0\0\0\0\0\0\0\0\0\0\0\0\0\0\0\0\0\0\0\0\0\0\0\0\0\
\0\0\0\0\0\0\0\0\0\0\0\0\0\0\0\0\0\0\0\0\0\0\0\0\0\0\0\0\0\0\0\0\0\0\0\0\0\0\0\
\0\0\0\0\0\0\0\0\0\0\0\0\0\0\0\0\0\0\0\0\0\0\0\0\0\0\0\0\0\0\0\0\0\0\0\0\0\0\0\
\0\0\0\0\0\0\0\0\0\0\0\0\0\0\0\0\0\0\0\0\0\0\0\0\0\0\0\0\0\0\0\0\0\0\0\0\0\0\0\
\0\0\0\0\0\0\0\0\0\0\0\0\0\0\0\0\0\0\0\0\0\0\0\0\0\0\0\0\0\0\0\0\0\0\0\0\0\0\0\
\0\0\0\0\0\0\0\0\0\0\0\0\0\0\0\0\0\0\0\0\0\0\0\0\0\0\0\0\0\0\0\0\0\0\0\0\0\0\0\
\0\0\0\0\0\0\0\0\0\0\0\0\0\0\0\0\0\0\0\0\0\0\0\0\0\0\0\0\0\0\0\0\0\0\0\0\0\0\0\
\0\0\0\0\0\0\0\0\0\0\0\0\0\0\0\0\0\0\0\0\0\0\0\0\0\0\0\0\0\0\0\0\0\0\0\0\0\0\0\
\0\0\0\0\0\0\0\0\0\0\0\0\0\0\0\0\0\0\0\0\0\0\0\0\0\0\0\0\0\0\0\0\0\0\0\0\0\0\0\
\0\0\0\0\0\0\0\0\0\x9f\xeb\x01\0\x18\0\0\0\0\0\0\0\x30\x64\0\0\x30\x64\0\0\x9a\
\x44\0\0\0\0\0\0\0\0\0\x02\x03\0\0\0\x01\0\0\0\0\0\0\x01\x04\0\0\0\x20\0\0\x01\
\0\0\0\0\0\0\0\x03\0\0\0\0\x02\0\0\0\x04\0\0\0\x02\0\0\0\x05\0\0\0\0\0\0\x01\
\x04\0\0\0\x20\0\0\0\0\0\0\0\0\0\0\x02\x06\0\0\0\0\0\0\0\0\0\0\x03\0\0\0\0\x02\
\0\0\0\x04\0\0\0\x01\0\0\0\0\0\0\0\0\0\0\x02\x08\0\0\0\x19\0\0\0\0\0\0\x08\x09\
\0\0\0\x1f\0\0\0\0\0\0\x01\x04\0\0\0\x20\0\0\0\0\0\0\0\0\0\0\x02\x0b\0\0\0\x2c\
\0\0\0\x01\0\0\x04\x04\0\0\0\x30\0\0\0\x08\0\0\0\0\0\0\0\0\0\0\0\x04\0\0\x04\
\x20\0\0\0\x3b\0\0\0\x01\0\0\0\0\0\0\0\x40\0\0\0\x05\0\0\0\x40\0\0\0\x4c\0\0\0\
\x07\0\0\0\x80\0\0\0\x50\0\0\0\x0a\0\0\0\xc0\0\0\0\x56\0\0\0\0\0\0\x0e\x0c\0\0\
\0\x01\0\0\0\0\0\0\0\0\0\0\x02\x0f\0\0\0\0\0\0\0\0\0\0\x03\0\0\0\0\x02\0\0\0\
\x04\0\0\0\x09\0\0\0\0\0\0\0\0\0\0\x02\x11\0\0\0\0\0\0\0\0\0\0\x03\0\0\0\0\x02\
\0\0\0\x04\0\0\0\0\0\x04\0\0\0\0\0\0\0\0\x02\x13\0\0\0\x5e\0\0\0\0\0\0\x08\x14\
\0\0\0\x64\0\0\0\0\0\0\x01\x08\0\0\0\x40\0\0\0\0\0\0\0\0\0\0\x02\x16\0\0\0\x77\
\0\0\0\x03\0\0\x04\x18\0\0\0\x7a\0\0\0\x13\0\0\0\0\0\0\0\x84\0\0\0\x13\0\0\0\
\x40\0\0\0\x8d\0\0\0\x17\0\0\0\x80\0\0\0\x96\0\0\0\0\0\0\x08\x18\0\0\0\x9b\0\0\
\0\0\0\0\x01\x01\0\0\0\x08\0\0\x04\0\0\0\0\x04\0\0\x04\x20\0\0\0\x3b\0\0\0\x0e\
\0\0\0\0\0\0\0\x40\0\0\0\x10\0\0\0\x40\0\0\0\x4c\0\0\0\x12\0\0\0\x80\0\0\0\x50\
\0\0\0\x15\0\0\0\xc0\0\0\0\xa1\0\0\0\0\0\0\x0e\x19\0\0\0\x01\0\0\0\0\0\0\0\0\0\
\0\x02\x1c\0\0\0\0\0\0\0\0\0\0\x03\0\0\0\0\x02\0\0\0\x04\0\0\0\x06\0\0\0\0\0\0\
\0\0\0\0\x02\x1e\0\0\0\0\0\0\0\0\0\0\x03\0\0\0\0\x02\0\0\0\x04\0\0\0\0\x02\0\0\
\0\0\0\0\x04\0\0\x04\x20\0\0\0\x3b\0\0\0\x1b\0\0\0\0\0\0\0\x40\0\0\0\x1d\0\0\0\
\x40\0\0\0\x4c\0\0\0\x07\0\0\0\x80\0\0\0\x50\0\0\0\x12\0\0\0\xc0\0\0\0\xaa\0\0\
\0\0\0\0\x0e\x1f\0\0\0\x01\0\0\0\xba\0\0\0\0\0\0\x0e\x1f\0\0\0\x01\0\0\0\xca\0\
\0\0\0\0\0\x0e\x1f\0\0\0\x01\0\0\0\xd9\0\0\0\0\0\0\x0e\x1f\0\0\0\x01\0\0\0\xe8\
\0\0\0\0\0\0\x0e\x1f\0\0\0\x01\0\0\0\xf6\0\0\0\0\0\0\x0e\x1f\0\0\0\x01\0\0\0\
\x04\x01\0\0\0\0\0\x0e\x1f\0\0\0\x01\0\0\0\x16\x01\0\0\0\0\0\x0e\x1f\0\0\0\x01\
\0\0\0\0\0\0\0\x04\0\0\x04\x20\0\0\0\x3b\0\0\0\x01\0\0\0\0\0\0\0\x40\0\0\0\x05\
\0\0\0\x40\0\0\0\x4c\0\0\0\x07\0\0\0\x80\0\0\0\x50\0\0\0\x12\0\0\0\xc0\0\0\0\
\x28\x01\0\0\0\0\0\x0e\x28\0\0\0\x01\0\0\0\0\0\0\0\x04\0\0\x04\x20\0\0\0\x3b\0\
\0\0\x1b\0\0\0\0\0\0\0\x40\0\0\0\x05\0\0\0\x40\0\0\0\x4c\0\0\0\x07\0\0\0\x80\0\
\0\0\x50\0\0\0\x12\0\0\0\xc0\0\0\0\x35\x01\0\0\0\0\0\x0e\x2a\0\0\0\x01\0\0\0\
\x44\x01\0\0\0\0\0\x0e\x2a\0\0\0\x01\0\0\0\x53\x01\0\0\0\0\0\x0e\x2a\0\0\0\x01\
\0\0\0\x61\x01\0\0\0\0\0\x0e\x2a\0\0\0\x01\0\0\0\0\0\0\0\0\0\0\x02\x30\0\0\0\0\
\0\0\0\0\0\0\x03\0\0\0\0\x02\0\0\0\x04\0\0\0\x04\0\0\0\0\0\0\0\x04\0\0\x04\x20\
\0\0\0\x3b\0\0\0\x1b\0\0\0\0\0\0\0\x40\0\0\0\x2f\0\0\0\x40\0\0\0\x4c\0\0\0\x07\
\0\0\0\x80\0\0\0\x50\0\0\0\x12\0\0\0\xc0\0\0\0\x6f\x01\0\0\0\0\0\x0e\x31\0\0\0\
\x01\0\0\0\0\0\0\0\0\0\0\x02\x14\0\0\0\0\0\0\0\x01\0\0\x0d\x02\0\0\0\x79\x01\0\
\0\x33\0\0\0\x7d\x01\0\0\x01\0\0\x0c\x34\0\0\0\xc8\x02\0\0\x23\0\0\x04\x28\x01\
\0\0\xd0\x02\0\0\x37\0\0\0\0\0\0\0\xd2\x02\0\0\x38\0\0\0\x40\0\0\0\xd9\x02\0\0\
\x39\0\0\0\x80\0\0\0\xe1\x02\0\0\x09\0\0\0\xc0\0\0\0\xeb\x02\0\0\x3a\0\0\0\xe0\
\0\0\0\xf4\x02\0\0\x02\0\0\0\0\x01\0\0\xf8\x02\0\0\x02\0\0\0\x20\x01\0\0\x05\
\x03\0\0\x09\0\0\0\x40\x01\0\0\x10\x03\0\0\x3b\0\0\0\x80\x01\0\0\x19\x03\0\0\
\x3d\0\0\0\xc0\x01\0\0\x1d\x03\0\0\x3d\0\0\0\0\x02\0\0\x25\x03\0\0\x56\0\0\0\
\x40\x02\0\0\0\0\0\0\x58\0\0\0\xc0\x02\0\0\0\0\0\0\x5e\0\0\0\x40\x03\0\0\0\0\0\
\0\x62\0\0\0\0\x04\0\0\x2f\x03\0\0\x6b\0\0\0\0\x05\0\0\x37\x03\0\0\x3f\0\0\0\
\x40\x05\0\0\x3c\x03\0\0\x3c\0\0\0\x80\x05\0\0\x4a\x03\0\0\x3c\0\0\0\xc0\x05\0\
\0\x58\x03\0\0\x3c\0\0\0\0\x06\0\0\x69\x03\0\0\x40\0\0\0\x40\x06\0\0\x73\x03\0\
\0\x40\0\0\0\x50\x06\0\0\x81\x03\0\0\x40\0\0\0\x60\x06\0\0\x92\x03\0\0\x40\0\0\
\0\x70\x06\0\0\xa8\x03\0\0\x4e\0\0\0\x80\x06\0\0\xb2\x03\0\0\x93\x02\0\0\xc0\
\x06\0\0\xc0\x03\0\0\x40\0\0\0\0\x07\0\0\xcb\x03\0\0\x40\0\0\0\x10\x07\0\0\xd2\
\x03\0\0\x94\x02\0\0\x20\x07\0\0\xd8\x03\0\0\x7d\0\0\0\x40\x07\0\0\xdc\x03\0\0\
\x09\0\0\0\x60\x07\0\0\xe4\x03\0\0\x60\0\0\0\x80\x07\0\0\0\0\0\0\x95\x02\0\0\
\xc0\x07\0\0\xed\x03\0\0\x67\0\0\0\xc0\x08\0\0\xf4\x03\0\0\x4b\0\0\0\0\x09\0\0\
\0\0\0\0\0\0\0\x02\xd6\0\0\0\0\0\0\0\0\0\0\x02\xde\0\0\0\0\0\0\0\0\0\0\x02\xe2\
\0\0\0\0\x04\0\0\0\0\0\x08\x08\0\0\0\x0c\x04\0\0\0\0\0\x08\x3c\0\0\0\x15\x04\0\
\0\0\0\0\x08\x13\0\0\0\0\0\0\0\0\0\0\x02\x3e\0\0\0\x19\x03\0\0\x16\0\0\x04\x88\
\0\0\0\x19\x04\0\0\x3d\0\0\0\0\0\0\0\x21\x04\0\0\x3f\0\0\0\x40\0\0\0\x29\x04\0\
\0\x09\0\0\0\x80\0\0\0\x30\x04\0\0\x40\0\0\0\xa0\0\0\0\x39\x04\0\0\x40\0\0\0\
\xb0\0\0\0\x43\x04\0\0\x40\0\0\0\xc0\0\0\0\x51\x04\0\0\x41\0\0\0\xd0\0\0\0\x5b\
\x04\0\0\x45\0\0\0\xe0\0\0\0\x6a\x04\0\0\x47\0\0\0\0\x01\0\0\x72\x04\0\0\x48\0\
\0\0\xc0\x01\0\0\x7c\x04\0\0\x4b\0\0\0\0\x02\0\0\x87\x04\0\0\x4c\0\0\0\x40\x02\
\0\0\x8f\x04\0\0\x4d\0\0\0\x80\x02\0\0\x98\x04\0\0\x3c\0\0\0\xc0\x02\0\0\xa7\
\x04\0\0\x4e\0\0\0\0\x03\0\0\0\0\0\0\x4f\0\0\0\x40\x03\0\0\xb8\x04\0\0\x40\0\0\
\0\x80\x03\0\0\xc0\x04\0\0\x40\0\0\0\x90\x03\0\0\xcc\x04\0\0\x45\0\0\0\xa0\x03\
\0\0\xd5\x04\0\0\x51\0\0\0\xc0\x03\0\0\xdf\x04\0\0\x52\0\0\0\0\x04\0\0\xe7\x04\
\0\0\x55\0\0\0\x40\x04\0\0\0\0\0\0\0\0\0\x02\x6c\0\0\0\xf6\x04\0\0\0\0\0\x01\
\x02\0\0\0\x10\0\0\0\x05\x05\0\0\0\0\0\x08\x42\0\0\0\x12\x05\0\0\0\0\0\x08\x43\
\0\0\0\x15\x05\0\0\0\0\0\x08\x44\0\0\0\x1a\x05\0\0\0\0\0\x01\x01\0\0\0\x08\0\0\
\0\x28\x05\0\0\0\0\0\x08\x46\0\0\0\0\0\0\0\x01\0\0\x04\x04\0\0\0\x31\x05\0\0\
\x02\0\0\0\0\0\0\0\x39\x05\0\0\x04\0\0\x04\x18\0\0\0\x43\x05\0\0\x3b\0\0\0\0\0\
\0\0\x4d\x05\0\0\x09\0\0\0\x40\0\0\0\x55\x05\0\0\x09\0\0\0\x60\0\0\0\x5c\x05\0\
\0\x09\0\0\0\x80\0\0\0\0\0\0\0\0\0\0\x02\x49\0\0\0\x69\x05\0\0\0\0\0\x08\x4a\0\
\0\0\0\0\0\0\x01\0\0\x0d\0\0\0\0\0\0\0\0\x3d\0\0\0\0\0\0\0\0\0\0\x02\0\0\0\0\0\
\0\0\0\0\0\0\x02\x5b\x02\0\0\x76\x05\0\0\x01\0\0\x04\x08\0\0\0\x50\0\0\0\x3c\0\
\0\0\0\0\0\0\0\0\0\0\0\0\0\x02\x8f\x02\0\0\0\0\0\0\x01\0\0\x05\x08\0\0\0\x80\
\x05\0\0\x50\0\0\0\0\0\0\0\0\0\0\0\0\0\0\x02\xd9\x02\0\0\0\0\0\0\0\0\0\x02\x53\
\0\0\0\0\0\0\0\0\0\0\x02\x6f\x02\0\0\x8d\x05\0\0\x03\0\0\x04\x10\0\0\0\x95\x05\
\0\0\x54\0\0\0\0\0\0\0\x9d\x05\0\0\x09\0\0\0\x40\0\0\0\xa4\x05\0\0\x09\0\0\0\
\x60\0\0\0\0\0\0\0\0\0\0\x02\xa7\x02\0\0\0\0\0\0\0\0\0\x03\0\0\0\0\x53\0\0\0\
\x04\0\0\0\0\0\0\0\xae\x05\0\0\x02\0\0\x04\x10\0\0\0\xb8\x05\0\0\x57\0\0\0\0\0\
\0\0\xbd\x05\0\0\x57\0\0\0\x40\0\0\0\0\0\0\0\0\0\0\x02\x56\0\0\0\0\0\0\0\x02\0\
\0\x05\x10\0\0\0\xc2\x05\0\0\x59\0\0\0\0\0\0\0\xc7\x05\0\0\x5c\0\0\0\0\0\0\0\
\xd0\x05\0\0\x02\0\0\x04\x10\0\0\0\xb8\x05\0\0\x5a\0\0\0\0\0\0\0\xdb\x05\0\0\
\x5b\0\0\0\x40\0\0\0\0\0\0\0\0\0\0\x02\x59\0\0\0\0\0\0\0\0\0\0\x02\x5a\0\0\0\
\xe1\x05\0\0\x01\0\0\x04\x08\0\0\0\xb8\x05\0\0\x5d\0\0\0\0\0\0\0\0\0\0\0\0\0\0\
\x02\x5c\0\0\0\0\0\0\0\x04\0\0\x05\x18\0\0\0\xec\x05\0\0\x5f\0\0\0\0\0\0\0\xf4\
\x05\0\0\x53\0\0\0\0\0\0\0\0\x06\0\0\x4b\0\0\0\0\0\0\0\x10\x06\0\0\x02\0\0\0\0\
\0\0\0\xec\x05\0\0\x03\0\0\x04\x18\0\0\0\x1c\x06\0\0\x60\0\0\0\0\0\0\0\x2e\x06\
\0\0\x61\0\0\0\x40\0\0\0\x37\x06\0\0\x61\0\0\0\x80\0\0\0\x3f\x06\0\0\0\0\0\x01\
\x08\0\0\0\x40\0\0\0\0\0\0\0\0\0\0\x02\x5f\0\0\0\0\0\0\0\x02\0\0\x05\x20\0\0\0\
\x4d\x06\0\0\x63\0\0\0\0\0\0\0\x51\x06\0\0\x66\0\0\0\0\0\0\0\0\0\0\0\x02\0\0\
\x04\x18\0\0\0\x57\x06\0\0\x64\0\0\0\0\0\0\0\x5b\x06\0\0\x65\0\0\0\x40\0\0\0\0\
\0\0\0\0\0\0\x02\xcd\x02\0\0\0\0\0\0\0\0\0\x03\0\0\0\0\x4b\0\0\0\x04\0\0\0\x02\
\0\0\0\0\0\0\0\x03\0\0\x04\x20\0\0\0\x60\x06\0\0\x09\0\0\0\0\0\0\0\x64\x06\0\0\
\x56\0\0\0\x40\0\0\0\x69\x06\0\0\x67\0\0\0\xc0\0\0\0\0\0\0\0\0\0\0\x02\x68\0\0\
\0\x76\x06\0\0\0\0\0\x08\x69\0\0\0\0\0\0\0\x02\0\0\x0d\0\0\0\0\0\0\0\0\x6a\0\0\
\0\0\0\0\0\x41\0\0\0\0\0\0\0\0\0\0\x02\x36\0\0\0\0\0\0\0\0\0\0\x02\xd0\0\0\0\
\x83\x06\0\0\x15\0\0\x04\x88\x03\0\0\x90\x06\0\0\x3b\0\0\0\0\0\0\0\x9e\x06\0\0\
\x6d\0\0\0\x40\0\0\0\xa7\x06\0\0\x60\0\0\0\x80\0\0\0\xb0\x06\0\0\x17\0\0\0\xc0\
\0\0\0\xbd\x06\0\0\x6e\0\0\0\xe0\0\0\0\xc4\x06\0\0\x02\0\0\0\0\x01\0\0\xcf\x06\
\0\0\x71\0\0\0\x40\x01\0\0\xd8\x06\0\0\x72\0\0\0\x80\x01\0\0\xe1\x06\0\0\x4b\0\
\0\0\xc0\x01\0\0\xed\x06\0\0\x73\0\0\0\0\x02\0\0\xf7\x06\0\0\x4b\0\0\0\x40\x19\
\0\0\x01\x07\0\0\x02\0\0\0\x80\x19\0\0\x0c\x07\0\0\x17\0\0\0\xa0\x19\0\0\x1c\
\x07\0\0\x78\0\0\0\xc0\x19\0\0\x2a\x07\0\0\x42\0\0\0\0\x1a\0\0\x34\x07\0\0\x9b\
\0\0\0\x20\x1a\0\0\x41\x07\0\0\x6b\0\0\0\x40\x1a\0\0\x49\x07\0\0\x02\0\0\0\x80\
\x1a\0\0\x5b\x07\0\0\x85\0\0\0\xc0\x1a\0\0\x6d\x07\0\0\x72\0\0\0\xc0\x1b\0\0\
\x7c\x07\0\0\x8e\x02\0\0\0\x1c\0\0\0\0\0\0\0\0\0\x02\xd0\x02\0\0\x89\x07\0\0\0\
\0\0\x08\x6f\0\0\0\x8f\x07\0\0\0\0\0\x08\x70\0\0\0\x9e\x07\0\0\0\0\0\x08\x08\0\
\0\0\0\0\0\0\0\0\0\x02\x0c\x01\0\0\0\0\0\0\0\0\0\x02\x22\x01\0\0\xa2\x07\0\0\
\x2d\0\0\x84\xe8\x02\0\0\xa9\x07\0\0\x74\0\0\0\0\0\0\0\xae\x07\0\0\x7f\0\0\0\0\
\x02\0\0\xb5\x07\0\0\x80\0\0\0\x40\x02\0\0\xb7\x07\0\0\x75\0\0\0\x80\x02\0\0\
\x3b\0\0\0\x81\0\0\0\xc0\x02\0\0\xc1\x07\0\0\x83\0\0\0\0\x03\0\0\xc5\x07\0\0\
\x84\0\0\0\x40\x03\0\0\xcc\x07\0\0\x4b\0\0\0\x80\x03\0\0\xda\x07\0\0\x4b\0\0\0\
\xc0\x03\0\0\xe6\x07\0\0\x85\0\0\0\0\x04\0\0\xec\x07\0\0\x96\0\0\0\0\x05\0\0\
\xf2\x07\0\0\x98\0\0\0\xc0\x06\0\0\xf8\x07\0\0\xb9\0\0\0\x40\x10\0\0\x02\x08\0\
\0\xba\0\0\0\x80\x10\0\0\x08\x08\0\0\xbb\0\0\0\xc0\x10\0\0\x13\x08\0\0\xbc\0\0\
\0\0\x11\0\0\x18\x08\0\0\x8c\0\0\0\x40\x11\0\0\x21\x08\0\0\x56\0\0\0\x80\x11\0\
\0\x2a\x08\0\0\xbd\0\0\0\0\x12\0\0\x32\x08\0\0\xbf\0\0\0\x40\x12\0\0\x3b\x08\0\
\0\x3c\0\0\0\x80\x12\0\0\x4d\x08\0\0\x3c\0\0\0\xc0\x12\0\0\x5b\x08\0\0\xc0\0\0\
\0\0\x13\0\0\x69\x08\0\0\xc2\0\0\0\x40\x13\0\0\x73\x08\0\0\x56\0\0\0\x80\x13\0\
\0\x7d\x08\0\0\xc3\0\0\0\0\x14\0\0\x8c\x08\0\0\xc4\0\0\0\x40\x14\0\0\x95\x08\0\
\0\xc5\0\0\0\x40\x14\0\0\x9d\x08\0\0\xc6\0\0\0\x80\x14\0\0\xa4\x08\0\0\x02\0\0\
\0\xc0\x14\0\0\xae\x08\0\0\x6e\0\0\0\xe0\x14\0\0\xb3\x08\0\0\x70\0\0\0\0\x15\0\
\0\xb6\x08\0\0\x9b\0\0\0\x20\x15\0\0\xc2\x08\0\0\x56\0\0\0\x40\x15\0\0\xce\x08\
\0\0\xc7\0\0\0\xc0\x15\0\0\xd4\x08\0\0\xc8\0\0\0\0\x16\0\0\xdb\x08\0\0\xcb\0\0\
\0\x40\x16\0\0\xe3\x08\0\0\xcd\0\0\0\x80\x16\0\0\xef\x08\0\0\xce\0\0\0\xc0\x16\
\0\0\xf5\x08\0\0\xcf\0\0\0\0\x17\0\0\xff\x08\0\0\x17\0\0\0\x20\x17\0\x01\x10\
\x09\0\0\x17\0\0\0\x21\x17\0\x01\x18\x09\0\0\x17\0\0\0\x22\x17\0\x01\x27\x09\0\
\0\x17\0\0\0\x23\x17\0\x01\x34\x09\0\0\x17\0\0\0\x24\x17\0\x01\x3e\x09\0\0\x0c\
\0\0\x84\x40\0\0\0\x46\x09\0\0\x75\0\0\0\0\0\0\0\x4b\x09\0\0\x56\0\0\0\x40\0\0\
\0\xae\x07\0\0\x78\0\0\0\xc0\0\0\0\x51\x09\0\0\x79\0\0\0\0\x01\0\0\x56\x09\0\0\
\x7a\0\0\0\x40\x01\0\0\x5c\x09\0\0\x7b\0\0\0\x80\x01\0\0\x5f\x09\0\0\x7c\0\0\0\
\xc0\x01\0\0\x64\x09\0\0\x09\0\0\0\xe0\x01\0\x01\x76\x09\0\0\x09\0\0\0\xe1\x01\
\0\x01\x85\x09\0\0\x09\0\0\0\xe2\x01\0\x01\x9b\x09\0\0\x09\0\0\0\xe3\x01\0\x01\
\xb4\x09\0\0\x09\0\0\0\xe4\x01\0\x01\0\0\0\0\0\0\0\x02\x76\0\0\0\0\0\0\0\0\0\0\
\x0a\x77\0\0\0\xc4\x09\0\0\0\0\0\x01\x01\0\0\0\x08\0\0\x01\0\0\0\0\0\0\0\x02\
\x74\0\0\0\0\0\0\0\0\0\0\x02\xad\x02\0\0\0\0\0\0\0\0\0\x02\xae\x02\0\0\0\0\0\0\
\0\0\0\x02\xb7\x02\0\0\x5f\x09\0\0\x01\0\0\x04\x04\0\0\0\xc9\x09\0\0\x7d\0\0\0\
\0\0\0\0\xd2\x09\0\0\0\0\0\x08\x7e\0\0\0\xdd\x09\0\0\x01\0\0\x04\x04\0\0\0\xed\
\x09\0\0\x45\0\0\0\0\0\0\0\0\0\0\0\0\0\0\x02\x73\0\0\0\0\0\0\0\0\0\0\x02\xbf\
\x02\0\0\0\0\0\0\0\0\0\x02\x82\0\0\0\0\0\0\0\0\0\0\x0a\xea\x02\0\0\0\0\0\0\0\0\
\0\x02\xc1\x02\0\0\0\0\0\0\0\0\0\x02\xc0\x02\0\0\xe6\x07\0\0\x04\0\0\x04\x20\0\
\0\0\xf2\x09\0\0\x86\0\0\0\0\0\0\0\xf8\x09\0\0\x8c\0\0\0\x40\0\0\0\x02\x0a\0\0\
\x95\0\0\0\x60\0\0\0\x06\x0a\0\0\x56\0\0\0\x80\0\0\0\x10\x0a\0\0\0\0\0\x08\x87\
\0\0\0\x1e\x0a\0\0\0\0\0\x08\x88\0\0\0\0\0\0\0\x01\0\0\x04\x08\0\0\0\x31\x05\0\
\0\x89\0\0\0\0\0\0\0\x29\x0a\0\0\0\0\0\x08\x8a\0\0\0\x2d\x0a\0\0\0\0\0\x08\x8b\
\0\0\0\x33\x0a\0\0\0\0\0\x01\x08\0\0\0\x40\0\0\x01\x3d\x0a\0\0\0\0\0\x08\x8d\0\
\0\0\x4c\x0a\0\0\x01\0\0\x04\x04\0\0\0\x59\x0a\0\0\x8e\0\0\0\0\0\0\0\x62\x0a\0\
\0\0\0\0\x08\x8f\0\0\0\x72\x0a\0\0\x01\0\0\x04\x04\0\0\0\0\0\0\0\x90\0\0\0\0\0\
\0\0\0\0\0\0\x03\0\0\x05\x04\0\0\0\x7c\x0a\0\0\x45\0\0\0\0\0\0\0\0\0\0\0\x91\0\
\0\0\0\0\0\0\0\0\0\0\x92\0\0\0\0\0\0\0\0\0\0\0\x02\0\0\x04\x02\0\0\0\x80\x0a\0\
\0\x42\0\0\0\0\0\0\0\x87\x0a\0\0\x42\0\0\0\x08\0\0\0\0\0\0\0\x02\0\0\x04\x04\0\
\0\0\x8f\x0a\0\0\x93\0\0\0\0\0\0\0\x9e\x0a\0\0\x93\0\0\0\x10\0\0\0\xa3\x0a\0\0\
\0\0\0\x08\x94\0\0\0\xa7\x0a\0\0\0\0\0\x08\x40\0\0\0\xad\x0a\0\0\x01\0\0\x04\
\x04\0\0\0\x9e\x0a\0\0\x45\0\0\0\0\0\0\0\xc3\x0a\0\0\x04\0\0\x04\x38\0\0\0\xd2\
\x0a\0\0\x56\0\0\0\0\0\0\0\xdc\x0a\0\0\x56\0\0\0\x80\0\0\0\xe6\x0a\0\0\x56\0\0\
\0\0\x01\0\0\xf1\x0a\0\0\x97\0\0\0\x80\x01\0\0\xf8\x0a\0\0\x04\0\0\x06\x04\0\0\
\0\x05\x0b\0\0\0\0\0\0\x16\x0b\0\0\x01\0\0\0\x25\x0b\0\0\x02\0\0\0\x39\x0b\0\0\
\x03\0\0\0\x4a\x0b\0\0\x34\0\0\x84\x30\x01\0\0\x56\x0b\0\0\x99\0\0\0\0\0\0\0\
\x62\x0b\0\0\x09\0\0\0\x20\0\0\x01\x6d\x0b\0\0\x09\0\0\0\x21\0\0\x01\x7b\x0b\0\
\0\x17\0\0\0\x22\0\0\x01\x87\x0b\0\0\x17\0\0\0\x23\0\0\x01\x93\x0b\0\0\x17\0\0\
\0\x24\0\0\x01\xa0\x0b\0\0\x17\0\0\0\x25\0\0\x01\xb3\x0b\0\0\x17\0\0\0\x26\0\0\
\x01\xc5\x0b\0\0\x17\0\0\0\x27\0\0\x01\xcb\x0b\0\0\x17\0\0\0\x28\0\0\x01\xd6\
\x0b\0\0\x17\0\0\0\x29\0\0\x01\xe6\x0b\0\0\x70\0\0\0\x40\0\0\0\xf3\x0b\0\0\x9b\
\0\0\0\x60\0\0\0\x4b\x09\0\0\x56\0\0\0\x80\0\0\0\xf8\x0b\0\0\x9e\0\0\0\0\x01\0\
\0\x03\x0c\0\0\xa0\0\0\0\0\x02\0\0\x0a\x0c\0\0\x17\0\0\0\x40\x02\0\x01\x16\x0c\
\0\0\x17\0\0\0\x41\x02\0\x01\x1e\x0c\0\0\x17\0\0\0\x42\x02\0\x01\x2e\x0c\0\0\
\x09\0\0\0\x43\x02\0\x01\x3a\x0c\0\0\x09\0\0\0\x44\x02\0\x01\x4a\x0c\0\0\xa1\0\
\0\0\x80\x02\0\0\x58\x0c\0\0\x3c\0\0\0\x80\x04\0\0\x66\x0c\0\0\xa9\0\0\0\xc0\
\x04\0\0\x6b\x0c\0\0\xae\0\0\0\xc0\x05\0\0\x76\x0c\0\0\xb0\0\0\0\x80\x06\0\0\
\x7e\x0c\0\0\x45\0\0\0\xc0\x06\0\0\x8a\x0c\0\0\x45\0\0\0\xe0\x06\0\0\x96\x0c\0\
\0\x09\0\0\0\0\x07\0\x03\xa4\x0c\0\0\x09\0\0\0\x03\x07\0\x01\xb6\x0c\0\0\x09\0\
\0\0\x04\x07\0\x01\xc6\x0c\0\0\x09\0\0\0\x05\x07\0\x01\xd6\x0c\0\0\x09\0\0\0\
\x06\x07\0\x01\xe9\x0c\0\0\x09\0\0\0\x07\x07\0\x01\xf6\x0c\0\0\x17\0\0\0\x08\
\x07\0\x01\x06\x0d\0\0\x09\0\0\0\x09\x07\0\x01\x13\x0d\0\0\x09\0\0\0\x0a\x07\0\
\x01\x1c\x0d\0\0\x09\0\0\0\x0b\x07\0\x01\x2c\x0d\0\0\x09\0\0\0\x0c\x07\0\x01\
\x3f\x0d\0\0\x09\0\0\0\x0d\x07\0\x01\x4d\x0d\0\0\x09\0\0\0\x20\x07\0\0\xc8\x02\
\0\0\xb1\0\0\0\x40\x07\0\0\x59\x0d\0\0\xb2\0\0\0\x60\x07\0\0\x68\x0d\0\0\x02\0\
\0\0\x80\x07\0\0\x76\x0d\0\0\x02\0\0\0\xa0\x07\0\0\x88\x0d\0\0\x3c\0\0\0\xc0\
\x07\0\0\x92\x0d\0\0\x3c\0\0\0\0\x08\0\0\x9e\x0d\0\0\x3c\0\0\0\x40\x08\0\0\xad\
\x0d\0\0\x3c\0\0\0\x80\x08\0\0\xc2\x0d\0\0\xb3\0\0\0\xc0\x08\0\0\xce\x0d\0\0\
\xb4\0\0\0\0\x09\0\0\xe4\x0d\0\0\xb8\0\0\0\x40\x09\0\0\xe8\x0d\0\0\0\0\0\x08\
\x9a\0\0\0\xf5\x0d\0\0\x01\0\0\x04\x04\0\0\0\0\x0e\0\0\x02\0\0\0\0\0\0\0\x06\
\x0e\0\0\0\0\0\x08\x9c\0\0\0\x11\x0e\0\0\x01\0\0\x04\x04\0\0\0\0\0\0\0\x9d\0\0\
\0\0\0\0\0\0\0\0\0\x01\0\0\x05\x04\0\0\0\x1a\x0e\0\0\x8d\0\0\0\0\0\0\0\xf8\x0b\
\0\0\x02\0\0\x04\x20\0\0\0\x20\x0e\0\0\x09\0\0\0\0\0\0\0\x25\x0e\0\0\x9f\0\0\0\
\x40\0\0\0\x2a\x0e\0\0\x02\0\0\x04\x18\0\0\0\xf3\x0b\0\0\x8c\0\0\0\0\0\0\0\x3b\
\x0e\0\0\x56\0\0\0\x40\0\0\0\0\0\0\0\0\0\0\x02\xeb\x02\0\0\x45\x0e\0\0\x08\0\0\
\x04\x40\0\0\0\x4d\x0e\0\0\xa2\0\0\0\0\0\0\0\x52\x0e\0\0\xa3\0\0\0\0\x01\0\0\
\x5f\x0e\0\0\xa4\0\0\0\x40\x01\0\0\x68\x0e\0\0\xa8\0\0\0\x80\x01\0\0\xd2\x03\0\
\0\x42\0\0\0\xc0\x01\0\0\x6d\x0e\0\0\x42\0\0\0\xc8\x01\0\0\x74\x0e\0\0\x42\0\0\
\0\xd0\x01\0\0\x7c\x0e\0\0\x42\0\0\0\xd8\x01\0\0\x84\x0e\0\0\x02\0\0\x04\x20\0\
\0\0\x4d\x0e\0\0\x5f\0\0\0\0\0\0\0\x94\x0e\0\0\xa3\0\0\0\xc0\0\0\0\x9c\x0e\0\0\
\0\0\0\x08\x89\0\0\0\0\0\0\0\0\0\0\x02\xa5\0\0\0\0\0\0\0\x01\0\0\x0d\xa6\0\0\0\
\0\0\0\0\xa7\0\0\0\xa4\x0e\0\0\x02\0\0\x06\x04\0\0\0\xb4\x0e\0\0\0\0\0\0\xc6\
\x0e\0\0\x01\0\0\0\0\0\0\0\0\0\0\x02\xa1\0\0\0\0\0\0\0\0\0\0\x02\xc9\x02\0\0\
\xd6\x0e\0\0\x03\0\0\x04\x20\0\0\0\xe2\x0e\0\0\x86\0\0\0\0\0\0\0\x4b\x09\0\0\
\x56\0\0\0\x40\0\0\0\xe7\x0e\0\0\xaa\0\0\0\xc0\0\0\0\xec\x0e\0\0\0\0\0\x08\xab\
\0\0\0\0\0\0\0\0\0\0\x02\xac\0\0\0\0\0\0\0\x01\0\0\x0d\0\0\0\0\0\0\0\0\xad\0\0\
\0\0\0\0\0\0\0\0\x02\xa9\0\0\0\xf8\x0e\0\0\0\0\0\x08\xaf\0\0\0\x0a\x0f\0\0\x02\
\0\0\x04\x18\0\0\0\xf3\x0b\0\0\x9b\0\0\0\0\0\0\0\x1a\x0f\0\0\x56\0\0\0\x40\0\0\
\0\0\0\0\0\0\0\0\x02\xca\x02\0\0\x1f\x0f\0\0\x05\0\0\x06\x04\0\0\0\x2b\x0f\0\0\
\0\0\0\0\x38\x0f\0\0\x01\0\0\0\x45\x0f\0\0\x02\0\0\0\x55\x0f\0\0\x03\0\0\0\x69\
\x0f\0\0\x04\0\0\0\x78\x0f\0\0\x04\0\0\x06\x04\0\0\0\x83\x0f\0\0\0\0\0\0\x8e\
\x0f\0\0\x01\0\0\0\x9b\x0f\0\0\x02\0\0\0\xa9\x0f\0\0\x03\0\0\0\0\0\0\0\0\0\0\
\x02\xed\x02\0\0\0\0\0\0\0\0\0\x02\xb5\0\0\0\0\0\0\0\x02\0\0\x0d\0\0\0\0\0\0\0\
\0\x7f\0\0\0\0\0\0\0\xb6\0\0\0\xb8\x0f\0\0\0\0\0\x08\xb7\0\0\0\xbc\x0f\0\0\0\0\
\0\x08\x02\0\0\0\0\0\0\0\0\0\0\x02\xee\x02\0\0\0\0\0\0\0\0\0\x02\xec\x02\0\0\0\
\0\0\0\0\0\0\x02\xef\x02\0\0\0\0\0\0\0\0\0\x02\xdb\x02\0\0\0\0\0\0\0\0\0\x02\
\xf0\x02\0\0\0\0\0\0\0\0\0\x02\xbe\0\0\0\0\0\0\0\0\0\0\x0a\xf1\x02\0\0\0\0\0\0\
\0\0\0\x02\x3c\0\0\0\0\0\0\0\0\0\0\x02\xc1\0\0\0\0\0\0\0\0\0\0\x0a\xce\x02\0\0\
\0\0\0\0\0\0\0\x02\xcf\x02\0\0\0\0\0\0\0\0\0\x02\xf2\x02\0\0\xc2\x0f\0\0\0\0\0\
\x04\0\0\0\0\0\0\0\0\0\0\0\x02\xb3\x02\0\0\0\0\0\0\0\0\0\x02\xc2\x02\0\0\0\0\0\
\0\0\0\0\x02\xc3\x02\0\0\0\0\0\0\0\0\0\x02\xc9\0\0\0\0\0\0\0\0\0\0\x02\xca\0\0\
\0\0\0\0\0\0\0\0\x0a\xaf\x02\0\0\0\0\0\0\0\0\0\x02\xcc\0\0\0\0\0\0\0\x01\0\0\
\x0d\0\0\0\0\0\0\0\0\x7f\0\0\0\0\0\0\0\0\0\0\x02\xb2\x02\0\0\0\0\0\0\0\0\0\x02\
\xf3\x02\0\0\xcf\x0f\0\0\x04\0\0\x06\x04\0\0\0\xe0\x0f\0\0\0\0\0\0\xff\x0f\0\0\
\x01\0\0\0\x18\x10\0\0\x02\0\0\0\x25\x10\0\0\x03\0\0\0\x36\x10\0\0\x1a\0\0\x04\
\xf0\0\0\0\x3e\x10\0\0\x02\0\0\0\0\0\0\0\x44\x10\0\0\x02\0\0\0\x20\0\0\0\x50\
\x10\0\0\x02\0\0\0\x40\0\0\0\x57\x10\0\0\xd1\0\0\0\x60\0\0\0\x61\x10\0\0\x40\0\
\0\0\x60\x01\0\0\x68\x10\0\0\x40\0\0\0\x70\x01\0\0\x74\x10\0\0\xd2\0\0\0\x80\
\x01\0\0\x7d\x10\0\0\x3f\0\0\0\0\x02\0\0\x83\x10\0\0\xd4\0\0\0\x40\x02\0\0\x88\
\x10\0\0\x37\0\0\0\x80\x02\0\0\x8e\x10\0\0\x4b\0\0\0\xc0\x02\0\0\x9b\x10\0\0\
\x02\0\0\0\0\x03\0\0\xd2\x03\0\0\x60\0\0\0\x40\x03\0\0\xa1\x10\0\0\x85\0\0\0\
\x80\x03\0\0\xac\x10\0\0\x09\0\0\0\x80\x04\0\0\xbc\x10\0\0\x39\x01\0\0\xc0\x04\
\0\0\xc0\x10\0\0\x78\0\0\0\0\x05\0\0\xca\x10\0\0\x56\0\0\0\x40\x05\0\0\xd6\x10\
\0\0\x8a\x02\0\0\xc0\x05\0\0\xdd\x10\0\0\x45\0\0\0\0\x06\0\0\xe5\x10\0\0\x8b\
\x02\0\0\x40\x06\0\0\xe8\x10\0\0\x8c\x02\0\0\x80\x06\0\0\xec\x10\0\0\x02\0\0\0\
\xc0\x06\0\0\xf4\x10\0\0\x8d\x02\0\0\0\x07\0\0\xf7\x10\0\0\x4d\x02\0\0\x40\x07\
\0\0\x03\x11\0\0\x3c\0\0\0\x40\x07\0\0\0\0\0\0\0\0\0\x03\0\0\0\0\x77\0\0\0\x04\
\0\0\0\x20\0\0\0\x0b\x11\0\0\x03\0\0\x04\x10\0\0\0\x12\x11\0\0\x9b\0\0\0\0\0\0\
\0\x1a\x11\0\0\xd3\0\0\0\x20\0\0\0\x23\x11\0\0\x4b\0\0\0\x40\0\0\0\x2b\x11\0\0\
\0\0\0\x08\x09\0\0\0\0\0\0\0\0\0\0\x02\xd5\0\0\0\0\0\0\0\0\0\0\x0a\xd1\x02\0\0\
\x31\x11\0\0\x46\0\0\x04\x50\x08\0\0\x3f\x11\0\0\x6a\0\0\0\0\0\0\0\x4a\x11\0\0\
\xd7\0\0\0\x40\0\0\0\x53\x11\0\0\xd8\0\0\0\x80\0\0\0\x63\x11\0\0\xda\0\0\0\0\
\x01\0\0\x69\x11\0\0\xdb\0\0\0\x40\x01\0\0\x70\x11\0\0\xdc\0\0\0\x80\x01\0\0\
\x77\x11\0\0\x38\0\0\0\xc0\x01\0\0\x81\x11\0\0\x09\0\0\0\0\x02\0\0\x8d\x11\0\0\
\x52\x02\0\0\x40\x02\0\0\x9a\x11\0\0\x09\0\0\0\x80\x02\0\0\xa7\x11\0\0\x4b\0\0\
\0\xc0\x02\0\0\xb1\x11\0\0\x60\0\0\0\0\x03\0\0\xbd\x11\0\0\x45\0\0\0\x40\x03\0\
\0\xb3\x08\0\0\x02\0\0\0\x60\x03\0\0\xc5\x11\0\0\x9b\0\0\0\x80\x03\0\0\xd0\x11\
\0\0\x6b\0\0\0\xc0\x03\0\0\xa9\x07\0\0\x74\0\0\0\0\x04\0\0\xd5\x11\0\0\x78\0\0\
\0\0\x06\0\0\xdd\x11\0\0\x53\x02\0\0\x40\x06\0\0\xe7\x11\0\0\x7f\0\0\0\xc0\x06\
\0\0\x78\x0f\0\0\xb2\0\0\0\0\x07\0\0\xeb\x11\0\0\x60\0\0\0\x40\x07\0\0\xf7\x11\
\0\0\x09\0\0\0\x80\x07\0\0\x04\x12\0\0\x09\0\0\0\xa0\x07\0\0\x12\x12\0\0\x56\
\x02\0\0\xc0\x07\0\0\x16\x12\0\0\x09\0\0\0\0\x08\0\0\x21\x12\0\0\x02\0\0\0\x20\
\x08\0\0\x2b\x12\0\0\x57\x02\0\0\x40\x08\0\0\x33\x12\0\0\x59\x02\0\0\x80\x08\0\
\0\xdc\x03\0\0\xe5\0\0\0\x80\x1c\0\0\x3d\x12\0\0\xa9\0\0\0\xc0\x1d\0\0\x4a\x12\
\0\0\x45\0\0\0\xc0\x1e\0\0\x6c\x12\0\0\xfa\0\0\0\0\x1f\0\0\x7e\x12\0\0\xfa\0\0\
\0\xc0\x20\0\0\x93\x12\0\0\x56\0\0\0\x80\x22\0\0\x9c\x12\0\0\x5a\x02\0\0\0\x23\
\0\0\xa7\x12\0\0\x4c\0\0\0\x40\x23\0\0\xb1\x12\0\0\x56\0\0\0\x80\x23\0\0\xbb\
\x12\0\0\x66\x02\0\0\0\x24\0\0\xc2\x12\0\0\x09\0\0\0\x80\x27\0\0\xdd\x12\0\0\
\x09\0\0\0\xa0\x27\0\0\xe6\x12\0\0\x69\x02\0\0\xc0\x27\0\0\xf8\x12\0\0\x69\x02\
\0\0\0\x28\0\0\x08\x13\0\0\x09\0\0\0\x40\x28\0\0\x17\x13\0\0\x09\0\0\0\x60\x28\
\0\0\x4d\x0e\0\0\x02\0\0\0\x80\x28\0\0\x28\x13\0\0\x85\0\0\0\xc0\x28\0\0\x36\
\x13\0\0\x6a\x02\0\0\xc0\x29\0\0\x40\x13\0\0\xec\0\0\0\0\x2a\0\0\x43\x13\0\0\
\x56\0\0\0\x40\x2a\0\0\x50\x13\0\0\x9b\0\0\0\xc0\x2a\0\0\x5d\x13\0\0\xe4\0\0\0\
\0\x2b\0\0\x6a\x13\0\0\x85\0\0\0\xc0\x2d\0\0\x75\x13\0\0\x85\0\0\0\xc0\x2e\0\0\
\x84\x13\0\0\x56\0\0\0\xc0\x2f\0\0\x95\x13\0\0\x9b\0\0\0\x40\x30\0\0\xa6\x13\0\
\0\x02\0\0\0\x60\x30\0\0\xb6\x13\0\0\x6d\x02\0\0\x80\x30\0\0\xb9\x13\0\0\x18\
\x01\0\0\xc0\x30\0\0\xc7\x13\0\0\xae\0\0\0\x40\x31\0\0\xd4\x13\0\0\x85\0\0\0\0\
\x32\0\0\xe3\x13\0\0\x6e\x02\0\0\0\x33\0\0\xeb\x13\0\0\x56\0\0\0\x40\x33\0\0\
\xf8\x13\0\0\x6f\x02\0\0\xc0\x33\0\0\x02\x14\0\0\xfe\0\0\0\0\x40\0\0\x0e\x14\0\
\0\xfe\0\0\0\x40\x40\0\0\x20\x14\0\0\xfe\0\0\0\x80\x40\0\0\x31\x14\0\0\x17\0\0\
\0\xc0\x40\0\0\x44\x14\0\0\xd6\x01\0\0\0\x41\0\0\x4d\x14\0\0\x7b\x02\0\0\x40\
\x41\0\0\0\0\0\0\0\0\0\x02\xa5\x02\0\0\x59\x14\0\0\x02\0\0\x04\x10\0\0\0\x64\
\x14\0\0\x60\0\0\0\0\0\0\0\xe2\x0e\0\0\xd9\0\0\0\x40\0\0\0\0\0\0\0\0\0\0\x02\
\xc8\x02\0\0\0\0\0\0\0\0\0\x02\xe4\x02\0\0\0\0\0\0\0\0\0\x02\xe5\x02\0\0\0\0\0\
\0\0\0\0\x02\xdd\0\0\0\0\0\0\0\0\0\0\x0a\xe6\x02\0\0\x75\x14\0\0\x0a\0\0\x04\0\
\x01\0\0\0\0\0\0\xdf\0\0\0\0\0\0\0\x80\x14\0\0\x09\0\0\0\0\x02\0\0\x84\x14\0\0\
\xe1\0\0\0\x20\x02\0\0\x8d\x14\0\0\x4f\x02\0\0\x80\x02\0\0\x93\x14\0\0\x50\x02\
\0\0\x40\x03\0\0\xa1\x14\0\0\x60\0\0\0\xc0\x03\0\0\xab\x14\0\0\x50\x02\0\0\0\
\x04\0\0\x88\x10\0\0\x37\0\0\0\x80\x04\0\0\xb8\x14\0\0\x51\x02\0\0\xc0\x04\0\0\
\xa9\x07\0\0\x74\0\0\0\0\x05\0\0\0\0\0\0\x02\0\0\x04\x40\0\0\0\xf3\x0b\0\0\x9b\
\0\0\0\0\0\0\0\xbd\x14\0\0\xe0\0\0\0\x40\0\0\0\0\0\0\0\0\0\0\x03\0\0\0\0\x56\0\
\0\0\x04\0\0\0\x03\0\0\0\0\0\0\0\0\0\0\x03\0\0\0\0\x40\0\0\0\x04\0\0\0\x03\0\0\
\0\xc6\x14\0\0\x25\0\0\x04\x40\x02\0\0\0\0\0\0\xe3\0\0\0\0\0\0\0\xd4\x14\0\0\
\xe4\0\0\0\0\x02\0\0\xdd\x14\0\0\xea\0\0\0\xc0\x04\0\0\xe5\x14\0\0\x02\0\0\0\0\
\x05\0\0\xee\x14\0\0\x02\0\0\0\x20\x05\0\0\x9b\x10\0\0\x60\0\0\0\x40\x05\0\0\
\xfd\x14\0\0\x4b\0\0\0\x80\x05\0\0\x88\x10\0\0\x37\0\0\0\xc0\x05\0\0\x40\x13\0\
\0\xec\0\0\0\0\x06\0\0\xda\x07\0\0\x4b\0\0\0\x40\x06\0\0\x08\x15\0\0\xed\0\0\0\
\x80\x06\0\0\x10\x15\0\0\x38\0\0\0\x80\x07\0\0\x1e\x15\0\0\x09\0\0\0\xc0\x07\0\
\0\x3b\0\0\0\x40\0\0\0\xe0\x07\0\0\x2c\x15\0\0\x40\0\0\0\xf0\x07\0\0\xb8\x14\0\
\0\xf0\0\0\0\0\x08\0\0\x33\x15\0\0\x9b\0\0\0\x40\x08\0\0\x46\x15\0\0\xf1\0\0\0\
\x80\x08\0\0\x54\x15\0\0\x45\0\0\0\xc0\x09\0\0\x5f\x15\0\0\xf7\0\0\0\0\x0a\0\0\
\x64\x15\0\0\xf7\0\0\0\x40\x0a\0\0\x6f\x15\0\0\x60\0\0\0\x80\x0a\0\0\x76\x15\0\
\0\x60\0\0\0\xc0\x0a\0\0\x7a\x15\0\0\xfd\0\0\0\0\x0b\0\0\xa4\x08\0\0\x09\0\0\0\
\xc0\x0c\0\0\x85\x15\0\0\x09\0\0\0\xe0\x0c\0\0\x8f\x15\0\0\x45\0\0\0\0\x0d\0\0\
\x99\x15\0\0\x59\0\0\0\x40\x0d\0\0\xa6\x15\0\0\x59\0\0\0\xc0\x0d\0\0\xa9\x07\0\
\0\x74\0\0\0\x40\x0e\0\0\xb1\x15\0\0\x60\0\0\0\x40\x10\0\0\xc1\x15\0\0\x60\0\0\
\0\x80\x10\0\0\xce\x15\0\0\x60\0\0\0\xc0\x10\0\0\x02\x14\0\0\xfe\0\0\0\0\x11\0\
\0\x0e\x14\0\0\xfe\0\0\0\x40\x11\0\0\xdb\x15\0\0\x56\0\0\0\x80\x11\0\0\xe5\x15\
\0\0\x4e\x02\0\0\0\x12\0\0\0\0\0\0\x03\0\0\x04\x40\0\0\0\xf3\x0b\0\0\x9b\0\0\0\
\0\0\0\0\xea\x15\0\0\x56\0\0\0\x40\0\0\0\xd2\x03\0\0\x60\0\0\0\xc0\0\0\0\xf3\
\x15\0\0\x04\0\0\x04\x58\0\0\0\x66\x0c\0\0\xa9\0\0\0\0\0\0\0\0\x16\0\0\xe5\0\0\
\0\0\x01\0\0\x06\x16\0\0\xe9\0\0\0\x40\x02\0\0\x80\x14\0\0\x02\0\0\0\x80\x02\0\
\0\x09\x16\0\0\x04\0\0\x04\x28\0\0\0\x4b\x09\0\0\x59\0\0\0\0\0\0\0\x94\x0e\0\0\
\x60\0\0\0\x80\0\0\0\x5f\x0e\0\0\xe6\0\0\0\xc0\0\0\0\x9b\x10\0\0\x70\0\0\0\0\
\x01\0\0\0\0\0\0\0\0\0\x02\xe7\0\0\0\0\0\0\0\x01\0\0\x0d\0\0\0\0\0\0\0\0\xe8\0\
\0\0\0\0\0\0\0\0\0\x02\xe5\0\0\0\0\0\0\0\0\0\0\x02\x6e\x01\0\0\x14\x16\0\0\0\0\
\0\x08\xeb\0\0\0\0\0\0\0\0\0\0\x02\xbd\x02\0\0\0\0\0\0\0\0\0\x02\x6b\x02\0\0\
\x22\x16\0\0\x06\0\0\x04\x20\0\0\0\x2a\x16\0\0\x09\0\0\0\0\0\0\0\x30\x16\0\0\
\x09\0\0\0\x20\0\0\0\x36\x16\0\0\x09\0\0\0\x40\0\0\0\x3d\x16\0\0\x17\0\0\0\x60\
\0\0\0\x49\x16\0\0\xee\0\0\0\x80\0\0\0\x4d\x16\0\0\xef\0\0\0\xc0\0\0\0\0\0\0\0\
\0\0\0\x02\xe1\x02\0\0\0\0\0\0\0\0\0\x02\x09\0\0\0\0\0\0\0\0\0\0\x02\x38\0\0\0\
\x58\x16\0\0\0\0\0\x08\xf2\0\0\0\x6b\x16\0\0\x04\0\0\x04\x28\0\0\0\x9b\x10\0\0\
\x09\0\0\0\0\0\0\0\x7c\x16\0\0\x4b\0\0\0\x40\0\0\0\xe7\x0e\0\0\xf3\0\0\0\x80\0\
\0\0\x4b\x09\0\0\x56\0\0\0\xc0\0\0\0\x84\x16\0\0\0\0\0\x08\xf4\0\0\0\0\0\0\0\0\
\0\0\x02\xf5\0\0\0\0\0\0\0\x04\0\0\x0d\x02\0\0\0\0\0\0\0\xf6\0\0\0\0\0\0\0\x09\
\0\0\0\0\0\0\0\x02\0\0\0\0\0\0\0\x4b\0\0\0\0\0\0\0\0\0\0\x02\xf2\0\0\0\0\0\0\0\
\0\0\0\x02\xf8\0\0\0\x96\x16\0\0\x0b\0\0\x04\xb8\0\0\0\xa2\x16\0\0\x09\0\0\0\0\
\0\0\0\xaa\x16\0\0\x09\0\0\0\x20\0\0\0\xbb\x16\0\0\x45\0\0\0\x40\0\0\0\xc9\x16\
\0\0\xf9\0\0\0\x80\0\0\0\xd5\x16\0\0\xf9\0\0\0\xc0\0\0\0\xe4\x16\0\0\xfa\0\0\0\
\0\x01\0\0\xf2\x16\0\0\xfa\0\0\0\xc0\x02\0\0\x03\x17\0\0\xfc\0\0\0\x80\x04\0\0\
\x07\x17\0\0\xfc\0\0\0\xc0\x04\0\0\x12\x17\0\0\x56\0\0\0\0\x05\0\0\xf3\x0b\0\0\
\x9b\0\0\0\x80\x05\0\0\0\0\0\0\0\0\0\x02\xfa\0\0\0\x1c\x17\0\0\x06\0\0\x04\x38\
\0\0\0\x2a\x17\0\0\xed\0\0\0\0\0\0\0\x2d\x17\0\0\x09\0\0\0\0\x01\0\0\x38\x17\0\
\0\x45\0\0\0\x20\x01\0\0\x43\x17\0\0\xfb\0\0\0\x40\x01\0\0\x46\x17\0\0\x45\0\0\
\0\x80\x01\0\0\x50\x17\0\0\x09\0\0\0\xa0\x01\0\0\0\0\0\0\0\0\0\x02\xe3\x02\0\0\
\0\0\0\0\0\0\0\x02\x6a\0\0\0\0\0\0\0\0\0\0\x03\0\0\0\0\x60\0\0\0\x04\0\0\0\x07\
\0\0\0\0\0\0\0\0\0\0\x02\xff\0\0\0\x62\x17\0\0\x10\0\0\x04\xc0\0\0\0\x69\x17\0\
\0\x09\0\0\0\0\0\0\0\x71\x17\0\0\0\x01\0\0\x20\0\0\0\x77\x17\0\0\x04\x01\0\0\
\x40\0\0\0\x7e\x17\0\0\xfe\0\0\0\xc0\0\0\0\x87\x17\0\0\x07\x01\0\0\0\x01\0\0\
\x8e\x17\0\0\x71\0\0\0\x80\x01\0\0\x96\x17\0\0\x9b\x01\0\0\xc0\x01\0\0\x9e\x17\
\0\0\x9c\x01\0\0\xc0\x02\0\0\xa8\x17\0\0\x62\x01\0\0\0\x03\0\0\xad\x17\0\0\x72\
\0\0\0\x40\x03\0\0\xb2\x17\0\0\x60\0\0\0\x80\x03\0\0\xb9\x17\0\0\x4b\0\0\0\xc0\
\x03\0\0\0\0\0\0\x43\x02\0\0\0\x04\0\0\xc2\x17\0\0\x56\0\0\0\x80\x04\0\0\xca\
\x17\0\0\x56\0\0\0\0\x05\0\0\xd4\x17\0\0\x45\x02\0\0\x80\x05\0\0\xd8\x17\0\0\0\
\0\0\x08\x01\x01\0\0\xec\x17\0\0\x01\0\0\x04\x04\0\0\0\xfe\x17\0\0\x02\x01\0\0\
\0\0\0\0\x07\x18\0\0\0\0\0\x08\x03\x01\0\0\xfe\x17\0\0\x01\0\0\x04\x04\0\0\0\
\x12\x18\0\0\x09\0\0\0\0\0\0\0\x1b\x18\0\0\x02\0\0\x04\x10\0\0\0\xb8\x05\0\0\
\x05\x01\0\0\0\0\0\0\xdb\x05\0\0\x06\x01\0\0\x40\0\0\0\0\0\0\0\0\0\0\x02\x04\
\x01\0\0\0\0\0\0\0\0\0\x02\x05\x01\0\0\x29\x18\0\0\x02\0\0\x04\x10\0\0\0\0\0\0\
\0\x08\x01\0\0\0\0\0\0\x46\x09\0\0\x0a\x01\0\0\x40\0\0\0\0\0\0\0\x02\0\0\x05\
\x08\0\0\0\0\0\0\0\x09\x01\0\0\0\0\0\0\x2e\x18\0\0\x3c\0\0\0\0\0\0\0\0\0\0\0\
\x02\0\0\x04\x08\0\0\0\xc2\x05\0\0\x70\0\0\0\0\0\0\0\x37\x18\0\0\x70\0\0\0\x20\
\0\0\0\0\0\0\0\0\0\0\x02\x0b\x01\0\0\0\0\0\0\0\0\0\x0a\x44\0\0\0\x3b\x18\0\0\
\x36\0\0\x04\x78\x02\0\0\x41\x18\0\0\x0d\x01\0\0\0\0\0\0\x48\x18\0\0\x40\0\0\0\
\x10\0\0\0\x52\x18\0\0\x0e\x01\0\0\x20\0\0\0\x58\x18\0\0\x12\x01\0\0\x40\0\0\0\
\x5e\x18\0\0\x09\0\0\0\x60\0\0\0\x66\x18\0\0\x16\x01\0\0\x80\0\0\0\x6c\x18\0\0\
\x16\x01\0\0\xc0\0\0\0\x7a\x18\0\0\x20\x01\0\0\0\x01\0\0\x7f\x18\0\0\x72\0\0\0\
\x40\x01\0\0\x84\x18\0\0\x7d\x01\0\0\x80\x01\0\0\x8e\x18\0\0\x4b\0\0\0\xc0\x01\
\0\0\x99\x18\0\0\x60\0\0\0\0\x02\0\0\0\0\0\0\x7e\x01\0\0\x40\x02\0\0\x9f\x18\0\
\0\x6e\0\0\0\x60\x02\0\0\xa6\x18\0\0\x23\x01\0\0\x80\x02\0\0\xad\x18\0\0\x80\
\x01\0\0\xc0\x02\0\0\xb5\x18\0\0\x80\x01\0\0\x40\x03\0\0\xbd\x18\0\0\x80\x01\0\
\0\xc0\x03\0\0\xc5\x18\0\0\x9b\0\0\0\x40\x04\0\0\xcc\x18\0\0\x40\0\0\0\x60\x04\
\0\0\xd4\x18\0\0\x42\0\0\0\x70\x04\0\0\xde\x18\0\0\x42\0\0\0\x78\x04\0\0\xeb\
\x18\0\0\x81\x01\0\0\x80\x04\0\0\xf4\x18\0\0\x60\0\0\0\xc0\x04\0\0\xfc\x18\0\0\
\x2e\x01\0\0\0\x05\0\0\x04\x19\0\0\x60\0\0\0\x40\x06\0\0\x11\x19\0\0\x60\0\0\0\
\x80\x06\0\0\x23\x19\0\0\x59\0\0\0\xc0\x06\0\0\x2a\x19\0\0\x56\0\0\0\x40\x07\0\
\0\x34\x19\0\0\x82\x01\0\0\xc0\x07\0\0\x39\x19\0\0\x02\0\0\0\0\x08\0\0\x49\x19\
\0\0\x93\0\0\0\x20\x08\0\0\x5b\x19\0\0\x93\0\0\0\x30\x08\0\0\x6c\x19\0\0\x56\0\
\0\0\x40\x08\0\0\x72\x19\0\0\x56\0\0\0\xc0\x08\0\0\x7c\x19\0\0\x56\0\0\0\x40\
\x09\0\0\0\0\0\0\x83\x01\0\0\xc0\x09\0\0\x86\x19\0\0\x87\0\0\0\x40\x0a\0\0\x90\
\x19\0\0\x87\0\0\0\x80\x0a\0\0\x9b\x19\0\0\x45\0\0\0\xc0\x0a\0\0\xa3\x19\0\0\
\x45\0\0\0\xe0\x0a\0\0\xaf\x19\0\0\x45\0\0\0\0\x0b\0\0\xbc\x19\0\0\x45\0\0\0\
\x20\x0b\0\0\0\0\0\0\x84\x01\0\0\x40\x0b\0\0\xc8\x19\0\0\x89\x01\0\0\x80\x0b\0\
\0\xd0\x19\0\0\x8a\x01\0\0\xc0\x0b\0\0\xd7\x19\0\0\x56\0\0\0\xc0\x11\0\0\0\0\0\
\0\x8f\x01\0\0\x40\x12\0\0\xe1\x19\0\0\x08\0\0\0\x80\x12\0\0\xee\x19\0\0\x08\0\
\0\0\xa0\x12\0\0\xfe\x19\0\0\x5d\x01\0\0\xc0\x12\0\0\x0f\x1a\0\0\x99\x01\0\0\0\
\x13\0\0\x1c\x1a\0\0\x9a\x01\0\0\x40\x13\0\0\x2a\x1a\0\0\x4b\0\0\0\x80\x13\0\0\
\x34\x1a\0\0\0\0\0\x08\x40\0\0\0\x3c\x1a\0\0\0\0\0\x08\x0f\x01\0\0\0\0\0\0\x01\
\0\0\x04\x04\0\0\0\x7c\x0a\0\0\x10\x01\0\0\0\0\0\0\x43\x1a\0\0\0\0\0\x08\x11\
\x01\0\0\x49\x1a\0\0\0\0\0\x08\x09\0\0\0\x5a\x1a\0\0\0\0\0\x08\x13\x01\0\0\0\0\
\0\0\x01\0\0\x04\x04\0\0\0\x7c\x0a\0\0\x14\x01\0\0\0\0\0\0\x61\x1a\0\0\0\0\0\
\x08\x15\x01\0\0\x67\x1a\0\0\0\0\0\x08\x09\0\0\0\0\0\0\0\0\0\0\x02\x17\x01\0\0\
\x78\x1a\0\0\x04\0\0\x04\x20\0\0\0\x82\x1a\0\0\x7d\0\0\0\0\0\0\0\x8d\x1a\0\0\
\x18\x01\0\0\x40\0\0\0\x93\x1a\0\0\x09\0\0\0\xc0\0\0\0\x9b\x1a\0\0\x1f\x01\0\0\
\xe0\0\0\0\xb9\x13\0\0\x02\0\0\x04\x10\0\0\0\xb8\x05\0\0\x19\x01\0\0\0\0\0\0\
\xe7\x0e\0\0\x1a\x01\0\0\x40\0\0\0\0\0\0\0\0\0\0\x02\x18\x01\0\0\0\0\0\0\0\0\0\
\x02\x1b\x01\0\0\0\0\0\0\x01\0\0\x0d\0\0\0\0\0\0\0\0\x19\x01\0\0\xa5\x1a\0\0\
\x03\0\0\x04\x08\0\0\0\xb5\x1a\0\0\x1d\x01\0\0\0\0\0\0\xbb\x1a\0\0\x40\0\0\0\
\x10\0\0\0\0\0\0\0\x1e\x01\0\0\x20\0\0\0\xc2\x1a\0\0\0\0\0\x01\x02\0\0\0\x10\0\
\0\x01\0\0\0\0\x02\0\0\x05\x04\0\0\0\xc8\x1a\0\0\x0e\x01\0\0\0\0\0\0\xce\x1a\0\
\0\x12\x01\0\0\0\0\0\0\0\0\0\0\0\0\0\x03\0\0\0\0\x1c\x01\0\0\x04\0\0\0\0\0\0\0\
\0\0\0\0\0\0\0\x02\x21\x01\0\0\0\0\0\0\0\0\0\x0a\xa4\x02\0\0\xd4\x1a\0\0\x41\0\
\0\x04\x80\x05\0\0\xe0\x1a\0\0\x56\0\0\0\0\0\0\0\xe7\x1a\0\0\x6e\0\0\0\x80\0\0\
\0\xed\x1a\0\0\x44\0\0\0\xa0\0\0\0\xfe\x1a\0\0\x60\0\0\0\xc0\0\0\0\x0a\x1b\0\0\
\x23\x01\0\0\0\x01\0\0\x15\x1b\0\0\x25\x01\0\0\x40\x01\0\0\x1c\x1b\0\0\x26\x01\
\0\0\x80\x01\0\0\x21\x1b\0\0\x28\x01\0\0\xc0\x01\0\0\x27\x1b\0\0\x2a\x01\0\0\0\
\x02\0\0\x2e\x1b\0\0\x2c\x01\0\0\x40\x02\0\0\x3a\x1b\0\0\x60\0\0\0\x80\x02\0\0\
\x42\x1b\0\0\x60\0\0\0\xc0\x02\0\0\x4b\x1b\0\0\x60\0\0\0\0\x03\0\0\x53\x1b\0\0\
\xfe\0\0\0\x40\x03\0\0\x5a\x1b\0\0\x2e\x01\0\0\x80\x03\0\0\x63\x1b\0\0\x02\0\0\
\0\xc0\x04\0\0\x6b\x1b\0\0\x45\0\0\0\xe0\x04\0\0\x74\x1b\0\0\x4b\0\0\0\0\x05\0\
\0\x7f\x1b\0\0\x2f\x01\0\0\x40\x05\0\0\x87\x1b\0\0\x32\x01\0\0\x80\x05\0\0\x8d\
\x1b\0\0\x34\x01\0\0\xc0\x05\0\0\x9b\x1b\0\0\x35\x01\0\0\0\x06\0\0\xa1\x1b\0\0\
\x37\x01\0\0\x40\x06\0\0\xac\x1b\0\0\x94\0\0\0\x80\x06\0\0\xbd\x1b\0\0\x38\x01\
\0\0\xc0\x06\0\0\xc5\x1b\0\0\x56\0\0\0\0\x07\0\0\xce\x1b\0\0\x3f\0\0\0\x80\x07\
\0\0\xd5\x1b\0\0\x39\x01\0\0\xc0\x07\0\0\xdb\x1b\0\0\x3a\x01\0\0\0\x08\0\0\xe1\
\x1b\0\0\x59\0\0\0\x40\x08\0\0\xed\x1b\0\0\x09\0\0\0\xc0\x08\0\0\xfb\x1b\0\0\
\x3c\x01\0\0\0\x09\0\0\x03\x1c\0\0\x57\x01\0\0\xc0\x12\0\0\x0d\x1c\0\0\x4b\0\0\
\0\xc0\x1c\0\0\x17\x1c\0\0\x70\0\0\0\0\x1d\0\0\x23\x1c\0\0\x52\x01\0\0\x40\x1d\
\0\0\x2e\x1c\0\0\x52\x01\0\0\x80\x1d\0\0\x39\x1c\0\0\x08\0\0\0\xc0\x1d\0\0\x49\
\x1c\0\0\x5d\x01\0\0\0\x1e\0\0\x5a\x1c\0\0\xd1\0\0\0\x40\x1e\0\0\x5f\x1c\0\0\
\x5e\x01\0\0\x40\x1f\0\0\x66\x1c\0\0\x09\0\0\0\xc0\x1f\0\0\x72\x1c\0\0\x61\x01\
\0\0\xe0\x1f\0\0\x79\x1c\0\0\x85\0\0\0\0\x20\0\0\x8c\x1c\0\0\x75\0\0\0\0\x21\0\
\0\x96\x1c\0\0\x62\x01\0\0\x40\x21\0\0\x9d\x1c\0\0\x02\0\0\0\x80\x21\0\0\xaf\
\x1c\0\0\x64\x01\0\0\xc0\x21\0\0\xb8\x1c\0\0\x86\0\0\0\xc0\x23\0\0\xc7\x1c\0\0\
\x86\0\0\0\0\x24\0\0\xdd\x1c\0\0\x02\0\0\0\x40\x24\0\0\xf0\x1c\0\0\x6d\x01\0\0\
\x60\x24\0\0\xf9\x1c\0\0\xe9\0\0\0\x80\x24\0\0\x07\x1d\0\0\x79\x01\0\0\xc0\x24\
\0\0\x0e\x1d\0\0\x7a\x01\0\0\0\x25\0\0\x18\x1d\0\0\x7b\x01\0\0\x40\x25\0\0\x25\
\x1d\0\0\x7b\x01\0\0\x40\x26\0\0\x31\x1d\0\0\x18\x01\0\0\x40\x27\0\0\x35\x1d\0\
\0\xa9\0\0\0\xc0\x27\0\0\x42\x1d\0\0\x85\0\0\0\xc0\x28\0\0\x4e\x1d\0\0\x02\0\0\
\0\xc0\x29\0\0\x5c\x1d\0\0\x9b\0\0\0\0\x2a\0\0\x6e\x1d\0\0\x56\0\0\0\x40\x2a\0\
\0\x77\x1d\0\0\x9b\0\0\0\xc0\x2a\0\0\x8b\x1d\0\0\x56\0\0\0\0\x2b\0\0\x97\x1d\0\
\0\0\0\0\x08\x24\x01\0\0\x9e\x1d\0\0\0\0\0\x08\x8b\0\0\0\0\0\0\0\0\0\0\x02\xa8\
\x02\0\0\0\0\0\0\0\0\0\x02\x27\x01\0\0\0\0\0\0\0\0\0\x0a\xdc\x02\0\0\0\0\0\0\0\
\0\0\x02\x29\x01\0\0\0\0\0\0\0\0\0\x0a\xf5\x02\0\0\0\0\0\0\0\0\0\x02\x2b\x01\0\
\0\0\0\0\0\0\0\0\x0a\xf6\x02\0\0\0\0\0\0\0\0\0\x02\x2d\x01\0\0\0\0\0\0\0\0\0\
\x0a\xf7\x02\0\0\xae\x1d\0\0\x05\0\0\x04\x28\0\0\0\xbb\x1d\0\0\x86\0\0\0\0\0\0\
\0\xf2\x09\0\0\x86\0\0\0\x40\0\0\0\x02\x0a\0\0\x95\0\0\0\x80\0\0\0\xf8\x09\0\0\
\x8c\0\0\0\xa0\0\0\0\x06\x0a\0\0\x56\0\0\0\xc0\0\0\0\0\0\0\0\0\0\0\x02\x30\x01\
\0\0\0\0\0\0\0\0\0\x02\x31\x01\0\0\0\0\0\0\0\0\0\x0a\xf8\x02\0\0\0\0\0\0\0\0\0\
\x02\x33\x01\0\0\0\0\0\0\0\0\0\x0a\xf9\x02\0\0\0\0\0\0\0\0\0\x02\xfa\x02\0\0\0\
\0\0\0\0\0\0\x02\x36\x01\0\0\0\0\0\0\0\0\0\x0a\xfb\x02\0\0\0\0\0\0\0\0\0\x02\
\xfc\x02\0\0\xc1\x1d\0\0\x01\0\0\x04\x08\0\0\0\xcf\x1d\0\0\x05\x01\0\0\0\0\0\0\
\0\0\0\0\0\0\0\x02\x7c\x02\0\0\0\0\0\0\0\0\0\x02\x3b\x01\0\0\xd5\x1d\0\0\0\0\0\
\x07\0\0\0\0\xde\x1d\0\0\x05\0\0\x04\x38\x01\0\0\x9b\x10\0\0\x09\0\0\0\0\0\0\0\
\xe9\x1d\0\0\x2e\x01\0\0\x40\0\0\0\xf2\x1d\0\0\x3d\x01\0\0\x80\x01\0\0\xf8\x1d\
\0\0\x41\x01\0\0\x40\x02\0\0\xfd\x1d\0\0\x56\x01\0\0\0\x09\0\0\0\0\0\0\0\0\0\
\x03\0\0\0\0\x71\0\0\0\x04\0\0\0\x03\0\0\0\x01\x1e\0\0\x09\0\0\x04\x48\0\0\0\
\x0c\x1e\0\0\x3f\x01\0\0\0\0\0\0\x17\x1e\0\0\x02\0\0\0\x40\0\0\0\x22\x1e\0\0\
\x56\0\0\0\x80\0\0\0\x31\x1e\0\0\x60\0\0\0\0\x01\0\0\x3b\x1e\0\0\x09\0\0\0\x40\
\x01\0\0\x46\x1e\0\0\x09\0\0\0\x60\x01\0\0\x51\x1e\0\0\x40\x01\0\0\x80\x01\0\0\
\x63\x1e\0\0\x40\x01\0\0\xc0\x01\0\0\x75\x1e\0\0\x4b\0\0\0\0\x02\0\0\0\0\0\0\0\
\0\0\x02\xfd\x02\0\0\x7e\x1e\0\0\0\0\0\x08\x8b\0\0\0\0\0\0\0\0\0\0\x03\0\0\0\0\
\x3e\x01\0\0\x04\0\0\0\x03\0\0\0\0\0\0\0\0\0\0\x02\x43\x01\0\0\0\0\0\0\0\0\0\
\x0a\x44\x01\0\0\x86\x1e\0\0\x08\0\0\x04\x40\0\0\0\x97\x1e\0\0\x45\x01\0\0\0\0\
\0\0\xa8\x1e\0\0\x45\x01\0\0\x40\0\0\0\xb7\x1e\0\0\x45\x01\0\0\x80\0\0\0\xc7\
\x1e\0\0\x45\x01\0\0\xc0\0\0\0\xd6\x1e\0\0\x47\x01\0\0\0\x01\0\0\xe1\x1e\0\0\
\x47\x01\0\0\x40\x01\0\0\xee\x1e\0\0\x47\x01\0\0\x80\x01\0\0\xfc\x1e\0\0\x53\
\x01\0\0\xc0\x01\0\0\0\0\0\0\0\0\0\x02\x46\x01\0\0\0\0\0\0\x02\0\0\x0d\x02\0\0\
\0\0\0\0\0\x72\0\0\0\0\0\0\0\x02\0\0\0\0\0\0\0\0\0\0\x02\x48\x01\0\0\0\0\0\0\
\x01\0\0\x0d\x02\0\0\0\0\0\0\0\x49\x01\0\0\0\0\0\0\0\0\0\x02\x4a\x01\0\0\x08\
\x1f\0\0\x0c\0\0\x04\xd0\0\0\0\x0e\x1f\0\0\x59\0\0\0\0\0\0\0\x16\x1f\0\0\x56\0\
\0\0\x80\0\0\0\x1f\x1f\0\0\x56\0\0\0\0\x01\0\0\x27\x1f\0\0\x56\0\0\0\x80\x01\0\
\0\x30\x1f\0\0\x85\0\0\0\0\x02\0\0\x38\x1f\0\0\x9b\0\0\0\0\x03\0\0\x44\x1f\0\0\
\x45\0\0\0\x20\x03\0\0\x4d\x1f\0\0\x72\0\0\0\x40\x03\0\0\x53\x1f\0\0\x4b\x01\0\
\0\x80\x03\0\0\x59\x1f\0\0\x23\x01\0\0\xc0\x03\0\0\x60\x1f\0\0\x60\0\0\0\0\x04\
\0\0\x69\x1f\0\0\x51\x01\0\0\x40\x04\0\0\x70\x1f\0\0\x02\0\0\x04\x08\0\0\0\0\0\
\0\0\x4c\x01\0\0\0\0\0\0\x3b\0\0\0\x50\x01\0\0\x20\0\0\0\0\0\0\0\x03\0\0\x05\
\x04\0\0\0\x75\x1f\0\0\x0e\x01\0\0\0\0\0\0\x79\x1f\0\0\x12\x01\0\0\0\0\0\0\x7d\
\x1f\0\0\x4d\x01\0\0\0\0\0\0\x84\x1f\0\0\0\0\0\x08\x4e\x01\0\0\0\0\0\0\x01\0\0\
\x04\x04\0\0\0\x7c\x0a\0\0\x4f\x01\0\0\0\0\0\0\x8e\x1f\0\0\0\0\0\x08\x11\x01\0\
\0\x97\x1f\0\0\x03\0\0\x06\x04\0\0\0\xa2\x1f\0\0\0\0\0\0\xab\x1f\0\0\x01\0\0\0\
\xb4\x1f\0\0\x02\0\0\0\xbd\x1f\0\0\x09\0\0\x04\x48\0\0\0\xc7\x1f\0\0\x40\x01\0\
\0\0\0\0\0\xd6\x1f\0\0\x40\x01\0\0\x40\0\0\0\xe5\x1f\0\0\x40\x01\0\0\x80\0\0\0\
\xf2\x1f\0\0\x40\x01\0\0\xc0\0\0\0\xff\x1f\0\0\x40\x01\0\0\0\x01\0\0\x0e\x20\0\
\0\x40\x01\0\0\x40\x01\0\0\x1d\x20\0\0\x40\x01\0\0\x80\x01\0\0\x2b\x20\0\0\x52\
\x01\0\0\xc0\x01\0\0\x35\x20\0\0\x52\x01\0\0\0\x02\0\0\x3f\x20\0\0\0\0\0\x08\
\x8a\0\0\0\0\0\0\0\0\0\0\x02\x54\x01\0\0\0\0\0\0\x02\0\0\x0d\x02\0\0\0\0\0\0\0\
\x72\0\0\0\0\0\0\0\x55\x01\0\0\0\0\0\0\0\0\0\x02\x4b\x01\0\0\0\0\0\0\0\0\0\x03\
\0\0\0\0\x42\x01\0\0\x04\0\0\0\x03\0\0\0\x48\x20\0\0\x03\0\0\x04\x40\x01\0\0\
\x53\x20\0\0\x02\0\0\0\0\0\0\0\x5a\x20\0\0\xae\0\0\0\x40\0\0\0\x68\x20\0\0\x5c\
\x01\0\0\0\x01\0\0\x6f\x20\0\0\x05\0\0\x04\x60\0\0\0\x83\x20\0\0\x59\x01\0\0\0\
\0\0\0\x87\x20\0\0\xef\0\0\0\x80\x01\0\0\x92\x20\0\0\x5a\x01\0\0\xc0\x01\0\0\
\x99\x20\0\0\xae\0\0\0\0\x02\0\0\xa1\x20\0\0\x45\0\0\0\xc0\x02\0\0\xa7\x20\0\0\
\x04\0\0\x04\x30\0\0\0\xb0\x20\0\0\x02\0\0\0\0\0\0\0\xb9\x20\0\0\x02\0\0\0\x20\
\0\0\0\xc2\x20\0\0\xae\0\0\0\x40\0\0\0\xca\x20\0\0\x18\x01\0\0\0\x01\0\0\xd2\
\x20\0\0\x01\0\0\x04\x08\0\0\0\xda\x20\0\0\x5b\x01\0\0\0\0\0\0\0\0\0\0\0\0\0\
\x02\xb5\x02\0\0\0\0\0\0\0\0\0\x03\0\0\0\0\x58\x01\0\0\x04\0\0\0\x03\0\0\0\0\0\
\0\0\0\0\0\x02\x93\x01\0\0\xdf\x20\0\0\0\0\0\x08\x5f\x01\0\0\0\0\0\0\x01\0\0\
\x04\x10\0\0\0\xe6\x20\0\0\x60\x01\0\0\0\0\0\0\0\0\0\0\0\0\0\x03\0\0\0\0\x43\0\
\0\0\x04\0\0\0\x10\0\0\0\xe8\x20\0\0\0\0\0\x08\x09\0\0\0\0\0\0\0\0\0\0\x02\x63\
\x01\0\0\0\0\0\0\0\0\0\x0a\x9f\x01\0\0\xf0\x20\0\0\x08\0\0\x04\x40\0\0\0\xf9\
\x20\0\0\x65\x01\0\0\0\0\0\0\x07\x21\0\0\x65\x01\0\0\x40\0\0\0\x14\x21\0\0\x6b\
\x01\0\0\x80\0\0\0\x1a\x21\0\0\x02\0\0\0\xc0\0\0\0\x9b\x10\0\0\x09\0\0\0\xe0\0\
\0\0\x64\x06\0\0\x56\0\0\0\0\x01\0\0\xb3\x08\0\0\x02\0\0\0\x80\x01\0\0\x20\x21\
\0\0\x6c\x01\0\0\xc0\x01\0\0\0\0\0\0\0\0\0\x02\x66\x01\0\0\0\0\0\0\x02\0\0\x0d\
\x60\0\0\0\0\0\0\0\x67\x01\0\0\0\0\0\0\x68\x01\0\0\0\0\0\0\0\0\0\x02\x64\x01\0\
\0\0\0\0\0\0\0\0\x02\x69\x01\0\0\x2c\x21\0\0\x05\0\0\x04\x20\0\0\0\x3b\x21\0\0\
\xd3\0\0\0\0\0\0\0\x44\x21\0\0\x02\0\0\0\x20\0\0\0\x48\x21\0\0\x60\0\0\0\x40\0\
\0\0\x53\x21\0\0\x60\0\0\0\x80\0\0\0\x5e\x21\0\0\x6a\x01\0\0\xc0\0\0\0\0\0\0\0\
\0\0\0\x02\xcb\x02\0\0\x64\x21\0\0\0\0\0\x01\x08\0\0\0\x40\0\0\x01\0\0\0\0\0\0\
\0\x02\x86\0\0\0\x69\x21\0\0\0\0\0\x08\x70\0\0\0\x72\x21\0\0\x15\0\0\x04\x40\
\x01\0\0\x83\x21\0\0\x56\0\0\0\0\0\0\0\x64\x06\0\0\x56\0\0\0\x80\0\0\0\xe6\x07\
\0\0\x85\0\0\0\0\x01\0\0\x88\x21\0\0\x02\0\0\0\0\x02\0\0\x93\x21\0\0\x02\0\0\0\
\x20\x02\0\0\x9f\x21\0\0\x45\0\0\0\x40\x02\0\0\xb0\x21\0\0\x6f\x01\0\0\x80\x02\
\0\0\xbe\x21\0\0\x56\0\0\0\xc0\x02\0\0\xcc\x21\0\0\x56\0\0\0\x40\x03\0\0\xdd\
\x21\0\0\x56\0\0\0\xc0\x03\0\0\xe5\x21\0\0\x70\x01\0\0\x40\x04\0\0\xed\x21\0\0\
\x02\0\0\0\x80\x04\0\0\xf9\x21\0\0\x02\0\0\0\xa0\x04\0\0\x0a\x22\0\0\x71\x01\0\
\0\xc0\x04\0\0\x18\x22\0\0\x72\x01\0\0\0\x05\0\0\x20\x22\0\0\x73\x01\0\0\x40\
\x05\0\0\x46\x09\0\0\x74\x01\0\0\x80\x05\0\0\x31\x1d\0\0\x18\x01\0\0\x40\x06\0\
\0\x9b\x10\0\0\x09\0\0\0\0\x08\0\0\x27\x22\0\0\x72\x01\0\0\x40\x08\0\0\x30\x22\
\0\0\x78\x01\0\0\x80\x08\0\0\0\0\0\0\0\0\0\x02\xb9\x02\0\0\0\0\0\0\0\0\0\x02\
\xba\x02\0\0\0\0\0\0\0\0\0\x02\xbc\x02\0\0\0\0\0\0\0\0\0\x02\x75\x01\0\0\0\0\0\
\0\0\0\0\x02\xbe\x02\0\0\0\0\0\0\0\0\0\x03\0\0\0\0\x77\0\0\0\x04\0\0\0\x18\0\0\
\0\x3d\x22\0\0\x0d\0\0\x04\0\x01\0\0\x4c\x22\0\0\x76\x01\0\0\0\0\0\0\x06\x16\0\
\0\xe9\0\0\0\x40\0\0\0\x88\x21\0\0\x02\0\0\0\x80\0\0\0\x93\x21\0\0\x02\0\0\0\
\xa0\0\0\0\x51\x22\0\0\x02\0\0\0\xc0\0\0\0\x58\x22\0\0\x77\x01\0\0\xe0\0\0\0\
\x8f\x15\0\0\x02\0\0\0\xe0\x02\0\0\x65\x22\0\0\x02\0\0\0\0\x03\0\0\x70\x22\0\0\
\x56\0\0\0\x40\x03\0\0\x7f\x22\0\0\x56\0\0\0\xc0\x03\0\0\x89\x22\0\0\x56\0\0\0\
\x40\x04\0\0\x95\x22\0\0\xa9\0\0\0\xc0\x04\0\0\x31\x1d\0\0\x18\x01\0\0\xc0\x05\
\0\0\0\0\0\0\0\0\0\x02\xbb\x02\0\0\0\0\0\0\0\0\0\x03\0\0\0\0\x02\0\0\0\x04\0\0\
\0\x10\0\0\0\0\0\0\0\0\0\0\x03\0\0\0\0\x72\x01\0\0\x04\0\0\0\0\0\0\0\xaa\x22\0\
\0\x01\0\0\x04\x08\0\0\0\xcf\x1d\0\0\x5a\0\0\0\0\0\0\0\0\0\0\0\0\0\0\x02\xb9\
\x01\0\0\xb5\x22\0\0\x04\0\0\x04\x20\0\0\0\x4d\x0e\0\0\x7c\x01\0\0\0\0\0\0\x64\
\x06\0\0\x56\0\0\0\x40\0\0\0\xbe\x22\0\0\x02\0\0\0\xc0\0\0\0\xca\x22\0\0\x17\0\
\0\0\xe0\0\0\0\0\0\0\0\0\0\0\x02\xfe\x02\0\0\0\0\0\0\0\0\0\x02\x8a\x01\0\0\0\0\
\0\0\x02\0\0\x05\x04\0\0\0\xd6\x22\0\0\x7f\x01\0\0\0\0\0\0\xde\x22\0\0\x09\0\0\
\0\0\0\0\0\0\0\0\0\0\0\0\x0a\x09\0\0\0\xe8\x22\0\0\x02\0\0\x04\x10\0\0\0\xf3\
\x22\0\0\x52\x01\0\0\0\0\0\0\xfa\x22\0\0\x6b\x01\0\0\x40\0\0\0\x02\x23\0\0\0\0\
\0\x08\x3c\0\0\0\0\0\0\0\0\0\0\x02\x7d\x02\0\0\0\0\0\0\x02\0\0\x05\x10\0\0\0\
\x0b\x23\0\0\x79\x01\0\0\0\0\0\0\x14\x23\0\0\x18\x01\0\0\0\0\0\0\0\0\0\0\x02\0\
\0\x05\x08\0\0\0\x1a\x23\0\0\x85\x01\0\0\0\0\0\0\x20\x23\0\0\x87\x01\0\0\0\0\0\
\0\0\0\0\0\0\0\0\x02\x86\x01\0\0\0\0\0\0\0\0\0\x0a\xac\x02\0\0\0\0\0\0\0\0\0\
\x02\x88\x01\0\0\0\0\0\0\x01\0\0\x0d\0\0\0\0\0\0\0\0\x71\0\0\0\0\0\0\0\0\0\0\
\x02\xdd\x02\0\0\x2b\x23\0\0\x0f\0\0\x04\xc0\0\0\0\x39\x23\0\0\x71\0\0\0\0\0\0\
\0\x3e\x23\0\0\xd2\0\0\0\x40\0\0\0\x46\x23\0\0\x2e\x01\0\0\xc0\0\0\0\x3b\x21\0\
\0\xd3\0\0\0\0\x02\0\0\x56\x23\0\0\x45\0\0\0\x20\x02\0\0\x66\x23\0\0\x8b\x01\0\
\0\x40\x02\0\0\x6d\x23\0\0\x60\0\0\0\xc0\x02\0\0\x75\x23\0\0\x60\0\0\0\0\x03\0\
\0\x85\x23\0\0\x8d\x01\0\0\x40\x03\0\0\x9b\x10\0\0\x60\0\0\0\x80\x03\0\0\x8b\
\x23\0\0\x2e\x01\0\0\xc0\x03\0\0\x98\x23\0\0\x6d\x01\0\0\0\x05\0\0\x9f\x23\0\0\
\x9b\0\0\0\x20\x05\0\0\xac\x23\0\0\x56\0\0\0\x40\x05\0\0\x8e\x10\0\0\x4b\0\0\0\
\xc0\x05\0\0\xb9\x23\0\0\x02\0\0\x04\x10\0\0\0\xc8\x23\0\0\x8c\x01\0\0\0\0\0\0\
\xd0\x23\0\0\x61\0\0\0\x40\0\0\0\xc8\x23\0\0\x01\0\0\x04\x08\0\0\0\xec\x05\0\0\
\x61\0\0\0\0\0\0\0\0\0\0\0\0\0\0\x02\x8e\x01\0\0\0\0\0\0\0\0\0\x0a\xe0\x02\0\0\
\0\0\0\0\x04\0\0\x05\x08\0\0\0\xdc\x23\0\0\x90\x01\0\0\0\0\0\0\xe3\x23\0\0\x91\
\x01\0\0\0\0\0\0\xea\x23\0\0\x92\x01\0\0\0\0\0\0\xf1\x23\0\0\x09\0\0\0\0\0\0\0\
\0\0\0\0\0\0\0\x02\xaa\x02\0\0\0\0\0\0\0\0\0\x02\xda\x02\0\0\0\0\0\0\0\0\0\x02\
\x77\0\0\0\xfb\x23\0\0\x06\0\0\x04\x20\0\0\0\xf3\x0b\0\0\x9b\0\0\0\0\0\0\0\x3b\
\0\0\0\x40\0\0\0\x20\0\0\0\x9b\x10\0\0\x40\0\0\0\x30\0\0\0\x13\x24\0\0\x94\x01\
\0\0\x40\0\0\0\0\0\0\0\x96\x01\0\0\x80\0\0\0\x64\x06\0\0\x79\x01\0\0\xc0\0\0\0\
\x18\x24\0\0\0\0\0\x08\x95\x01\0\0\0\0\0\0\x01\0\0\x04\x08\0\0\0\x7c\x0a\0\0\
\x03\0\0\0\0\0\0\0\0\0\0\0\x02\0\0\x05\x08\0\0\0\x28\x24\0\0\x97\x01\0\0\0\0\0\
\0\x2c\x24\0\0\x5d\x01\0\0\0\0\0\0\0\0\0\0\0\0\0\x02\x98\x01\0\0\x39\x24\0\0\0\
\0\0\x08\x5d\x01\0\0\0\0\0\0\0\0\0\x02\xde\x02\0\0\0\0\0\0\0\0\0\x02\xdf\x02\0\
\0\0\0\0\0\0\0\0\x03\0\0\0\0\x44\0\0\0\x04\0\0\0\x20\0\0\0\x4a\x24\0\0\x01\0\0\
\x04\x08\0\0\0\0\0\0\0\x9d\x01\0\0\0\0\0\0\0\0\0\0\x02\0\0\x05\x08\0\0\0\x52\
\x24\0\0\x13\0\0\0\0\0\0\0\0\0\0\0\x9e\x01\0\0\0\0\0\0\0\0\0\0\x02\0\0\x04\x08\
\0\0\0\xf3\x0b\0\0\x9b\0\0\0\0\0\0\0\xbb\x1d\0\0\x02\0\0\0\x20\0\0\0\x5d\x24\0\
\0\x0d\0\0\x04\x80\0\0\0\x6f\x24\0\0\xa0\x01\0\0\0\0\0\0\x7c\x24\0\0\xa0\x01\0\
\0\x40\0\0\0\x77\x17\0\0\xa2\x01\0\0\x80\0\0\0\x8e\x24\0\0\xa7\x01\0\0\xc0\0\0\
\0\x98\x24\0\0\xab\x01\0\0\0\x01\0\0\xa1\x24\0\0\xad\x01\0\0\x40\x01\0\0\xa8\
\x24\0\0\xaf\x01\0\0\x80\x01\0\0\xb2\x24\0\0\xaf\x01\0\0\xc0\x01\0\0\xba\x24\0\
\0\xb1\x01\0\0\0\x02\0\0\xc1\x24\0\0\xb3\x01\0\0\x40\x02\0\0\xc9\x24\0\0\xb5\
\x01\0\0\x80\x02\0\0\xd5\x24\0\0\x3b\x02\0\0\xc0\x02\0\0\xde\x24\0\0\x3f\x02\0\
\0\0\x03\0\0\0\0\0\0\0\0\0\x02\xa1\x01\0\0\0\0\0\0\x02\0\0\x0d\x02\0\0\0\0\0\0\
\0\xfe\0\0\0\0\0\0\0\x09\0\0\0\0\0\0\0\0\0\0\x02\xa3\x01\0\0\0\0\0\0\x02\0\0\
\x0d\x02\0\0\0\0\0\0\0\xa4\x01\0\0\0\0\0\0\xa6\x01\0\0\0\0\0\0\0\0\0\x02\xa5\
\x01\0\0\0\0\0\0\0\0\0\x0a\xff\0\0\0\0\0\0\0\0\0\0\x02\x07\x01\0\0\0\0\0\0\0\0\
\0\x02\xa8\x01\0\0\0\0\0\0\x04\0\0\x0d\x02\0\0\0\0\0\0\0\xa4\x01\0\0\0\0\0\0\
\x09\0\0\0\0\0\0\0\x75\0\0\0\0\0\0\0\xa9\x01\0\0\0\0\0\0\0\0\0\x02\xaa\x01\0\0\
\0\0\0\0\0\0\0\x0a\x07\x01\0\0\0\0\0\0\0\0\0\x02\xac\x01\0\0\0\0\0\0\x01\0\0\
\x0d\x02\0\0\0\0\0\0\0\xa4\x01\0\0\0\0\0\0\0\0\0\x02\xae\x01\0\0\0\0\0\0\x01\0\
\0\x0d\x02\0\0\0\0\0\0\0\xfe\0\0\0\0\0\0\0\0\0\0\x02\xb0\x01\0\0\0\0\0\0\x01\0\
\0\x0d\0\0\0\0\0\0\0\0\xfe\0\0\0\0\0\0\0\0\0\0\x02\xb2\x01\0\0\0\0\0\0\x02\0\0\
\x0d\0\0\0\0\0\0\0\0\xfe\0\0\0\0\0\0\0\x71\0\0\0\0\0\0\0\0\0\0\x02\xb4\x01\0\0\
\0\0\0\0\x03\0\0\x0d\x92\x01\0\0\0\0\0\0\xfe\0\0\0\0\0\0\0\x92\x01\0\0\0\0\0\0\
\x02\0\0\0\0\0\0\0\0\0\0\x02\xb6\x01\0\0\0\0\0\0\x01\0\0\x0d\xb7\x01\0\0\0\0\0\
\0\x39\x02\0\0\0\0\0\0\0\0\0\x02\xb8\x01\0\0\xe5\x24\0\0\x04\0\0\x04\x20\0\0\0\
\xee\x24\0\0\xfe\0\0\0\0\0\0\0\xf7\x24\0\0\x72\0\0\0\x40\0\0\0\xfe\x24\0\0\x02\
\0\0\0\x80\0\0\0\x08\x25\0\0\x7a\x01\0\0\xc0\0\0\0\x13\x25\0\0\x13\0\0\x04\x70\
\x02\0\0\x22\x25\0\0\xba\x01\0\0\0\0\0\0\x2a\x25\0\0\xba\x01\0\0\x40\x02\0\0\
\x32\x25\0\0\xba\x01\0\0\x80\x04\0\0\xae\x07\0\0\x7a\x01\0\0\xc0\x06\0\0\x3d\
\x25\0\0\x02\0\0\0\0\x07\0\0\xf2\x09\0\0\x0e\x01\0\0\x20\x07\0\0\x43\x25\0\0\
\x12\x01\0\0\x40\x07\0\0\x49\x25\0\0\xc0\x01\0\0\x80\x07\0\0\x9b\x10\0\0\x60\0\
\0\0\x40\x08\0\0\x4c\x25\0\0\x17\0\0\0\x80\x08\0\0\x61\x25\0\0\x56\0\0\0\xc0\
\x08\0\0\x73\x25\0\0\xc3\x01\0\0\x40\x09\0\0\x89\x25\0\0\x2e\x01\0\0\x80\x09\0\
\0\x95\x25\0\0\xc3\x01\0\0\xc0\x0a\0\0\x66\x0c\0\0\xa9\0\0\0\0\x0b\0\0\xb1\x25\
\0\0\x22\x02\0\0\0\x0c\0\0\xb5\x25\0\0\x36\x02\0\0\0\x0f\0\0\xbd\x25\0\0\x37\
\x02\0\0\x40\x0f\0\0\xc5\x25\0\0\x38\x02\0\0\x80\x0f\0\0\xd0\x25\0\0\x02\0\0\
\x04\x48\0\0\0\xdc\x25\0\0\x70\0\0\0\0\0\0\0\0\0\0\0\xbb\x01\0\0\x40\0\0\0\0\0\
\0\0\x02\0\0\x05\x40\0\0\0\xe7\x25\0\0\xbd\x01\0\0\0\0\0\0\0\0\0\0\xbe\x01\0\0\
\0\0\0\0\xee\x25\0\0\x03\0\0\x04\x0c\0\0\0\xcf\x1d\0\0\x70\0\0\0\0\0\0\0\xfd\
\x25\0\0\x70\0\0\0\x20\0\0\0\xbb\x1d\0\0\x70\0\0\0\x40\0\0\0\0\0\0\0\0\0\0\x03\
\0\0\0\0\xbc\x01\0\0\x04\0\0\0\x05\0\0\0\0\0\0\0\x02\0\0\x04\x10\0\0\0\x09\x26\
\0\0\xbf\x01\0\0\0\0\0\0\x11\x26\0\0\xbf\x01\0\0\x40\0\0\0\0\0\0\0\0\0\0\x02\
\xbc\x01\0\0\x19\x26\0\0\x04\0\0\x04\x18\0\0\0\x23\x26\0\0\x86\0\0\0\0\0\0\0\
\xfd\x1d\0\0\xc1\x01\0\0\x40\0\0\0\x2b\x26\0\0\x09\0\0\0\x80\0\0\0\xbb\x1d\0\0\
\x7d\0\0\0\xa0\0\0\0\0\0\0\0\0\0\0\x02\xc2\x01\0\0\0\0\0\0\0\0\0\x0a\xb4\x02\0\
\0\0\0\0\0\0\0\0\x02\xc4\x01\0\0\x4c\0\0\0\x13\0\0\x04\xe0\0\0\0\x30\x26\0\0\
\x7d\0\0\0\0\0\0\0\x36\x26\0\0\xc5\x01\0\0\x20\0\0\0\0\0\0\0\xc7\x01\0\0\x40\0\
\0\0\x3d\x26\0\0\xc8\x01\0\0\0\x01\0\0\x46\x26\0\0\x2e\x01\0\0\x40\x01\0\0\x4a\
\x26\0\0\xc9\x01\0\0\x80\x02\0\0\x4f\x26\0\0\x4b\0\0\0\xc0\x02\0\0\0\0\0\0\xca\
\x01\0\0\0\x03\0\0\x58\x26\0\0\x52\x01\0\0\x40\x03\0\0\x75\x1f\0\0\x0e\x01\0\0\
\x80\x03\0\0\x79\x1f\0\0\x12\x01\0\0\xa0\x03\0\0\x65\x26\0\0\xcb\x01\0\0\xc0\
\x03\0\0\x6a\x26\0\0\x40\0\0\0\xe0\x03\0\0\x73\x26\0\0\x40\0\0\0\xf0\x03\0\0\
\xd2\x03\0\0\x1d\x01\0\0\0\x04\0\0\x9b\x10\0\0\x60\0\0\0\x40\x04\0\0\0\0\0\0\
\xcd\x01\0\0\x80\x04\0\0\0\0\0\0\x1d\x02\0\0\xc0\x05\0\0\x7b\x26\0\0\x04\x02\0\
\0\xc0\x06\0\0\x89\x26\0\0\0\0\0\x08\xc6\x01\0\0\x96\x26\0\0\0\0\0\x08\xb6\0\0\
\0\0\0\0\0\x02\0\0\x05\x18\0\0\0\x9e\x26\0\0\x56\0\0\0\0\0\0\0\xad\x26\0\0\x5f\
\0\0\0\0\0\0\0\0\0\0\0\0\0\0\x02\xa9\x02\0\0\0\0\0\0\0\0\0\x02\xb0\x02\0\0\0\0\
\0\0\x02\0\0\x05\x08\0\0\0\xb9\x26\0\0\x52\x01\0\0\0\0\0\0\xc0\x26\0\0\x52\x01\
\0\0\0\0\0\0\xcb\x26\0\0\0\0\0\x08\xcc\x01\0\0\xd6\x26\0\0\0\0\0\x08\x70\0\0\0\
\0\0\0\0\x02\0\0\x05\x28\0\0\0\xdf\x26\0\0\xce\x01\0\0\0\0\0\0\0\0\0\0\xd4\x01\
\0\0\0\0\0\0\xe9\x26\0\0\x05\0\0\x04\x28\0\0\0\xc2\x05\0\0\x60\0\0\0\0\0\0\0\0\
\0\0\0\xcf\x01\0\0\x40\0\0\0\x3b\0\0\0\xd2\x01\0\0\x80\0\0\0\xfb\x26\0\0\xd3\
\x01\0\0\xc0\0\0\0\x06\x27\0\0\x75\0\0\0\0\x01\0\0\0\0\0\0\x02\0\0\x05\x08\0\0\
\0\0\0\0\0\xd0\x01\0\0\0\0\0\0\x12\x27\0\0\x60\0\0\0\0\0\0\0\0\0\0\0\x02\0\0\
\x04\x08\0\0\0\x14\x27\0\0\x93\0\0\0\0\0\0\0\x1d\x27\0\0\xd1\x01\0\0\x10\0\0\0\
\0\0\0\0\0\0\0\x03\0\0\0\0\x77\0\0\0\x04\0\0\0\x06\0\0\0\0\0\0\0\0\0\0\x02\xd5\
\x01\0\0\0\0\0\0\0\0\0\x02\x1c\x02\0\0\0\0\0\0\x05\0\0\x04\x28\0\0\0\xc2\x05\0\
\0\x60\0\0\0\0\0\0\0\x22\x27\0\0\x60\0\0\0\x40\0\0\0\x3b\0\0\0\xd2\x01\0\0\x80\
\0\0\0\xfb\x26\0\0\xd3\x01\0\0\xc0\0\0\0\x06\x27\0\0\x92\x01\0\0\0\x01\0\0\x2b\
\x27\0\0\x15\0\0\x04\xa8\0\0\0\x46\x09\0\0\x75\0\0\0\0\0\0\0\x34\x27\0\0\xd6\
\x01\0\0\x40\0\0\0\x9b\x10\0\0\x09\0\0\0\x80\0\0\0\x40\x27\0\0\xd9\x01\0\0\xc0\
\0\0\0\x50\x27\0\0\xdb\x01\0\0\0\x01\0\0\x59\x27\0\0\xe3\x01\0\0\x40\x01\0\0\
\x67\x27\0\0\xe5\x01\0\0\x80\x01\0\0\x73\x27\0\0\xe5\x01\0\0\xc0\x01\0\0\x7a\
\x27\0\0\xe7\x01\0\0\0\x02\0\0\x89\x27\0\0\xf1\x01\0\0\x40\x02\0\0\x94\x27\0\0\
\xf3\x01\0\0\x80\x02\0\0\x9b\x27\0\0\xf3\x01\0\0\xc0\x02\0\0\xa3\x27\0\0\xf5\
\x01\0\0\0\x03\0\0\xac\x27\0\0\xfd\x01\0\0\x40\x03\0\0\xb1\x27\0\0\xff\x01\0\0\
\x80\x03\0\0\xbd\x27\0\0\x02\x02\0\0\xc0\x03\0\0\xd0\x27\0\0\x0d\x02\0\0\0\x04\
\0\0\xdb\x27\0\0\x16\x02\0\0\x40\x04\0\0\xe7\x27\0\0\x19\x02\0\0\x80\x04\0\0\
\xfd\x27\0\0\x56\0\0\0\xc0\x04\0\0\x02\x28\0\0\x1b\x02\0\0\x40\x05\0\0\x0d\x28\
\0\0\0\0\0\x08\xd7\x01\0\0\x14\x28\0\0\0\0\0\x08\xd8\x01\0\0\x24\x28\0\0\0\0\0\
\x08\x60\0\0\0\0\0\0\0\0\0\0\x02\xda\x01\0\0\0\0\0\0\x01\0\0\x0d\x02\0\0\0\0\0\
\0\0\x75\0\0\0\0\0\0\0\0\0\0\x02\xdc\x01\0\0\0\0\0\0\x01\0\0\x0d\x02\0\0\0\0\0\
\0\0\xdd\x01\0\0\0\0\0\0\0\0\0\x02\xde\x01\0\0\x35\x28\0\0\x07\0\0\x04\x50\0\0\
\0\x4b\x28\0\0\x75\0\0\0\0\0\0\0\x06\x27\0\0\x92\x01\0\0\x40\0\0\0\x5c\x28\0\0\
\xdf\x01\0\0\x80\0\0\0\xe2\x0e\0\0\xe1\x01\0\0\x80\x01\0\0\x73\x26\0\0\xd6\x01\
\0\0\xc0\x01\0\0\x6a\x26\0\0\xd6\x01\0\0\0\x02\0\0\xb9\x26\0\0\x52\x01\0\0\x40\
\x02\0\0\x64\x28\0\0\x02\0\0\x05\x20\0\0\0\x70\x28\0\0\x4b\0\0\0\0\0\0\0\xe2\
\x0e\0\0\xe0\x01\0\0\0\0\0\0\0\0\0\0\0\0\0\x03\0\0\0\0\x4b\0\0\0\x04\0\0\0\x04\
\0\0\0\0\0\0\0\0\0\0\x02\xe2\x01\0\0\0\0\0\0\0\0\0\x0a\0\0\0\0\0\0\0\0\0\0\0\
\x02\xe4\x01\0\0\0\0\0\0\x01\0\0\x0d\0\0\0\0\0\0\0\0\xdd\x01\0\0\0\0\0\0\0\0\0\
\x02\xe6\x01\0\0\0\0\0\0\x02\0\0\x0d\x02\0\0\0\0\0\0\0\xc3\x01\0\0\0\0\0\0\xdd\
\x01\0\0\0\0\0\0\0\0\0\x02\xe8\x01\0\0\0\0\0\0\x01\0\0\x0d\x02\0\0\0\0\0\0\0\
\xe9\x01\0\0\0\0\0\0\0\0\0\x02\xea\x01\0\0\x7a\x28\0\0\x04\0\0\x04\x20\0\0\0\
\x89\x28\0\0\xeb\x01\0\0\0\0\0\0\x8d\x28\0\0\xe1\x01\0\0\x40\0\0\0\x96\x28\0\0\
\x4b\0\0\0\x80\0\0\0\xa0\x28\0\0\x09\0\0\0\xc0\0\0\0\0\0\0\0\0\0\0\x02\xec\x01\
\0\0\0\0\0\0\x02\0\0\x0d\x17\0\0\0\0\0\0\0\xed\x01\0\0\0\0\0\0\xef\x01\0\0\0\0\
\0\0\0\0\0\x02\xee\x01\0\0\0\0\0\0\0\0\0\x0a\xc4\x01\0\0\0\0\0\0\0\0\0\x02\xf0\
\x01\0\0\0\0\0\0\0\0\0\x0a\xea\x01\0\0\0\0\0\0\0\0\0\x02\xf2\x01\0\0\0\0\0\0\
\x01\0\0\x0d\0\0\0\0\0\0\0\0\xe9\x01\0\0\0\0\0\0\0\0\0\x02\xf4\x01\0\0\0\0\0\0\
\x01\0\0\x0d\0\0\0\0\0\0\0\0\xc3\x01\0\0\0\0\0\0\0\0\0\x02\xf6\x01\0\0\0\0\0\0\
\x02\0\0\x0d\0\0\0\0\0\0\0\0\xed\x01\0\0\0\0\0\0\xf7\x01\0\0\0\0\0\0\0\0\0\x02\
\xf8\x01\0\0\xac\x28\0\0\x0c\0\0\x04\x78\0\0\0\xb5\x28\0\0\x92\x01\0\0\0\0\0\0\
\xb9\x28\0\0\xd6\x01\0\0\x40\0\0\0\xbe\x28\0\0\xd6\x01\0\0\x80\0\0\0\xbb\x1d\0\
\0\xd6\x01\0\0\xc0\0\0\0\xc3\x28\0\0\xd6\x01\0\0\0\x01\0\0\xcd\x28\0\0\x23\x01\
\0\0\x40\x01\0\0\xd3\x28\0\0\x23\x01\0\0\x80\x01\0\0\xf3\x0b\0\0\x85\0\0\0\xc0\
\x01\0\0\xdc\x28\0\0\xf9\x01\0\0\xc0\x02\0\0\xdf\x28\0\0\x02\0\0\0\0\x03\0\0\
\xea\x28\0\0\xfb\x01\0\0\x40\x03\0\0\x7c\x16\0\0\x4b\0\0\0\x80\x03\0\0\0\0\0\0\
\0\0\0\x02\xfa\x01\0\0\0\0\0\0\0\0\0\x0a\xb1\x02\0\0\0\0\0\0\0\0\0\x02\xfc\x01\
\0\0\0\0\0\0\0\0\0\x0a\xab\x02\0\0\0\0\0\0\0\0\0\x02\xfe\x01\0\0\0\0\0\0\x03\0\
\0\x0d\x6b\x01\0\0\0\0\0\0\xed\x01\0\0\0\0\0\0\x92\x01\0\0\0\0\0\0\xd6\x01\0\0\
\xef\x28\0\0\0\0\0\x08\0\x02\0\0\0\0\0\0\0\0\0\x02\x01\x02\0\0\0\0\0\0\x02\0\0\
\x0d\x02\0\0\0\0\0\0\0\xc3\x01\0\0\0\0\0\0\x4b\0\0\0\0\0\0\0\0\0\0\x02\x03\x02\
\0\0\0\0\0\0\x01\0\0\x0d\x04\x02\0\0\0\0\0\0\x75\0\0\0\0\0\0\0\0\0\0\x02\x05\
\x02\0\0\x03\x29\0\0\x03\0\0\x04\x18\0\0\0\x13\x29\0\0\x06\x02\0\0\0\0\0\0\x4c\
\0\0\0\xc3\x01\0\0\x40\0\0\0\x19\x29\0\0\xd2\x01\0\0\x80\0\0\0\x21\x29\0\0\0\0\
\0\x08\x07\x02\0\0\0\0\0\0\0\0\0\x02\x08\x02\0\0\0\0\0\0\x04\0\0\x0d\x02\0\0\0\
\0\0\0\0\xc3\x01\0\0\0\0\0\0\x09\x02\0\0\0\0\0\0\x0b\x02\0\0\0\0\0\0\xc3\x01\0\
\0\0\0\0\0\0\0\0\x02\x0a\x02\0\0\0\0\0\0\0\0\0\x0a\xd5\x01\0\0\0\0\0\0\0\0\0\
\x02\x0c\x02\0\0\0\0\0\0\0\0\0\x0a\xdf\x01\0\0\0\0\0\0\0\0\0\x02\x0e\x02\0\0\0\
\0\0\0\x02\0\0\x0d\x02\0\0\0\0\0\0\0\x0f\x02\0\0\0\0\0\0\x14\x02\0\0\0\0\0\0\0\
\0\0\x02\x10\x02\0\0\0\0\0\0\0\0\0\x0a\x11\x02\0\0\x3a\x29\0\0\x07\0\0\x84\x30\
\0\0\0\x4c\0\0\0\xc3\x01\0\0\0\0\0\0\x4d\x29\0\0\x75\0\0\0\x40\0\0\0\x56\x29\0\
\0\x75\0\0\0\x80\0\0\0\xf8\x1d\0\0\x92\x01\0\0\xc0\0\0\0\x60\x29\0\0\x08\0\0\0\
\0\x01\0\0\0\0\0\0\x12\x02\0\0\x20\x01\0\0\xdc\x28\0\0\x13\x02\0\0\x40\x01\0\
\x08\0\0\0\0\x02\0\0\x05\x04\0\0\0\x67\x29\0\0\x08\0\0\0\0\0\0\0\x6f\x29\0\0\
\x08\0\0\0\0\0\0\0\x77\x29\0\0\x04\0\0\x06\x04\0\0\0\x8d\x29\0\0\0\0\0\0\xa1\
\x29\0\0\x01\0\0\0\xb5\x29\0\0\x02\0\0\0\xc6\x29\0\0\x03\0\0\0\0\0\0\0\0\0\0\
\x02\x15\x02\0\0\xd9\x29\0\0\x06\0\0\x04\x10\0\0\0\xeb\x29\0\0\x08\0\0\0\0\0\0\
\0\xf9\x29\0\0\x08\0\0\0\x20\0\0\0\x02\x2a\0\0\x94\0\0\0\x40\0\0\0\x10\x2a\0\0\
\x94\0\0\0\x50\0\0\0\x1d\x2a\0\0\x94\0\0\0\x60\0\0\0\x2a\x2a\0\0\x94\0\0\0\x70\
\0\0\0\0\0\0\0\0\0\0\x02\x17\x02\0\0\0\0\0\0\x03\0\0\x0d\x02\0\0\0\0\0\0\0\x18\
\x02\0\0\0\0\0\0\xe1\x01\0\0\0\0\0\0\x4b\0\0\0\0\0\0\0\0\0\0\x02\x11\x02\0\0\0\
\0\0\0\0\0\0\x02\x1a\x02\0\0\0\0\0\0\x03\0\0\x0d\x02\0\0\0\0\0\0\0\x18\x02\0\0\
\0\0\0\0\xe1\x01\0\0\0\0\0\0\xe1\x01\0\0\x37\x2a\0\0\0\0\0\x04\0\0\0\0\x46\x2a\
\0\0\x03\0\0\x04\x18\0\0\0\x31\x1d\0\0\x18\x01\0\0\0\0\0\0\x30\x26\0\0\x7d\0\0\
\0\x80\0\0\0\x4e\x2a\0\0\x17\0\0\0\xa0\0\0\0\0\0\0\0\x02\0\0\x05\x20\0\0\0\x5c\
\x28\0\0\xdf\x01\0\0\0\0\0\0\0\0\0\0\x1e\x02\0\0\0\0\0\0\0\0\0\0\x02\0\0\x04\
\x20\0\0\0\x56\x2a\0\0\x56\0\0\0\0\0\0\0\x60\x2a\0\0\x1f\x02\0\0\x80\0\0\0\x65\
\x2a\0\0\x02\0\0\x04\x10\0\0\0\x71\x2a\0\0\x20\x02\0\0\0\0\0\0\x76\x2a\0\0\x60\
\0\0\0\x40\0\0\0\0\0\0\0\0\0\0\x02\x21\x02\0\0\x88\x2a\0\0\0\0\0\x07\0\0\0\0\
\x98\x2a\0\0\x02\0\0\x04\x60\0\0\0\xa6\x2a\0\0\x23\x02\0\0\0\0\0\0\xae\x2a\0\0\
\x26\x02\0\0\x40\0\0\0\0\0\0\0\0\0\0\x02\x24\x02\0\0\0\0\0\0\x01\0\0\x0d\x02\0\
\0\0\0\0\0\0\x25\x02\0\0\0\0\0\0\0\0\0\x02\x22\x02\0\0\xb2\x2a\0\0\x02\0\0\x04\
\x58\0\0\0\xba\x2a\0\0\x27\x02\0\0\0\0\0\0\x71\x2a\0\0\x8c\x01\0\0\x80\x02\0\0\
\xc1\x2a\0\0\x08\0\0\x04\x50\0\0\0\0\0\0\0\x28\x02\0\0\0\0\0\0\xd2\x2a\0\0\x2b\
\x02\0\0\xc0\0\0\0\xe0\x2a\0\0\x2a\x02\0\0\0\x01\0\0\x71\x2a\0\0\x33\x02\0\0\
\x40\x01\0\0\xb1\x25\0\0\x25\x02\0\0\x80\x01\0\0\xae\x07\0\0\x34\x02\0\0\xc0\
\x01\0\0\x4d\x0e\0\0\x35\x02\0\0\0\x02\0\0\xee\x2a\0\0\x79\x01\0\0\x40\x02\0\0\
\0\0\0\0\x02\0\0\x05\x18\0\0\0\0\0\0\0\x29\x02\0\0\0\0\0\0\x31\x1d\0\0\x18\x01\
\0\0\0\0\0\0\0\0\0\0\x04\0\0\x04\x18\0\0\0\xf5\x2a\0\0\x2a\x02\0\0\0\0\0\0\xff\
\x2a\0\0\x02\0\0\0\x40\0\0\0\xbb\x1d\0\0\x02\0\0\0\x60\0\0\0\x04\x2b\0\0\x02\0\
\0\0\x80\0\0\0\0\0\0\0\0\0\0\x02\x2c\x02\0\0\0\0\0\0\0\0\0\x02\x9e\0\0\0\xf5\
\x2a\0\0\x09\0\0\x04\x40\0\0\0\x09\x2b\0\0\x75\0\0\0\0\0\0\0\xe2\x0e\0\0\x4b\0\
\0\0\x40\0\0\0\x12\x2b\0\0\x02\0\0\0\x80\0\0\0\x19\x2b\0\0\x0d\x01\0\0\xa0\0\0\
\0\x1e\x2b\0\0\x2a\x02\0\0\xc0\0\0\0\x24\x2b\0\0\x2d\x02\0\0\0\x01\0\0\x31\x2b\
\0\0\x32\x02\0\0\x40\x01\0\0\x36\x2b\0\0\x4b\0\0\0\x80\x01\0\0\x3d\x2b\0\0\x4b\
\0\0\0\xc0\x01\0\0\0\0\0\0\0\0\0\x02\x2e\x02\0\0\x24\x2b\0\0\0\0\0\x08\x2f\x02\
\0\0\0\0\0\0\x05\0\0\x0d\x02\0\0\0\0\0\0\0\x2a\x02\0\0\0\0\0\0\x02\0\0\0\0\0\0\
\0\x4b\0\0\0\0\0\0\0\x30\x02\0\0\0\0\0\0\x31\x02\0\0\0\0\0\0\0\0\0\x02\xd6\x01\
\0\0\0\0\0\0\0\0\0\x02\x23\x01\0\0\0\0\0\0\0\0\0\x02\xc5\x02\0\0\0\0\0\0\0\0\0\
\x02\xc6\x02\0\0\0\0\0\0\0\0\0\x02\x26\x02\0\0\0\0\0\0\0\0\0\x02\xc7\x02\0\0\0\
\0\0\0\0\0\0\x02\x27\x02\0\0\0\0\0\0\0\0\0\x02\xc4\x02\0\0\0\0\0\0\0\0\0\x03\0\
\0\0\0\x6b\x01\0\0\x04\0\0\0\x10\0\0\0\0\0\0\0\0\0\0\x02\x3a\x02\0\0\x44\x2b\0\
\0\x02\0\0\x04\x10\0\0\0\x49\x2b\0\0\xb7\x01\0\0\0\0\0\0\x62\x17\0\0\xfe\0\0\0\
\x40\0\0\0\0\0\0\0\0\0\0\x02\x3c\x02\0\0\0\0\0\0\x02\0\0\x0d\x02\0\0\0\0\0\0\0\
\x3d\x02\0\0\0\0\0\0\x17\0\0\0\0\0\0\0\0\0\0\x02\x3e\x02\0\0\0\0\0\0\0\0\0\x0a\
\x3a\x02\0\0\0\0\0\0\0\0\0\x02\x40\x02\0\0\0\0\0\0\x02\0\0\x0d\xfe\0\0\0\0\0\0\
\0\xfe\0\0\0\0\0\0\0\x41\x02\0\0\0\0\0\0\0\0\0\x02\x42\x02\0\0\0\0\0\0\0\0\0\
\x0a\x0c\x01\0\0\0\0\0\0\x02\0\0\x05\x10\0\0\0\x4d\x2b\0\0\x56\0\0\0\0\0\0\0\
\x53\x2b\0\0\x44\x02\0\0\0\0\0\0\0\0\0\0\0\0\0\x02\xae\0\0\0\0\0\0\0\x03\0\0\
\x05\x10\0\0\0\x5a\x2b\0\0\x59\0\0\0\0\0\0\0\x62\x2b\0\0\x04\x01\0\0\0\0\0\0\
\x73\x2b\0\0\x18\x01\0\0\0\0\0\0\x79\x2b\0\0\x11\0\0\x04\xa0\xc4\0\0\x4d\x0e\0\
\0\x4a\x02\0\0\0\0\0\0\x3d\x25\0\0\x4b\x02\0\0\0\x1b\x06\0\x85\x2b\0\0\x85\0\0\
\0\0\x1c\x06\0\xf3\x0b\0\0\x9b\0\0\0\0\x1d\x06\0\x93\x2b\0\0\x85\0\0\0\x40\x1d\
\x06\0\xa1\x2b\0\0\x09\0\0\0\x40\x1e\x06\0\xaa\x2b\0\0\x60\0\0\0\x80\x1e\x06\0\
\xb6\x2b\0\0\x60\0\0\0\xc0\x1e\x06\0\xc9\x2b\0\0\x60\0\0\0\0\x1f\x06\0\xe0\x2b\
\0\0\x60\0\0\0\x40\x1f\x06\0\xf1\x2b\0\0\x4c\x02\0\0\x80\x1f\x06\0\xf5\x2b\0\0\
\x60\0\0\0\xc0\x1f\x06\0\x06\x2c\0\0\x85\0\0\0\0\x20\x06\0\x19\x2c\0\0\x9e\0\0\
\0\0\x21\x06\0\x31\x2c\0\0\x45\0\0\0\0\x22\x06\0\x66\x0c\0\0\xe4\0\0\0\x40\x22\
\x06\0\x46\x2c\0\0\x4d\x02\0\0\0\x25\x06\0\x4e\x2c\0\0\x07\0\0\x04\x60\0\0\0\
\xf3\x0b\0\0\x9b\0\0\0\0\0\0\0\x58\x2c\0\0\x48\x02\0\0\x40\0\0\0\x66\x2c\0\0\
\x48\x02\0\0\x40\x01\0\0\xc9\x2b\0\0\x60\0\0\0\x40\x02\0\0\x79\x2c\0\0\x49\x02\
\0\0\x80\x02\0\0\x85\x2c\0\0\x02\0\0\0\xc0\x02\0\0\x8b\x2c\0\0\x02\0\0\0\xe0\
\x02\0\0\0\0\0\0\0\0\0\x03\0\0\0\0\x60\0\0\0\x04\0\0\0\x04\0\0\0\0\0\0\0\0\0\0\
\x02\x47\x02\0\0\0\0\0\0\0\0\0\x03\0\0\0\0\x47\x02\0\0\x04\0\0\0\x09\x02\0\0\0\
\0\0\0\0\0\0\x03\0\0\0\0\x49\x02\0\0\x04\0\0\0\x04\0\0\0\0\0\0\0\0\0\0\x02\xf4\
\x02\0\0\xf7\x10\0\0\0\0\0\x04\0\0\0\0\0\0\0\0\0\0\0\x03\0\0\0\0\x46\x02\0\0\
\x04\0\0\0\0\0\0\0\0\0\0\0\0\0\0\x03\0\0\0\0\x39\0\0\0\x04\0\0\0\x03\0\0\0\0\0\
\0\0\0\0\0\x03\0\0\0\0\x60\0\0\0\x04\0\0\0\x02\0\0\0\0\0\0\0\0\0\0\x02\xe2\x02\
\0\0\0\0\0\0\0\0\0\x02\x39\0\0\0\x91\x2c\0\0\x05\0\0\x04\x10\0\0\0\x9f\x2c\0\0\
\x54\x02\0\0\0\0\0\0\x9b\x10\0\0\x44\0\0\0\x40\0\0\0\xa7\x2c\0\0\x44\0\0\0\x48\
\0\0\0\xb2\x2c\0\0\x44\0\0\0\x50\0\0\0\xbf\x2c\0\0\x44\0\0\0\x58\0\0\0\0\0\0\0\
\0\0\0\x02\x55\x02\0\0\0\0\0\0\0\0\0\x0a\xe8\x02\0\0\0\0\0\0\0\0\0\x02\xe9\x02\
\0\0\0\0\0\0\0\0\0\x02\0\x03\0\0\xc8\x2c\0\0\x05\0\0\x04\x28\0\0\0\xd4\x2c\0\0\
\x3c\0\0\0\0\0\0\0\xd9\x2c\0\0\x3c\0\0\0\x40\0\0\0\xdd\x2c\0\0\x3c\0\0\0\x80\0\
\0\0\xe1\x2c\0\0\x70\0\0\0\xc0\0\0\0\x14\x21\0\0\x3c\0\0\0\0\x01\0\0\0\0\0\0\0\
\0\0\x03\0\0\0\0\x58\x02\0\0\x04\0\0\0\x10\0\0\0\0\0\0\0\0\0\0\x03\0\0\0\0\x60\
\0\0\0\x04\0\0\0\x01\0\0\0\xec\x2c\0\0\x13\0\0\x04\x58\x01\0\0\xd0\x02\0\0\x37\
\0\0\0\0\0\0\0\xf5\x2c\0\0\x56\0\0\0\x40\0\0\0\xfc\x2c\0\0\x59\0\0\0\xc0\0\0\0\
\x07\x2d\0\0\x5c\x02\0\0\x40\x01\0\0\xae\x07\0\0\x4c\0\0\0\x80\x01\0\0\x51\x22\
\0\0\xd8\0\0\0\xc0\x01\0\0\x0d\x2d\0\0\x17\0\0\0\x40\x02\0\0\x14\x2d\0\0\x5d\
\x02\0\0\x80\x02\0\0\x1f\x2d\0\0\x5e\x02\0\0\xc0\x02\0\0\x26\x2d\0\0\x64\x02\0\
\0\xc0\x05\0\0\x29\x2d\0\0\x9b\0\0\0\x40\x07\0\0\x38\x2d\0\0\x65\x02\0\0\x80\
\x07\0\0\x43\x2d\0\0\xa9\0\0\0\0\x08\0\0\x52\x2d\0\0\x45\0\0\0\0\x09\0\0\x5c\
\x2d\0\0\x87\0\0\0\x40\x09\0\0\x67\x2d\0\0\x87\0\0\0\x80\x09\0\0\x73\x2d\0\0\
\x3c\0\0\0\xc0\x09\0\0\x7e\x2d\0\0\x02\0\0\0\0\x0a\0\0\xb9\x13\0\0\x18\x01\0\0\
\x40\x0a\0\0\0\0\0\0\0\0\0\x02\xd7\x02\0\0\0\0\0\0\0\0\0\x02\x5e\x02\0\0\x87\
\x2d\0\0\x03\0\0\x04\x60\0\0\0\x97\x2d\0\0\x5f\x02\0\0\0\0\0\0\x9c\x2d\0\0\x60\
\x02\0\0\0\0\0\0\xa0\x2d\0\0\x60\x02\0\0\x80\x01\0\0\xa5\x2d\0\0\0\0\0\x04\0\0\
\0\0\xb4\x2d\0\0\x02\0\0\x04\x30\0\0\0\xc0\x2d\0\0\x61\x02\0\0\0\0\0\0\xc6\x2d\
\0\0\x61\x02\0\0\xc0\0\0\0\0\0\0\0\0\0\0\x03\0\0\0\0\x3c\0\0\0\x04\0\0\0\x03\0\
\0\0\0\0\0\0\0\0\0\x02\x63\x02\0\0\xca\x2d\0\0\x03\0\0\x04\x10\0\0\0\xdb\x2d\0\
\0\x4c\0\0\0\0\0\0\0\xe0\x2d\0\0\x02\0\0\0\x40\0\0\0\x0d\x2d\0\0\x17\0\0\0\x60\
\0\0\0\0\0\0\0\0\0\0\x03\0\0\0\0\x62\x02\0\0\x04\0\0\0\x06\0\0\0\xe5\x2d\0\0\
\x02\0\0\x04\x10\0\0\0\x1a\x0f\0\0\x3d\0\0\0\0\0\0\0\x9e\x0a\0\0\x3d\0\0\0\x40\
\0\0\0\xee\x2d\0\0\x1c\0\0\x04\x70\0\0\0\xfb\x2d\0\0\x67\x02\0\0\0\0\0\0\x02\
\x2e\0\0\x60\0\0\0\x40\0\0\0\x14\x2e\0\0\x60\0\0\0\x80\0\0\0\x27\x2e\0\0\x09\0\
\0\0\xc0\0\0\0\x36\x2e\0\0\x09\0\0\0\xe0\0\0\0\x46\x2e\0\0\x09\0\0\0\0\x01\0\0\
\x54\x2e\0\0\x09\0\0\0\x20\x01\0\0\x60\x2e\0\0\x09\0\0\0\x40\x01\0\0\x71\x2e\0\
\0\x09\0\0\0\x60\x01\0\0\x85\x2e\0\0\x09\0\0\0\x80\x01\0\0\x98\x2e\0\0\x09\0\0\
\0\xa0\x01\0\0\xa9\x2e\0\0\x09\0\0\0\xc0\x01\0\0\xb0\x2e\0\0\x09\0\0\0\xe0\x01\
\0\0\xb7\x2e\0\0\x09\0\0\0\0\x02\0\0\xcb\x2e\0\0\x09\0\0\0\x20\x02\0\0\xe2\x2e\
\0\0\x09\0\0\0\x40\x02\0\0\xf9\x2e\0\0\x09\0\0\0\x60\x02\0\0\x12\x2f\0\0\x09\0\
\0\0\x80\x02\0\0\x2a\x2f\0\0\x09\0\0\0\xa0\x02\0\0\x3e\x2f\0\0\x09\0\0\0\xc0\
\x02\0\0\x50\x2f\0\0\x09\0\0\0\xe0\x02\0\0\x67\x2f\0\0\x40\0\0\0\0\x03\0\0\x74\
\x2f\0\0\x40\0\0\0\x10\x03\0\0\x8b\x2f\0\0\x40\0\0\0\x20\x03\0\0\xa0\x2f\0\0\
\x44\0\0\0\x30\x03\0\0\xab\x2f\0\0\x44\0\0\0\x38\x03\0\0\xbe\x2f\0\0\x44\0\0\0\
\x40\x03\0\0\xdd\x2f\0\0\x68\x02\0\0\x60\x03\0\0\xe3\x2f\0\0\x02\0\0\x06\x04\0\
\0\0\xee\x2f\0\0\0\0\0\0\xfe\x2f\0\0\x01\0\0\0\x0e\x30\0\0\x03\0\0\x06\x04\0\0\
\0\x1e\x30\0\0\0\0\0\0\x2d\x30\0\0\x01\0\0\0\x3a\x30\0\0\x02\0\0\0\0\0\0\0\0\0\
\0\x02\x60\0\0\0\0\0\0\0\0\0\0\x02\x01\x03\0\0\x47\x30\0\0\x08\0\0\x84\x50\0\0\
\0\x57\x30\0\0\x09\0\0\0\0\0\0\x01\x69\x30\0\0\x09\0\0\0\x01\0\0\x01\x7b\x30\0\
\0\x41\0\0\0\x08\0\0\0\x85\x30\0\0\x60\0\0\0\x40\0\0\0\x99\x30\0\0\x6c\x02\0\0\
\x80\0\0\0\xa5\x30\0\0\x56\0\0\0\x80\x01\0\0\xba\x30\0\0\x6a\0\0\0\0\x02\0\0\
\xc3\x30\0\0\x9b\0\0\0\x40\x02\0\0\0\0\0\0\0\0\0\x03\0\0\0\0\x56\0\0\0\x04\0\0\
\0\x02\0\0\0\0\0\0\0\0\0\0\x02\x02\x03\0\0\0\0\0\0\0\0\0\x02\xe7\x02\0\0\xd1\
\x30\0\0\x0d\0\0\x04\x88\x01\0\0\xd9\x30\0\0\x70\x02\0\0\0\0\0\0\xe2\x30\0\0\
\x09\0\0\0\x40\0\0\0\xec\x30\0\0\x71\x02\0\0\x80\0\0\0\xf2\x30\0\0\x72\x02\0\0\
\xc0\0\0\0\xfb\x30\0\0\x72\x02\0\0\0\x03\0\0\x05\x31\0\0\x72\x02\0\0\x40\x05\0\
\0\x18\x31\0\0\x72\x02\0\0\x80\x07\0\0\x2c\x31\0\0\x09\0\0\0\xc0\x09\0\0\x35\
\x31\0\0\x9b\0\0\0\xe0\x09\0\0\x41\x31\0\0\x65\x02\0\0\0\x0a\0\0\x4d\x31\0\0\
\xa9\0\0\0\x80\x0a\0\0\x59\x31\0\0\xe9\0\0\0\x80\x0b\0\0\xa6\x15\0\0\x59\0\0\0\
\xc0\x0b\0\0\0\0\0\0\0\0\0\x02\xa6\x02\0\0\0\0\0\0\0\0\0\x02\xcc\x02\0\0\x6a\
\x31\0\0\0\0\0\x08\x73\x02\0\0\x74\x31\0\0\x08\0\0\x04\x48\0\0\0\xf3\x0b\0\0\
\x9b\0\0\0\0\0\0\0\x7e\x31\0\0\x02\0\0\0\x20\0\0\0\x85\x31\0\0\x02\0\0\0\x40\0\
\0\0\x8d\x31\0\0\x74\x02\0\0\x80\0\0\0\x96\x31\0\0\x4b\0\0\0\xc0\0\0\0\xa0\x31\
\0\0\x75\x02\0\0\0\x01\0\0\xa6\x31\0\0\x78\x02\0\0\x40\x01\0\0\x25\x0e\0\0\xae\
\0\0\0\x80\x01\0\0\0\0\0\0\0\0\0\x02\x4b\0\0\0\0\0\0\0\0\0\0\x02\x76\x02\0\0\
\xab\x31\0\0\0\0\0\x08\x77\x02\0\0\0\0\0\0\x02\0\0\x0d\x4b\0\0\0\0\0\0\0\xd3\0\
\0\0\0\0\0\0\x4b\0\0\0\0\0\0\0\0\0\0\x02\x79\x02\0\0\xbb\x31\0\0\0\0\0\x08\x7a\
\x02\0\0\0\0\0\0\x02\0\0\x0d\0\0\0\0\0\0\0\0\x4b\0\0\0\0\0\0\0\x4b\0\0\0\0\0\0\
\0\0\0\0\x03\0\0\0\0\x3c\0\0\0\x04\0\0\0\x05\0\0\0\xca\x31\0\0\x16\0\0\x04\x68\
\x04\0\0\xb3\x08\0\0\x3c\0\0\0\0\0\0\0\xec\x05\0\0\x5f\0\0\0\x40\0\0\0\xdb\x31\
\0\0\x56\0\0\0\0\x01\0\0\xe4\x31\0\0\x60\0\0\0\x80\x01\0\0\xed\x31\0\0\x60\0\0\
\0\xc0\x01\0\0\x51\x22\0\0\x7c\0\0\0\0\x02\0\0\xf6\x31\0\0\x09\0\0\0\x20\x02\0\
\0\x03\x32\0\0\x09\0\0\0\x40\x02\0\0\x0d\x32\0\0\x09\0\0\0\x60\x02\0\0\x17\x32\
\0\0\x09\0\0\0\x80\x02\0\0\x25\x32\0\0\x86\0\0\0\xc0\x02\0\0\x39\x32\0\0\x7d\
\x02\0\0\0\x03\0\0\x3c\x32\0\0\x56\0\0\0\x40\x1b\0\0\x44\x32\0\0\xd2\0\0\0\xc0\
\x1b\0\0\x4e\x32\0\0\x85\0\0\0\x40\x1c\0\0\x61\x32\0\0\x2e\x01\0\0\x40\x1d\0\0\
\x71\x32\0\0\xae\0\0\0\x80\x1e\0\0\xe7\x11\0\0\x7f\0\0\0\x40\x1f\0\0\x7a\x32\0\
\0\x89\x02\0\0\x80\x1f\0\0\xf2\x09\0\0\x7f\0\0\0\x80\x21\0\0\x83\x32\0\0\xe5\0\
\0\0\xc0\x21\0\0\x98\x32\0\0\xfe\0\0\0\0\x23\0\0\xa2\x32\0\0\x24\0\0\x04\x08\
\x03\0\0\xbc\x10\0\0\x39\x01\0\0\0\0\0\0\xd2\x03\0\0\x60\0\0\0\x40\0\0\0\xb0\
\x32\0\0\x60\0\0\0\x80\0\0\0\xbf\x32\0\0\x56\0\0\0\xc0\0\0\0\xc7\x32\0\0\x56\0\
\0\0\x40\x01\0\0\xcc\x32\0\0\x56\0\0\0\xc0\x01\0\0\xd6\x32\0\0\x56\0\0\0\x40\
\x02\0\0\xe3\x32\0\0\x9b\0\0\0\xc0\x02\0\0\xed\x32\0\0\x45\0\0\0\xe0\x02\0\0\
\xfe\x32\0\0\x80\x02\0\0\0\x03\0\0\x03\x33\0\0\x60\0\0\0\0\x08\0\0\x0d\x33\0\0\
\x60\0\0\0\x40\x08\0\0\x1b\x33\0\0\x60\0\0\0\x80\x08\0\0\x29\x33\0\0\x60\0\0\0\
\xc0\x08\0\0\x37\x33\0\0\x60\0\0\0\0\x09\0\0\x47\x33\0\0\x60\0\0\0\x40\x09\0\0\
\x5b\x33\0\0\x60\0\0\0\x80\x09\0\0\x6b\x33\0\0\x60\0\0\0\xc0\x09\0\0\x84\x33\0\
\0\x81\x02\0\0\0\x0a\0\0\x90\x33\0\0\x02\0\0\0\x80\x0b\0\0\x9f\x33\0\0\x82\x02\
\0\0\xa0\x0b\0\0\xb0\x33\0\0\x9b\0\0\0\xc0\x0b\0\0\xba\x33\0\0\x56\0\0\0\0\x0c\
\0\0\xc4\x33\0\0\xe4\0\0\0\x80\x0c\0\0\xca\x33\0\0\xe4\0\0\0\x40\x0f\0\0\xd3\
\x33\0\0\x60\0\0\0\0\x12\0\0\xdf\x33\0\0\x56\0\0\0\x40\x12\0\0\x51\x22\0\0\xd8\
\0\0\0\xc0\x12\0\0\xe8\x33\0\0\x81\x02\0\0\x40\x13\0\0\xfa\x33\0\0\x83\x02\0\0\
\xc0\x14\0\0\x04\x34\0\0\x83\x02\0\0\0\x15\0\0\x0e\x34\0\0\x56\0\0\0\x40\x15\0\
\0\xfc\x2c\0\0\x56\0\0\0\xc0\x15\0\0\x19\x34\0\0\x56\0\0\0\x40\x16\0\0\x24\x34\
\0\0\x56\0\0\0\xc0\x16\0\0\0\0\0\0\x88\x02\0\0\x40\x17\0\0\x31\x34\0\0\x04\0\0\
\x04\x28\0\0\0\xf3\x0b\0\0\x8c\0\0\0\0\0\0\0\xbb\x1d\0\0\x89\0\0\0\x40\0\0\0\
\x64\x06\0\0\x56\0\0\0\x80\0\0\0\x40\x34\0\0\x7f\x02\0\0\0\x01\0\0\0\0\0\0\0\0\
\0\x02\xb6\0\0\0\0\0\0\0\0\0\0\x03\0\0\0\0\x7e\x02\0\0\x04\0\0\0\x04\0\0\0\x49\
\x34\0\0\x03\0\0\x04\x30\0\0\0\x61\x10\0\0\x7e\x02\0\0\0\0\0\0\x5c\x34\0\0\x09\
\0\0\0\x40\x01\0\0\xf3\x0b\0\0\x8c\0\0\0\x60\x01\0\0\x63\x34\0\0\x09\0\0\x06\
\x04\0\0\0\x6d\x34\0\0\0\0\0\0\x82\x34\0\0\x01\0\0\0\x93\x34\0\0\x02\0\0\0\xa2\
\x34\0\0\x03\0\0\0\xb5\x34\0\0\x04\0\0\0\xcc\x34\0\0\x05\0\0\0\xe4\x34\0\0\x06\
\0\0\0\xfc\x34\0\0\x07\0\0\0\x14\x35\0\0\x08\0\0\0\0\0\0\0\0\0\0\x02\x84\x02\0\
\0\x22\x35\0\0\x0d\0\0\x04\xc8\0\0\0\x36\x35\0\0\x85\x02\0\0\0\0\0\0\x3d\x35\0\
\0\x86\x02\0\0\x40\0\0\0\x51\x22\0\0\xd8\0\0\0\x80\0\0\0\x40\x35\0\0\x56\0\0\0\
\0\x01\0\0\x48\x35\0\0\x56\0\0\0\x80\x01\0\0\x51\x35\0\0\x56\0\0\0\0\x02\0\0\
\xb3\x08\0\0\x02\0\0\0\x80\x02\0\0\x9b\x10\0\0\x09\0\0\0\xa0\x02\0\0\x60\x35\0\
\0\x3c\0\0\0\xc0\x02\0\0\x6a\x35\0\0\x45\0\0\0\0\x03\0\0\x35\x1d\0\0\xa9\0\0\0\
\x40\x03\0\0\x75\x35\0\0\x87\x02\0\0\x40\x04\0\0\xae\x07\0\0\x83\x02\0\0\0\x06\
\0\0\0\0\0\0\0\0\0\x02\xb6\x02\0\0\0\0\0\0\0\0\0\x02\xb8\x02\0\0\x83\x35\0\0\
\x03\0\0\x04\x38\0\0\0\x66\x0c\0\0\xa9\0\0\0\0\0\0\0\x31\x1d\0\0\x18\x01\0\0\0\
\x01\0\0\x06\x16\0\0\xe9\0\0\0\x80\x01\0\0\0\0\0\0\x02\0\0\x05\x20\0\0\0\x8c\
\x35\0\0\xa9\0\0\0\0\0\0\0\x31\x1d\0\0\x18\x01\0\0\0\0\0\0\0\0\0\0\0\0\0\x03\0\
\0\0\0\x77\0\0\0\x04\0\0\0\x40\0\0\0\0\0\0\0\0\0\0\x02\xd2\x02\0\0\0\0\0\0\0\0\
\0\x02\xd3\x02\0\0\0\0\0\0\0\0\0\x02\xd4\x02\0\0\0\0\0\0\0\0\0\x02\xd5\x02\0\0\
\0\0\0\0\0\0\0\x02\xd6\x02\0\0\x99\x35\0\0\x02\0\0\x04\x28\0\0\0\xa7\x35\0\0\
\x90\x02\0\0\0\0\0\0\xae\x35\0\0\x92\x02\0\0\x40\0\0\0\0\0\0\0\0\0\0\x02\x91\
\x02\0\0\0\0\0\0\0\0\0\x0a\xd8\x02\0\0\0\0\0\0\0\0\0\x03\0\0\0\0\x3c\0\0\0\x04\
\0\0\0\x04\0\0\0\0\0\0\0\0\0\0\x02\xff\x02\0\0\xb5\x35\0\0\x03\0\0\x06\x04\0\0\
\0\xc1\x35\0\0\0\0\0\0\xcc\x35\0\0\x01\0\0\0\xdc\x35\0\0\x02\0\0\0\0\0\0\0\x02\
\0\0\x05\x20\0\0\0\xeb\x35\0\0\x96\x02\0\0\0\0\0\0\xef\x35\0\0\x3c\0\0\0\0\0\0\
\0\xf9\x35\0\0\x03\0\0\x04\x20\0\0\0\x4d\x0e\0\0\x97\x02\0\0\0\0\0\0\xe7\x0e\0\
\0\x99\x02\0\0\x80\0\0\0\xf8\x1d\0\0\x4b\0\0\0\xc0\0\0\0\x0c\x36\0\0\x04\0\0\
\x04\x10\0\0\0\x1f\x36\0\0\x5c\0\0\0\0\0\0\0\0\0\0\0\x98\x02\0\0\x40\0\0\0\x25\
\x36\0\0\x93\0\0\0\x60\0\0\0\x29\x36\0\0\x93\0\0\0\x70\0\0\0\0\0\0\0\x02\0\0\
\x05\x04\0\0\0\x2d\x36\0\0\x09\0\0\0\0\0\0\0\x35\x36\0\0\x45\0\0\0\0\0\0\0\x3d\
\x36\0\0\0\0\0\x08\x9a\x02\0\0\0\0\0\0\0\0\0\x02\x9b\x02\0\0\0\0\0\0\x01\0\0\
\x0d\0\0\0\0\0\0\0\0\x4b\0\0\0\0\0\0\0\x01\0\0\x0d\x02\0\0\0\x79\x01\0\0\x33\0\
\0\0\x9b\x39\0\0\x01\0\0\x0c\x9c\x02\0\0\0\0\0\0\x01\0\0\x0d\x02\0\0\0\x79\x01\
\0\0\x33\0\0\0\x8c\x3b\0\0\x01\0\0\x0c\x9e\x02\0\0\0\0\0\0\0\0\0\x03\0\0\0\0\
\x77\0\0\0\x04\0\0\0\x0d\0\0\0\xcc\x3f\0\0\0\0\0\x0e\xa0\x02\0\0\x01\0\0\0\xd4\
\x3f\0\0\x10\0\0\x0f\0\0\0\0\x0d\0\0\0\0\0\0\0\x20\0\0\0\x1a\0\0\0\0\0\0\0\x20\
\0\0\0\x20\0\0\0\0\0\0\0\x20\0\0\0\x21\0\0\0\0\0\0\0\x20\0\0\0\x22\0\0\0\0\0\0\
\0\x20\0\0\0\x23\0\0\0\0\0\0\0\x20\0\0\0\x24\0\0\0\0\0\0\0\x20\0\0\0\x25\0\0\0\
\0\0\0\0\x20\0\0\0\x26\0\0\0\0\0\0\0\x20\0\0\0\x27\0\0\0\0\0\0\0\x20\0\0\0\x29\
\0\0\0\0\0\0\0\x20\0\0\0\x2b\0\0\0\0\0\0\0\x20\0\0\0\x2c\0\0\0\0\0\0\0\x20\0\0\
\0\x2d\0\0\0\0\0\0\0\x20\0\0\0\x2e\0\0\0\0\0\0\0\x20\0\0\0\x32\0\0\0\0\0\0\0\
\x20\0\0\0\xda\x3f\0\0\x01\0\0\x0f\0\0\0\0\xa1\x02\0\0\0\0\0\0\x0d\0\0\0\xe2\
\x3f\0\0\0\0\0\x07\0\0\0\0\xf3\x3f\0\0\0\0\0\x07\0\0\0\0\x02\x40\0\0\0\0\0\x07\
\0\0\0\0\x0d\x40\0\0\0\0\0\x07\0\0\0\0\x12\x40\0\0\0\0\0\x07\0\0\0\0\x23\x40\0\
\0\0\0\0\x07\0\0\0\0\x2e\x40\0\0\0\0\0\x07\0\0\0\0\xea\x28\0\0\0\0\0\x07\0\0\0\
\0\x3e\x40\0\0\0\0\0\x07\0\0\0\0\x51\x09\0\0\0\0\0\x07\0\0\0\0\x4e\x40\0\0\0\0\
\0\x07\0\0\0\0\x58\x40\0\0\0\0\0\x07\0\0\0\0\x68\x40\0\0\0\0\0\x07\0\0\0\0\x71\
\x40\0\0\0\0\0\x07\0\0\0\0\xe3\x08\0\0\0\0\0\x07\0\0\0\0\x80\x40\0\0\0\0\0\x07\
\0\0\0\0\x8c\x40\0\0\0\0\0\x07\0\0\0\0\x9f\x40\0\0\0\0\0\x07\0\0\0\0\x36\x35\0\
\0\0\0\0\x07\0\0\0\0\xab\x40\0\0\0\0\0\x07\0\0\0\0\xb7\x40\0\0\0\0\0\x07\0\0\0\
\0\xc5\x40\0\0\0\0\0\x07\0\0\0\0\xd0\x40\0\0\0\0\0\x07\0\0\0\0\xd7\x40\0\0\0\0\
\0\x07\0\0\0\0\xe3\x40\0\0\0\0\0\x07\0\0\0\0\xdd\x14\0\0\0\0\0\x07\0\0\0\0\xf3\
\x40\0\0\0\0\0\x07\0\0\0\0\xfd\x40\0\0\0\0\0\x07\0\0\0\0\x0c\x41\0\0\0\0\0\x07\
\0\0\0\0\x1a\x41\0\0\0\0\0\x07\0\0\0\0\x23\x41\0\0\0\0\0\x07\0\0\0\0\xce\x08\0\
\0\0\0\0\x07\0\0\0\0\xbd\x25\0\0\0\0\0\x07\0\0\0\0\x31\x41\0\0\0\0\0\x07\0\0\0\
\0\x40\x41\0\0\0\0\0\x07\0\0\0\0\x4f\x41\0\0\0\0\0\x07\0\0\0\0\x58\x41\0\0\0\0\
\0\x07\0\0\0\0\x68\x41\0\0\0\0\0\x07\0\0\0\0\x7b\x41\0\0\0\0\0\x07\0\0\0\0\x84\
\x41\0\0\0\0\0\x07\0\0\0\0\x8f\x41\0\0\0\0\0\x07\0\0\0\0\x9f\x41\0\0\0\0\0\x07\
\0\0\0\0\xa5\x41\0\0\0\0\0\x07\0\0\0\0\xb4\x41\0\0\0\0\0\x07\0\0\0\0\xca\x41\0\
\0\0\0\0\x07\0\0\0\0\xd5\x41\0\0\0\0\0\x07\0\0\0\0\xed\x41\0\0\0\0\0\x07\0\0\0\
\0\xfe\x41\0\0\0\0\0\x07\0\0\0\0\x0a\x42\0\0\0\0\0\x07\0\0\0\0\x1c\x42\0\0\0\0\
\0\x07\0\0\0\0\x26\x42\0\0\0\0\0\x07\0\0\0\0\x07\x2d\0\0\0\0\0\x07\0\0\0\0\x3a\
\x42\0\0\0\0\0\x07\0\0\0\0\x49\x42\0\0\0\0\0\x07\0\0\0\0\x5f\x42\0\0\0\0\0\x07\
\0\0\0\0\x64\x42\0\0\0\0\0\x07\0\0\0\0\x6f\x42\0\0\0\0\0\x07\0\0\0\0\x80\x42\0\
\0\0\0\0\x07\0\0\0\0\x92\x42\0\0\0\0\0\x07\0\0\0\0\x9f\x42\0\0\0\0\0\x07\0\0\0\
\0\xad\x42\0\0\0\0\0\x07\0\0\0\0\xc6\x42\0\0\0\0\0\x07\0\0\0\0\xd3\x42\0\0\0\0\
\0\x07\0\0\0\0\xdf\x42\0\0\0\0\0\x07\0\0\0\0\xee\x42\0\0\0\0\0\x07\0\0\0\0\x69\
\x11\0\0\0\0\0\x07\0\0\0\0\xfe\x42\0\0\0\0\0\x07\0\0\0\0\x09\x43\0\0\0\0\0\x07\
\0\0\0\0\x18\x43\0\0\0\0\0\x07\0\0\0\0\x2e\x43\0\0\0\0\0\x07\0\0\0\0\x42\x43\0\
\0\0\0\0\x07\0\0\0\0\x4e\x43\0\0\0\0\0\x07\0\0\0\0\x5c\x43\0\0\0\0\0\x07\0\0\0\
\0\x6a\x43\0\0\0\0\0\x07\0\0\0\0\x79\x43\0\0\0\0\0\x07\0\0\0\0\x84\x43\0\0\0\0\
\0\x07\0\0\0\0\x93\x43\0\0\0\0\0\x07\0\0\0\0\xa0\x43\0\0\0\0\0\x07\0\0\0\0\xac\
\x43\0\0\0\0\0\x07\0\0\0\0\xb7\x43\0\0\0\0\0\x07\0\0\0\0\xc1\x43\0\0\0\0\0\x07\
\0\0\0\0\xcb\x43\0\0\0\0\0\x07\0\0\0\0\xdc\x43\0\0\0\0\0\x07\0\0\0\0\xe9\x43\0\
\0\0\0\0\x07\0\0\0\0\xfb\x43\0\0\0\0\0\x07\0\0\0\0\x09\x44\0\0\0\0\0\x07\0\0\0\
\0\x1c\x44\0\0\0\0\0\x07\0\0\0\0\x2c\x44\0\0\0\0\0\x07\0\0\0\0\x40\x44\0\0\0\0\
\0\x07\0\0\0\0\x4c\x44\0\0\0\0\0\x07\0\0\0\0\x5e\x44\0\0\0\0\0\x07\0\0\0\0\x6c\
\x44\0\0\0\0\0\x07\0\0\0\0\x7c\x44\0\0\0\0\0\x07\0\0\0\0\x36\x13\0\0\0\0\0\x07\
\0\0\0\0\x8e\x44\0\0\0\0\0\x07\0\0\0\0\0\x69\x6e\x74\0\x5f\x5f\x41\x52\x52\x41\
\x59\x5f\x53\x49\x5a\x45\x5f\x54\x59\x50\x45\x5f\x5f\0\x5f\x5f\x75\x33\x32\0\
\x75\x6e\x73\x69\x67\x6e\x65\x64\x20\x69\x6e\x74\0\x63\x66\x67\0\x74\x61\x72\
\x67\x65\x74\x5f\x64\x65\x76\0\x74\x79\x70\x65\0\x6d\x61\x78\x5f\x65\x6e\x74\
\x72\x69\x65\x73\0\x6b\x65\x79\0\x76\x61\x6c\x75\x65\0\x63\x66\x67\x5f\x6d\x61\
\x70\0\x5f\x5f\x75\x36\x34\0\x75\x6e\x73\x69\x67\x6e\x65\x64\x20\x6c\x6f\x6e\
\x67\x20\x6c\x6f\x6e\x67\0\x74\x73\0\x69\x6e\x73\x65\x72\x74\x5f\x6e\x73\0\x69\
\x73\x73\x75\x65\x5f\x6e\x73\0\x69\x73\x5f\x77\x72\x69\x74\x65\0\x62\x6f\x6f\
\x6c\0\x5f\x42\x6f\x6f\x6c\0\x69\x6e\x66\x6c\x69\x67\x68\x74\0\x68\x69\x73\x74\
\x5f\x74\x6f\x74\x61\x6c\x5f\x72\x5f\x75\x73\0\x68\x69\x73\x74\x5f\x74\x6f\x74\
\x61\x6c\x5f\x77\x5f\x75\x73\0\x68\x69\x73\x74\x5f\x77\x61\x69\x74\x5f\x72\x5f\
\x75\x73\0\x68\x69\x73\x74\x5f\x77\x61\x69\x74\x5f\x77\x5f\x75\x73\0\x68\x69\
\x73\x74\x5f\x64\x65\x76\x5f\x72\x5f\x75\x73\0\x68\x69\x73\x74\x5f\x64\x65\x76\
\x5f\x77\x5f\x75\x73\0\x68\x69\x73\x74\x5f\x64\x65\x76\x5f\x72\x5f\x75\x73\x5f\
\x6d\x6f\x6e\0\x68\x69\x73\x74\x5f\x64\x65\x76\x5f\x77\x5f\x75\x73\x5f\x6d\x6f\
\x6e\0\x69\x6e\x66\x6c\x69\x67\x68\x74\x5f\x63\x6e\x74\0\x6c\x61\x74\x5f\x77\
\x61\x69\x74\x5f\x72\x5f\x73\x75\x6d\0\x6c\x61\x74\x5f\x77\x61\x69\x74\x5f\x77\
\x5f\x73\x75\x6d\0\x6c\x61\x74\x5f\x64\x65\x76\x5f\x72\x5f\x73\x75\x6d\0\x6c\
\x61\x74\x5f\x64\x65\x76\x5f\x77\x5f\x73\x75\x6d\0\x70\x72\x6f\x67\x5f\x68\x69\
\x74\x73\0\x63\x74\x78\0\x74\x70\x5f\x69\x6e\x73\x65\x72\x74\0\x74\x70\x5f\x62\
\x74\x66\x2f\x62\x6c\x6f\x63\x6b\x5f\x72\x71\x5f\x69\x6e\x73\x65\x72\x74\0\x2f\
\x68\x6f\x6d\x65\x2f\x64\x63\x63\x6d\x6f\x6f\x6e\x2f\x79\x68\x68\x2f\x44\x6f\
\x77\x6e\x46\x6f\x72\x63\x65\x5f\x65\x78\x74\x65\x6e\x73\x69\x6f\x6e\x5f\x77\
\x6f\x72\x6b\x73\x70\x61\x63\x65\x2f\x44\x6f\x77\x6e\x46\x6f\x72\x63\x65\x5f\
\x6d\x6f\x64\x5f\x73\x70\x61\x63\x65\x5f\x31\x32\x33\x30\x2f\x6d\x6f\x6e\x69\
\x74\x6f\x72\x69\x6e\x67\x2f\x65\x62\x70\x66\x2f\x69\x6f\x5f\x6c\x61\x74\x2e\
\x62\x70\x66\x2e\x63\0\x69\x6e\x74\x20\x42\x50\x46\x5f\x50\x52\x4f\x47\x28\x74\
\x70\x5f\x69\x6e\x73\x65\x72\x74\x2c\x20\x73\x74\x72\x75\x63\x74\x20\x72\x65\
\x71\x75\x65\x73\x74\x20\x2a\x72\x71\x29\0\x20\x20\x20\x20\x69\x66\x20\x28\x21\
\x72\x71\x20\x7c\x7c\x20\x21\x64\x65\x76\x5f\x6d\x61\x74\x63\x68\x5f\x72\x71\
\x28\x72\x71\x29\x29\0\x20\x20\x20\x20\x5f\x5f\x75\x33\x32\x20\x6b\x65\x79\x30\
\x20\x3d\x20\x30\x3b\0\x20\x20\x20\x20\x73\x74\x72\x75\x63\x74\x20\x63\x66\x67\
\x20\x2a\x63\x20\x3d\x20\x62\x70\x66\x5f\x6d\x61\x70\x5f\x6c\x6f\x6f\x6b\x75\
\x70\x5f\x65\x6c\x65\x6d\x28\x26\x63\x66\x67\x5f\x6d\x61\x70\x2c\x20\x26\x6b\
\x65\x79\x30\x29\x3b\0\x20\x20\x20\x20\x69\x66\x20\x28\x21\x63\x29\0\x20\x20\
\x20\x20\x69\x66\x20\x28\x63\x2d\x3e\x74\x61\x72\x67\x65\x74\x5f\x64\x65\x76\
\x20\x3d\x3d\x20\x30\x29\0\x72\x65\x71\x75\x65\x73\x74\0\x71\0\x6d\x71\x5f\x63\
\x74\x78\0\x6d\x71\x5f\x68\x63\x74\x78\0\x63\x6d\x64\x5f\x66\x6c\x61\x67\x73\0\
\x72\x71\x5f\x66\x6c\x61\x67\x73\0\x74\x61\x67\0\x69\x6e\x74\x65\x72\x6e\x61\
\x6c\x5f\x74\x61\x67\0\x5f\x5f\x64\x61\x74\x61\x5f\x6c\x65\x6e\0\x5f\x5f\x73\
\x65\x63\x74\x6f\x72\0\x62\x69\x6f\0\x62\x69\x6f\x74\x61\x69\x6c\0\x71\x75\x65\
\x75\x65\x6c\x69\x73\x74\0\x72\x71\x5f\x64\x69\x73\x6b\0\x70\x61\x72\x74\0\x61\
\x6c\x6c\x6f\x63\x5f\x74\x69\x6d\x65\x5f\x6e\x73\0\x73\x74\x61\x72\x74\x5f\x74\
\x69\x6d\x65\x5f\x6e\x73\0\x69\x6f\x5f\x73\x74\x61\x72\x74\x5f\x74\x69\x6d\x65\
\x5f\x6e\x73\0\x77\x62\x74\x5f\x66\x6c\x61\x67\x73\0\x73\x74\x61\x74\x73\x5f\
\x73\x65\x63\x74\x6f\x72\x73\0\x6e\x72\x5f\x70\x68\x79\x73\x5f\x73\x65\x67\x6d\
\x65\x6e\x74\x73\0\x6e\x72\x5f\x69\x6e\x74\x65\x67\x72\x69\x74\x79\x5f\x73\x65\
\x67\x6d\x65\x6e\x74\x73\0\x63\x72\x79\x70\x74\x5f\x63\x74\x78\0\x63\x72\x79\
\x70\x74\x5f\x6b\x65\x79\x73\x6c\x6f\x74\0\x77\x72\x69\x74\x65\x5f\x68\x69\x6e\
\x74\0\x69\x6f\x70\x72\x69\x6f\0\x73\x74\x61\x74\x65\0\x72\x65\x66\0\x74\x69\
\x6d\x65\x6f\x75\x74\0\x64\x65\x61\x64\x6c\x69\x6e\x65\0\x65\x6e\x64\x5f\x69\
\x6f\0\x65\x6e\x64\x5f\x69\x6f\x5f\x64\x61\x74\x61\0\x72\x65\x71\x5f\x66\x6c\
\x61\x67\x73\x5f\x74\0\x73\x65\x63\x74\x6f\x72\x5f\x74\0\x75\x36\x34\0\x62\x69\
\x5f\x6e\x65\x78\x74\0\x62\x69\x5f\x62\x64\x65\x76\0\x62\x69\x5f\x6f\x70\x66\0\
\x62\x69\x5f\x66\x6c\x61\x67\x73\0\x62\x69\x5f\x69\x6f\x70\x72\x69\x6f\0\x62\
\x69\x5f\x77\x72\x69\x74\x65\x5f\x68\x69\x6e\x74\0\x62\x69\x5f\x73\x74\x61\x74\
\x75\x73\0\x5f\x5f\x62\x69\x5f\x72\x65\x6d\x61\x69\x6e\x69\x6e\x67\0\x62\x69\
\x5f\x69\x74\x65\x72\0\x62\x69\x5f\x65\x6e\x64\x5f\x69\x6f\0\x62\x69\x5f\x70\
\x72\x69\x76\x61\x74\x65\0\x62\x69\x5f\x62\x6c\x6b\x67\0\x62\x69\x5f\x69\x73\
\x73\x75\x65\0\x62\x69\x5f\x69\x6f\x63\x6f\x73\x74\x5f\x63\x6f\x73\x74\0\x62\
\x69\x5f\x63\x72\x79\x70\x74\x5f\x63\x6f\x6e\x74\x65\x78\x74\0\x62\x69\x5f\x76\
\x63\x6e\x74\0\x62\x69\x5f\x6d\x61\x78\x5f\x76\x65\x63\x73\0\x5f\x5f\x62\x69\
\x5f\x63\x6e\x74\0\x62\x69\x5f\x69\x6f\x5f\x76\x65\x63\0\x62\x69\x5f\x70\x6f\
\x6f\x6c\0\x62\x69\x5f\x69\x6e\x6c\x69\x6e\x65\x5f\x76\x65\x63\x73\0\x75\x6e\
\x73\x69\x67\x6e\x65\x64\x20\x73\x68\x6f\x72\x74\0\x62\x6c\x6b\x5f\x73\x74\x61\
\x74\x75\x73\x5f\x74\0\x75\x38\0\x5f\x5f\x75\x38\0\x75\x6e\x73\x69\x67\x6e\x65\
\x64\x20\x63\x68\x61\x72\0\x61\x74\x6f\x6d\x69\x63\x5f\x74\0\x63\x6f\x75\x6e\
\x74\x65\x72\0\x62\x76\x65\x63\x5f\x69\x74\x65\x72\0\x62\x69\x5f\x73\x65\x63\
\x74\x6f\x72\0\x62\x69\x5f\x73\x69\x7a\x65\0\x62\x69\x5f\x69\x64\x78\0\x62\x69\
\x5f\x62\x76\x65\x63\x5f\x64\x6f\x6e\x65\0\x62\x69\x6f\x5f\x65\x6e\x64\x5f\x69\
\x6f\x5f\x74\0\x62\x69\x6f\x5f\x69\x73\x73\x75\x65\0\x62\x69\x5f\x69\x6e\x74\
\x65\x67\x72\x69\x74\x79\0\x62\x69\x6f\x5f\x76\x65\x63\0\x62\x76\x5f\x70\x61\
\x67\x65\0\x62\x76\x5f\x6c\x65\x6e\0\x62\x76\x5f\x6f\x66\x66\x73\x65\x74\0\x6c\
\x69\x73\x74\x5f\x68\x65\x61\x64\0\x6e\x65\x78\x74\0\x70\x72\x65\x76\0\x68\x61\
\x73\x68\0\x69\x70\x69\x5f\x6c\x69\x73\x74\0\x68\x6c\x69\x73\x74\x5f\x6e\x6f\
\x64\x65\0\x70\x70\x72\x65\x76\0\x6c\x6c\x69\x73\x74\x5f\x6e\x6f\x64\x65\0\x72\
\x62\x5f\x6e\x6f\x64\x65\0\x73\x70\x65\x63\x69\x61\x6c\x5f\x76\x65\x63\0\x63\
\x6f\x6d\x70\x6c\x65\x74\x69\x6f\x6e\x5f\x64\x61\x74\x61\0\x65\x72\x72\x6f\x72\
\x5f\x63\x6f\x75\x6e\x74\0\x5f\x5f\x72\x62\x5f\x70\x61\x72\x65\x6e\x74\x5f\x63\
\x6f\x6c\x6f\x72\0\x72\x62\x5f\x72\x69\x67\x68\x74\0\x72\x62\x5f\x6c\x65\x66\
\x74\0\x75\x6e\x73\x69\x67\x6e\x65\x64\x20\x6c\x6f\x6e\x67\0\x65\x6c\x76\0\x66\
\x6c\x75\x73\x68\0\x69\x63\x71\0\x70\x72\x69\x76\0\x73\x65\x71\0\x6c\x69\x73\
\x74\0\x73\x61\x76\x65\x64\x5f\x65\x6e\x64\x5f\x69\x6f\0\x72\x71\x5f\x65\x6e\
\x64\x5f\x69\x6f\x5f\x66\x6e\0\x62\x6c\x6f\x63\x6b\x5f\x64\x65\x76\x69\x63\x65\
\0\x62\x64\x5f\x73\x74\x61\x72\x74\x5f\x73\x65\x63\x74\0\x62\x64\x5f\x73\x74\
\x61\x74\x73\0\x62\x64\x5f\x73\x74\x61\x6d\x70\0\x62\x64\x5f\x72\x65\x61\x64\
\x5f\x6f\x6e\x6c\x79\0\x62\x64\x5f\x64\x65\x76\0\x62\x64\x5f\x6f\x70\x65\x6e\
\x65\x72\x73\0\x62\x64\x5f\x69\x6e\x6f\x64\x65\0\x62\x64\x5f\x73\x75\x70\x65\
\x72\0\x62\x64\x5f\x63\x6c\x61\x69\x6d\x69\x6e\x67\0\x62\x64\x5f\x64\x65\x76\
\x69\x63\x65\0\x62\x64\x5f\x68\x6f\x6c\x64\x65\x72\0\x62\x64\x5f\x68\x6f\x6c\
\x64\x65\x72\x73\0\x62\x64\x5f\x77\x72\x69\x74\x65\x5f\x68\x6f\x6c\x64\x65\x72\
\0\x62\x64\x5f\x68\x6f\x6c\x64\x65\x72\x5f\x64\x69\x72\0\x62\x64\x5f\x70\x61\
\x72\x74\x6e\x6f\0\x62\x64\x5f\x73\x69\x7a\x65\x5f\x6c\x6f\x63\x6b\0\x62\x64\
\x5f\x64\x69\x73\x6b\0\x62\x64\x5f\x66\x73\x66\x72\x65\x65\x7a\x65\x5f\x63\x6f\
\x75\x6e\x74\0\x62\x64\x5f\x66\x73\x66\x72\x65\x65\x7a\x65\x5f\x6d\x75\x74\x65\
\x78\0\x62\x64\x5f\x66\x73\x66\x72\x65\x65\x7a\x65\x5f\x73\x62\0\x62\x64\x5f\
\x6d\x65\x74\x61\x5f\x69\x6e\x66\x6f\0\x64\x65\x76\x5f\x74\0\x5f\x5f\x6b\x65\
\x72\x6e\x65\x6c\x5f\x64\x65\x76\x5f\x74\0\x75\x33\x32\0\x64\x65\x76\x69\x63\
\x65\0\x6b\x6f\x62\x6a\0\x70\x61\x72\x65\x6e\x74\0\x70\0\x69\x6e\x69\x74\x5f\
\x6e\x61\x6d\x65\0\x62\x75\x73\0\x64\x72\x69\x76\x65\x72\0\x70\x6c\x61\x74\x66\
\x6f\x72\x6d\x5f\x64\x61\x74\x61\0\x64\x72\x69\x76\x65\x72\x5f\x64\x61\x74\x61\
\0\x6d\x75\x74\x65\x78\0\x6c\x69\x6e\x6b\x73\0\x70\x6f\x77\x65\x72\0\x70\x6d\
\x5f\x64\x6f\x6d\x61\x69\x6e\0\x65\x6d\x5f\x70\x64\0\x6d\x73\x69\x5f\x64\x6f\
\x6d\x61\x69\x6e\0\x70\x69\x6e\x73\0\x6d\x73\x69\x5f\x6c\x6f\x63\x6b\0\x6d\x73\
\x69\x5f\x6c\x69\x73\x74\0\x64\x6d\x61\x5f\x6f\x70\x73\0\x64\x6d\x61\x5f\x6d\
\x61\x73\x6b\0\x63\x6f\x68\x65\x72\x65\x6e\x74\x5f\x64\x6d\x61\x5f\x6d\x61\x73\
\x6b\0\x62\x75\x73\x5f\x64\x6d\x61\x5f\x6c\x69\x6d\x69\x74\0\x64\x6d\x61\x5f\
\x72\x61\x6e\x67\x65\x5f\x6d\x61\x70\0\x64\x6d\x61\x5f\x70\x61\x72\x6d\x73\0\
\x64\x6d\x61\x5f\x70\x6f\x6f\x6c\x73\0\x64\x6d\x61\x5f\x69\x6f\x5f\x74\x6c\x62\
\x5f\x6d\x65\x6d\0\x61\x72\x63\x68\x64\x61\x74\x61\0\x6f\x66\x5f\x6e\x6f\x64\
\x65\0\x66\x77\x6e\x6f\x64\x65\0\x6e\x75\x6d\x61\x5f\x6e\x6f\x64\x65\0\x64\x65\
\x76\x74\0\x69\x64\0\x64\x65\x76\x72\x65\x73\x5f\x6c\x6f\x63\x6b\0\x64\x65\x76\
\x72\x65\x73\x5f\x68\x65\x61\x64\0\x63\x6c\x61\x73\x73\0\x67\x72\x6f\x75\x70\
\x73\0\x72\x65\x6c\x65\x61\x73\x65\0\x69\x6f\x6d\x6d\x75\x5f\x67\x72\x6f\x75\
\x70\0\x69\x6f\x6d\x6d\x75\0\x72\x65\x6d\x6f\x76\x61\x62\x6c\x65\0\x6f\x66\x66\
\x6c\x69\x6e\x65\x5f\x64\x69\x73\x61\x62\x6c\x65\x64\0\x6f\x66\x66\x6c\x69\x6e\
\x65\0\x6f\x66\x5f\x6e\x6f\x64\x65\x5f\x72\x65\x75\x73\x65\x64\0\x73\x74\x61\
\x74\x65\x5f\x73\x79\x6e\x63\x65\x64\0\x63\x61\x6e\x5f\x6d\x61\x74\x63\x68\0\
\x6b\x6f\x62\x6a\x65\x63\x74\0\x6e\x61\x6d\x65\0\x65\x6e\x74\x72\x79\0\x6b\x73\
\x65\x74\0\x6b\x74\x79\x70\x65\0\x73\x64\0\x6b\x72\x65\x66\0\x73\x74\x61\x74\
\x65\x5f\x69\x6e\x69\x74\x69\x61\x6c\x69\x7a\x65\x64\0\x73\x74\x61\x74\x65\x5f\
\x69\x6e\x5f\x73\x79\x73\x66\x73\0\x73\x74\x61\x74\x65\x5f\x61\x64\x64\x5f\x75\
\x65\x76\x65\x6e\x74\x5f\x73\x65\x6e\x74\0\x73\x74\x61\x74\x65\x5f\x72\x65\x6d\
\x6f\x76\x65\x5f\x75\x65\x76\x65\x6e\x74\x5f\x73\x65\x6e\x74\0\x75\x65\x76\x65\
\x6e\x74\x5f\x73\x75\x70\x70\x72\x65\x73\x73\0\x63\x68\x61\x72\0\x72\x65\x66\
\x63\x6f\x75\x6e\x74\0\x72\x65\x66\x63\x6f\x75\x6e\x74\x5f\x74\0\x72\x65\x66\
\x63\x6f\x75\x6e\x74\x5f\x73\x74\x72\x75\x63\x74\0\x72\x65\x66\x73\0\x6f\x77\
\x6e\x65\x72\0\x77\x61\x69\x74\x5f\x6c\x6f\x63\x6b\0\x6f\x73\x71\0\x77\x61\x69\
\x74\x5f\x6c\x69\x73\x74\0\x61\x74\x6f\x6d\x69\x63\x5f\x6c\x6f\x6e\x67\x5f\x74\
\0\x61\x74\x6f\x6d\x69\x63\x36\x34\x5f\x74\0\x73\x36\x34\0\x5f\x5f\x73\x36\x34\
\0\x6c\x6f\x6e\x67\x20\x6c\x6f\x6e\x67\0\x72\x61\x77\x5f\x73\x70\x69\x6e\x6c\
\x6f\x63\x6b\x5f\x74\0\x72\x61\x77\x5f\x73\x70\x69\x6e\x6c\x6f\x63\x6b\0\x72\
\x61\x77\x5f\x6c\x6f\x63\x6b\0\x61\x72\x63\x68\x5f\x73\x70\x69\x6e\x6c\x6f\x63\
\x6b\x5f\x74\0\x71\x73\x70\x69\x6e\x6c\x6f\x63\x6b\0\x76\x61\x6c\0\x6c\x6f\x63\
\x6b\x65\x64\0\x70\x65\x6e\x64\x69\x6e\x67\0\x6c\x6f\x63\x6b\x65\x64\x5f\x70\
\x65\x6e\x64\x69\x6e\x67\0\x74\x61\x69\x6c\0\x75\x31\x36\0\x5f\x5f\x75\x31\x36\
\0\x6f\x70\x74\x69\x6d\x69\x73\x74\x69\x63\x5f\x73\x70\x69\x6e\x5f\x71\x75\x65\
\x75\x65\0\x64\x65\x76\x5f\x6c\x69\x6e\x6b\x73\x5f\x69\x6e\x66\x6f\0\x73\x75\
\x70\x70\x6c\x69\x65\x72\x73\0\x63\x6f\x6e\x73\x75\x6d\x65\x72\x73\0\x64\x65\
\x66\x65\x72\x5f\x73\x79\x6e\x63\0\x73\x74\x61\x74\x75\x73\0\x64\x6c\x5f\x64\
\x65\x76\x5f\x73\x74\x61\x74\x65\0\x44\x4c\x5f\x44\x45\x56\x5f\x4e\x4f\x5f\x44\
\x52\x49\x56\x45\x52\0\x44\x4c\x5f\x44\x45\x56\x5f\x50\x52\x4f\x42\x49\x4e\x47\
\0\x44\x4c\x5f\x44\x45\x56\x5f\x44\x52\x49\x56\x45\x52\x5f\x42\x4f\x55\x4e\x44\
\0\x44\x4c\x5f\x44\x45\x56\x5f\x55\x4e\x42\x49\x4e\x44\x49\x4e\x47\0\x64\x65\
\x76\x5f\x70\x6d\x5f\x69\x6e\x66\x6f\0\x70\x6f\x77\x65\x72\x5f\x73\x74\x61\x74\
\x65\0\x63\x61\x6e\x5f\x77\x61\x6b\x65\x75\x70\0\x61\x73\x79\x6e\x63\x5f\x73\
\x75\x73\x70\x65\x6e\x64\0\x69\x6e\x5f\x64\x70\x6d\x5f\x6c\x69\x73\x74\0\x69\
\x73\x5f\x70\x72\x65\x70\x61\x72\x65\x64\0\x69\x73\x5f\x73\x75\x73\x70\x65\x6e\
\x64\x65\x64\0\x69\x73\x5f\x6e\x6f\x69\x72\x71\x5f\x73\x75\x73\x70\x65\x6e\x64\
\x65\x64\0\x69\x73\x5f\x6c\x61\x74\x65\x5f\x73\x75\x73\x70\x65\x6e\x64\x65\x64\
\0\x6e\x6f\x5f\x70\x6d\0\x65\x61\x72\x6c\x79\x5f\x69\x6e\x69\x74\0\x64\x69\x72\
\x65\x63\x74\x5f\x63\x6f\x6d\x70\x6c\x65\x74\x65\0\x64\x72\x69\x76\x65\x72\x5f\
\x66\x6c\x61\x67\x73\0\x6c\x6f\x63\x6b\0\x63\x6f\x6d\x70\x6c\x65\x74\x69\x6f\
\x6e\0\x77\x61\x6b\x65\x75\x70\0\x77\x61\x6b\x65\x75\x70\x5f\x70\x61\x74\x68\0\
\x73\x79\x73\x63\x6f\x72\x65\0\x6e\x6f\x5f\x70\x6d\x5f\x63\x61\x6c\x6c\x62\x61\
\x63\x6b\x73\0\x6d\x75\x73\x74\x5f\x72\x65\x73\x75\x6d\x65\0\x6d\x61\x79\x5f\
\x73\x6b\x69\x70\x5f\x72\x65\x73\x75\x6d\x65\0\x73\x75\x73\x70\x65\x6e\x64\x5f\
\x74\x69\x6d\x65\x72\0\x74\x69\x6d\x65\x72\x5f\x65\x78\x70\x69\x72\x65\x73\0\
\x77\x6f\x72\x6b\0\x77\x61\x69\x74\x5f\x71\x75\x65\x75\x65\0\x77\x61\x6b\x65\
\x69\x72\x71\0\x75\x73\x61\x67\x65\x5f\x63\x6f\x75\x6e\x74\0\x63\x68\x69\x6c\
\x64\x5f\x63\x6f\x75\x6e\x74\0\x64\x69\x73\x61\x62\x6c\x65\x5f\x64\x65\x70\x74\
\x68\0\x69\x64\x6c\x65\x5f\x6e\x6f\x74\x69\x66\x69\x63\x61\x74\x69\x6f\x6e\0\
\x72\x65\x71\x75\x65\x73\x74\x5f\x70\x65\x6e\x64\x69\x6e\x67\0\x64\x65\x66\x65\
\x72\x72\x65\x64\x5f\x72\x65\x73\x75\x6d\x65\0\x6e\x65\x65\x64\x73\x5f\x66\x6f\
\x72\x63\x65\x5f\x72\x65\x73\x75\x6d\x65\0\x72\x75\x6e\x74\x69\x6d\x65\x5f\x61\
\x75\x74\x6f\0\x69\x67\x6e\x6f\x72\x65\x5f\x63\x68\x69\x6c\x64\x72\x65\x6e\0\
\x6e\x6f\x5f\x63\x61\x6c\x6c\x62\x61\x63\x6b\x73\0\x69\x72\x71\x5f\x73\x61\x66\
\x65\0\x75\x73\x65\x5f\x61\x75\x74\x6f\x73\x75\x73\x70\x65\x6e\x64\0\x74\x69\
\x6d\x65\x72\x5f\x61\x75\x74\x6f\x73\x75\x73\x70\x65\x6e\x64\x73\0\x6d\x65\x6d\
\x61\x6c\x6c\x6f\x63\x5f\x6e\x6f\x69\x6f\0\x6c\x69\x6e\x6b\x73\x5f\x63\x6f\x75\
\x6e\x74\0\x72\x75\x6e\x74\x69\x6d\x65\x5f\x73\x74\x61\x74\x75\x73\0\x72\x75\
\x6e\x74\x69\x6d\x65\x5f\x65\x72\x72\x6f\x72\0\x61\x75\x74\x6f\x73\x75\x73\x70\
\x65\x6e\x64\x5f\x64\x65\x6c\x61\x79\0\x6c\x61\x73\x74\x5f\x62\x75\x73\x79\0\
\x61\x63\x74\x69\x76\x65\x5f\x74\x69\x6d\x65\0\x73\x75\x73\x70\x65\x6e\x64\x65\
\x64\x5f\x74\x69\x6d\x65\0\x61\x63\x63\x6f\x75\x6e\x74\x69\x6e\x67\x5f\x74\x69\
\x6d\x65\x73\x74\x61\x6d\x70\0\x73\x75\x62\x73\x79\x73\x5f\x64\x61\x74\x61\0\
\x73\x65\x74\x5f\x6c\x61\x74\x65\x6e\x63\x79\x5f\x74\x6f\x6c\x65\x72\x61\x6e\
\x63\x65\0\x71\x6f\x73\0\x70\x6d\x5f\x6d\x65\x73\x73\x61\x67\x65\x5f\x74\0\x70\
\x6d\x5f\x6d\x65\x73\x73\x61\x67\x65\0\x65\x76\x65\x6e\x74\0\x73\x70\x69\x6e\
\x6c\x6f\x63\x6b\x5f\x74\0\x73\x70\x69\x6e\x6c\x6f\x63\x6b\0\x72\x6c\x6f\x63\
\x6b\0\x64\x6f\x6e\x65\0\x77\x61\x69\x74\0\x73\x77\x61\x69\x74\x5f\x71\x75\x65\
\x75\x65\x5f\x68\x65\x61\x64\0\x74\x61\x73\x6b\x5f\x6c\x69\x73\x74\0\x68\x72\
\x74\x69\x6d\x65\x72\0\x6e\x6f\x64\x65\0\x5f\x73\x6f\x66\x74\x65\x78\x70\x69\
\x72\x65\x73\0\x66\x75\x6e\x63\x74\x69\x6f\x6e\0\x62\x61\x73\x65\0\x69\x73\x5f\
\x72\x65\x6c\0\x69\x73\x5f\x73\x6f\x66\x74\0\x69\x73\x5f\x68\x61\x72\x64\0\x74\
\x69\x6d\x65\x72\x71\x75\x65\x75\x65\x5f\x6e\x6f\x64\x65\0\x65\x78\x70\x69\x72\
\x65\x73\0\x6b\x74\x69\x6d\x65\x5f\x74\0\x68\x72\x74\x69\x6d\x65\x72\x5f\x72\
\x65\x73\x74\x61\x72\x74\0\x48\x52\x54\x49\x4d\x45\x52\x5f\x4e\x4f\x52\x45\x53\
\x54\x41\x52\x54\0\x48\x52\x54\x49\x4d\x45\x52\x5f\x52\x45\x53\x54\x41\x52\x54\
\0\x77\x6f\x72\x6b\x5f\x73\x74\x72\x75\x63\x74\0\x64\x61\x74\x61\0\x66\x75\x6e\
\x63\0\x77\x6f\x72\x6b\x5f\x66\x75\x6e\x63\x5f\x74\0\x77\x61\x69\x74\x5f\x71\
\x75\x65\x75\x65\x5f\x68\x65\x61\x64\x5f\x74\0\x77\x61\x69\x74\x5f\x71\x75\x65\
\x75\x65\x5f\x68\x65\x61\x64\0\x68\x65\x61\x64\0\x72\x70\x6d\x5f\x72\x65\x71\
\x75\x65\x73\x74\0\x52\x50\x4d\x5f\x52\x45\x51\x5f\x4e\x4f\x4e\x45\0\x52\x50\
\x4d\x5f\x52\x45\x51\x5f\x49\x44\x4c\x45\0\x52\x50\x4d\x5f\x52\x45\x51\x5f\x53\
\x55\x53\x50\x45\x4e\x44\0\x52\x50\x4d\x5f\x52\x45\x51\x5f\x41\x55\x54\x4f\x53\
\x55\x53\x50\x45\x4e\x44\0\x52\x50\x4d\x5f\x52\x45\x51\x5f\x52\x45\x53\x55\x4d\
\x45\0\x72\x70\x6d\x5f\x73\x74\x61\x74\x75\x73\0\x52\x50\x4d\x5f\x41\x43\x54\
\x49\x56\x45\0\x52\x50\x4d\x5f\x52\x45\x53\x55\x4d\x49\x4e\x47\0\x52\x50\x4d\
\x5f\x53\x55\x53\x50\x45\x4e\x44\x45\x44\0\x52\x50\x4d\x5f\x53\x55\x53\x50\x45\
\x4e\x44\x49\x4e\x47\0\x73\x33\x32\0\x5f\x5f\x73\x33\x32\0\x64\x65\x76\x5f\x61\
\x72\x63\x68\x64\x61\x74\x61\0\x64\x65\x76\x69\x63\x65\x5f\x72\x65\x6d\x6f\x76\
\x61\x62\x6c\x65\0\x44\x45\x56\x49\x43\x45\x5f\x52\x45\x4d\x4f\x56\x41\x42\x4c\
\x45\x5f\x4e\x4f\x54\x5f\x53\x55\x50\x50\x4f\x52\x54\x45\x44\0\x44\x45\x56\x49\
\x43\x45\x5f\x52\x45\x4d\x4f\x56\x41\x42\x4c\x45\x5f\x55\x4e\x4b\x4e\x4f\x57\
\x4e\0\x44\x45\x56\x49\x43\x45\x5f\x46\x49\x58\x45\x44\0\x44\x45\x56\x49\x43\
\x45\x5f\x52\x45\x4d\x4f\x56\x41\x42\x4c\x45\0\x67\x65\x6e\x64\x69\x73\x6b\0\
\x6d\x61\x6a\x6f\x72\0\x66\x69\x72\x73\x74\x5f\x6d\x69\x6e\x6f\x72\0\x6d\x69\
\x6e\x6f\x72\x73\0\x64\x69\x73\x6b\x5f\x6e\x61\x6d\x65\0\x65\x76\x65\x6e\x74\
\x73\0\x65\x76\x65\x6e\x74\x5f\x66\x6c\x61\x67\x73\0\x70\x61\x72\x74\x5f\x74\
\x62\x6c\0\x70\x61\x72\x74\x30\0\x66\x6f\x70\x73\0\x71\x75\x65\x75\x65\0\x70\
\x72\x69\x76\x61\x74\x65\x5f\x64\x61\x74\x61\0\x66\x6c\x61\x67\x73\0\x6f\x70\
\x65\x6e\x5f\x6d\x75\x74\x65\x78\0\x6f\x70\x65\x6e\x5f\x70\x61\x72\x74\x69\x74\
\x69\x6f\x6e\x73\0\x62\x64\x69\0\x73\x6c\x61\x76\x65\x5f\x64\x69\x72\0\x73\x6c\
\x61\x76\x65\x5f\x62\x64\x65\x76\x73\0\x72\x61\x6e\x64\x6f\x6d\0\x73\x79\x6e\
\x63\x5f\x69\x6f\0\x65\x76\0\x63\x64\x69\0\x6e\x6f\x64\x65\x5f\x69\x64\0\x62\
\x62\0\x6c\x6f\x63\x6b\x64\x65\x70\x5f\x6d\x61\x70\0\x64\x69\x73\x6b\x73\x65\
\x71\0\x78\x61\x72\x72\x61\x79\0\x78\x61\x5f\x6c\x6f\x63\x6b\0\x78\x61\x5f\x66\
\x6c\x61\x67\x73\0\x78\x61\x5f\x68\x65\x61\x64\0\x67\x66\x70\x5f\x74\0\x72\x65\
\x71\x75\x65\x73\x74\x5f\x71\x75\x65\x75\x65\0\x6c\x61\x73\x74\x5f\x6d\x65\x72\
\x67\x65\0\x65\x6c\x65\x76\x61\x74\x6f\x72\0\x71\x5f\x75\x73\x61\x67\x65\x5f\
\x63\x6f\x75\x6e\x74\x65\x72\0\x73\x74\x61\x74\x73\0\x72\x71\x5f\x71\x6f\x73\0\
\x6d\x71\x5f\x6f\x70\x73\0\x71\x75\x65\x75\x65\x5f\x63\x74\x78\0\x71\x75\x65\
\x75\x65\x5f\x64\x65\x70\x74\x68\0\x71\x75\x65\x75\x65\x5f\x68\x77\x5f\x63\x74\
\x78\0\x6e\x72\x5f\x68\x77\x5f\x71\x75\x65\x75\x65\x73\0\x71\x75\x65\x75\x65\
\x64\x61\x74\x61\0\x71\x75\x65\x75\x65\x5f\x66\x6c\x61\x67\x73\0\x70\x6d\x5f\
\x6f\x6e\x6c\x79\0\x71\x75\x65\x75\x65\x5f\x6c\x6f\x63\x6b\0\x64\x69\x73\x6b\0\
\x6d\x71\x5f\x6b\x6f\x62\x6a\0\x69\x6e\x74\x65\x67\x72\x69\x74\x79\0\x64\x65\
\x76\0\x6e\x72\x5f\x72\x65\x71\x75\x65\x73\x74\x73\0\x64\x6d\x61\x5f\x70\x61\
\x64\x5f\x6d\x61\x73\x6b\0\x64\x6d\x61\x5f\x61\x6c\x69\x67\x6e\x6d\x65\x6e\x74\
\0\x6b\x73\x6d\0\x72\x71\x5f\x74\x69\x6d\x65\x6f\x75\x74\0\x70\x6f\x6c\x6c\x5f\
\x6e\x73\x65\x63\0\x70\x6f\x6c\x6c\x5f\x63\x62\0\x70\x6f\x6c\x6c\x5f\x73\x74\
\x61\x74\0\x74\x69\x6d\x65\x6f\x75\x74\x5f\x77\x6f\x72\x6b\0\x6e\x72\x5f\x61\
\x63\x74\x69\x76\x65\x5f\x72\x65\x71\x75\x65\x73\x74\x73\x5f\x73\x68\x61\x72\
\x65\x64\x5f\x73\x62\x69\x74\x6d\x61\x70\0\x73\x63\x68\x65\x64\x5f\x62\x69\x74\
\x6d\x61\x70\x5f\x74\x61\x67\x73\0\x73\x63\x68\x65\x64\x5f\x62\x72\x65\x73\x65\
\x72\x76\x65\x64\x5f\x74\x61\x67\x73\0\x69\x63\x71\x5f\x6c\x69\x73\x74\0\x62\
\x6c\x6b\x63\x67\x5f\x70\x6f\x6c\x73\0\x72\x6f\x6f\x74\x5f\x62\x6c\x6b\x67\0\
\x62\x6c\x6b\x67\x5f\x6c\x69\x73\x74\0\x6c\x69\x6d\x69\x74\x73\0\x72\x65\x71\
\x75\x69\x72\x65\x64\x5f\x65\x6c\x65\x76\x61\x74\x6f\x72\x5f\x66\x65\x61\x74\
\x75\x72\x65\x73\0\x6e\x72\x5f\x7a\x6f\x6e\x65\x73\0\x63\x6f\x6e\x76\x5f\x7a\
\x6f\x6e\x65\x73\x5f\x62\x69\x74\x6d\x61\x70\0\x73\x65\x71\x5f\x7a\x6f\x6e\x65\
\x73\x5f\x77\x6c\x6f\x63\x6b\0\x6d\x61\x78\x5f\x6f\x70\x65\x6e\x5f\x7a\x6f\x6e\
\x65\x73\0\x6d\x61\x78\x5f\x61\x63\x74\x69\x76\x65\x5f\x7a\x6f\x6e\x65\x73\0\
\x64\x65\x62\x75\x67\x66\x73\x5f\x6d\x75\x74\x65\x78\0\x62\x6c\x6b\x5f\x74\x72\
\x61\x63\x65\0\x66\x71\0\x72\x65\x71\x75\x65\x75\x65\x5f\x6c\x69\x73\x74\0\x72\
\x65\x71\x75\x65\x75\x65\x5f\x6c\x6f\x63\x6b\0\x72\x65\x71\x75\x65\x75\x65\x5f\
\x77\x6f\x72\x6b\0\x73\x79\x73\x66\x73\x5f\x6c\x6f\x63\x6b\0\x73\x79\x73\x66\
\x73\x5f\x64\x69\x72\x5f\x6c\x6f\x63\x6b\0\x75\x6e\x75\x73\x65\x64\x5f\x68\x63\
\x74\x78\x5f\x6c\x69\x73\x74\0\x75\x6e\x75\x73\x65\x64\x5f\x68\x63\x74\x78\x5f\
\x6c\x6f\x63\x6b\0\x6d\x71\x5f\x66\x72\x65\x65\x7a\x65\x5f\x64\x65\x70\x74\x68\
\0\x74\x64\0\x63\x61\x6c\x6c\x62\x61\x63\x6b\x5f\x68\x65\x61\x64\0\x6d\x71\x5f\
\x66\x72\x65\x65\x7a\x65\x5f\x77\x71\0\x6d\x71\x5f\x66\x72\x65\x65\x7a\x65\x5f\
\x6c\x6f\x63\x6b\0\x74\x61\x67\x5f\x73\x65\x74\0\x74\x61\x67\x5f\x73\x65\x74\
\x5f\x6c\x69\x73\x74\0\x62\x69\x6f\x5f\x73\x70\x6c\x69\x74\0\x64\x65\x62\x75\
\x67\x66\x73\x5f\x64\x69\x72\0\x73\x63\x68\x65\x64\x5f\x64\x65\x62\x75\x67\x66\
\x73\x5f\x64\x69\x72\0\x72\x71\x6f\x73\x5f\x64\x65\x62\x75\x67\x66\x73\x5f\x64\
\x69\x72\0\x6d\x71\x5f\x73\x79\x73\x66\x73\x5f\x69\x6e\x69\x74\x5f\x64\x6f\x6e\
\x65\0\x63\x6d\x64\x5f\x73\x69\x7a\x65\0\x77\x72\x69\x74\x65\x5f\x68\x69\x6e\
\x74\x73\0\x70\x65\x72\x63\x70\x75\x5f\x72\x65\x66\0\x70\x65\x72\x63\x70\x75\
\x5f\x63\x6f\x75\x6e\x74\x5f\x70\x74\x72\0\x62\x6c\x6b\x5f\x6d\x71\x5f\x63\x74\
\x78\0\x63\x70\x75\0\x69\x6e\x64\x65\x78\x5f\x68\x77\0\x68\x63\x74\x78\x73\0\
\x72\x71\x5f\x64\x69\x73\x70\x61\x74\x63\x68\x65\x64\0\x72\x71\x5f\x6d\x65\x72\
\x67\x65\x64\0\x72\x71\x5f\x63\x6f\x6d\x70\x6c\x65\x74\x65\x64\0\x63\x74\x78\
\x73\0\x72\x71\x5f\x6c\x69\x73\x74\x73\0\x62\x6c\x6b\x5f\x6d\x71\x5f\x68\x77\
\x5f\x63\x74\x78\0\x72\x75\x6e\x5f\x77\x6f\x72\x6b\0\x63\x70\x75\x6d\x61\x73\
\x6b\0\x6e\x65\x78\x74\x5f\x63\x70\x75\0\x6e\x65\x78\x74\x5f\x63\x70\x75\x5f\
\x62\x61\x74\x63\x68\0\x73\x63\x68\x65\x64\x5f\x64\x61\x74\x61\0\x63\x74\x78\
\x5f\x6d\x61\x70\0\x64\x69\x73\x70\x61\x74\x63\x68\x5f\x66\x72\x6f\x6d\0\x64\
\x69\x73\x70\x61\x74\x63\x68\x5f\x62\x75\x73\x79\0\x6e\x72\x5f\x63\x74\x78\0\
\x64\x69\x73\x70\x61\x74\x63\x68\x5f\x77\x61\x69\x74\x5f\x6c\x6f\x63\x6b\0\x64\
\x69\x73\x70\x61\x74\x63\x68\x5f\x77\x61\x69\x74\0\x77\x61\x69\x74\x5f\x69\x6e\
\x64\x65\x78\0\x74\x61\x67\x73\0\x73\x63\x68\x65\x64\x5f\x74\x61\x67\x73\0\x71\
\x75\x65\x75\x65\x64\0\x72\x75\x6e\0\x64\x69\x73\x70\x61\x74\x63\x68\x65\x64\0\
\x71\x75\x65\x75\x65\x5f\x6e\x75\x6d\0\x6e\x72\x5f\x61\x63\x74\x69\x76\x65\0\
\x63\x70\x75\x68\x70\x5f\x6f\x6e\x6c\x69\x6e\x65\0\x63\x70\x75\x68\x70\x5f\x64\
\x65\x61\x64\0\x70\x6f\x6c\x6c\x5f\x63\x6f\x6e\x73\x69\x64\x65\x72\x65\x64\0\
\x70\x6f\x6c\x6c\x5f\x69\x6e\x76\x6f\x6b\x65\x64\0\x70\x6f\x6c\x6c\x5f\x73\x75\
\x63\x63\x65\x73\x73\0\x68\x63\x74\x78\x5f\x6c\x69\x73\x74\0\x73\x72\x63\x75\0\
\x64\x69\x73\x70\x61\x74\x63\x68\0\x64\x65\x6c\x61\x79\x65\x64\x5f\x77\x6f\x72\
\x6b\0\x74\x69\x6d\x65\x72\0\x77\x71\0\x74\x69\x6d\x65\x72\x5f\x6c\x69\x73\x74\
\0\x63\x70\x75\x6d\x61\x73\x6b\x5f\x76\x61\x72\x5f\x74\0\x73\x62\x69\x74\x6d\
\x61\x70\0\x64\x65\x70\x74\x68\0\x73\x68\x69\x66\x74\0\x6d\x61\x70\x5f\x6e\x72\
\0\x72\x6f\x75\x6e\x64\x5f\x72\x6f\x62\x69\x6e\0\x6d\x61\x70\0\x61\x6c\x6c\x6f\
\x63\x5f\x68\x69\x6e\x74\0\x77\x61\x69\x74\x5f\x71\x75\x65\x75\x65\x5f\x65\x6e\
\x74\x72\x79\x5f\x74\0\x77\x61\x69\x74\x5f\x71\x75\x65\x75\x65\x5f\x65\x6e\x74\
\x72\x79\0\x70\x72\x69\x76\x61\x74\x65\0\x77\x61\x69\x74\x5f\x71\x75\x65\x75\
\x65\x5f\x66\x75\x6e\x63\x5f\x74\0\x62\x6c\x6b\x5f\x6d\x71\x5f\x74\x61\x67\x73\
\0\x6e\x72\x5f\x74\x61\x67\x73\0\x6e\x72\x5f\x72\x65\x73\x65\x72\x76\x65\x64\
\x5f\x74\x61\x67\x73\0\x61\x63\x74\x69\x76\x65\x5f\x71\x75\x65\x75\x65\x73\0\
\x62\x69\x74\x6d\x61\x70\x5f\x74\x61\x67\x73\0\x62\x72\x65\x73\x65\x72\x76\x65\
\x64\x5f\x74\x61\x67\x73\0\x5f\x5f\x62\x69\x74\x6d\x61\x70\x5f\x74\x61\x67\x73\
\0\x5f\x5f\x62\x72\x65\x73\x65\x72\x76\x65\x64\x5f\x74\x61\x67\x73\0\x72\x71\
\x73\0\x73\x74\x61\x74\x69\x63\x5f\x72\x71\x73\0\x70\x61\x67\x65\x5f\x6c\x69\
\x73\x74\0\x73\x62\x69\x74\x6d\x61\x70\x5f\x71\x75\x65\x75\x65\0\x73\x62\0\x77\
\x61\x6b\x65\x5f\x62\x61\x74\x63\x68\0\x77\x61\x6b\x65\x5f\x69\x6e\x64\x65\x78\
\0\x77\x73\0\x77\x73\x5f\x61\x63\x74\x69\x76\x65\0\x6d\x69\x6e\x5f\x73\x68\x61\
\x6c\x6c\x6f\x77\x5f\x64\x65\x70\x74\x68\0\x64\x65\x6e\x74\x72\x79\0\x64\x5f\
\x66\x6c\x61\x67\x73\0\x64\x5f\x73\x65\x71\0\x64\x5f\x68\x61\x73\x68\0\x64\x5f\
\x70\x61\x72\x65\x6e\x74\0\x64\x5f\x6e\x61\x6d\x65\0\x64\x5f\x69\x6e\x6f\x64\
\x65\0\x64\x5f\x69\x6e\x61\x6d\x65\0\x64\x5f\x6c\x6f\x63\x6b\x72\x65\x66\0\x64\
\x5f\x6f\x70\0\x64\x5f\x73\x62\0\x64\x5f\x74\x69\x6d\x65\0\x64\x5f\x66\x73\x64\
\x61\x74\x61\0\x64\x5f\x63\x68\x69\x6c\x64\0\x64\x5f\x73\x75\x62\x64\x69\x72\
\x73\0\x64\x5f\x75\0\x73\x65\x71\x63\x6f\x75\x6e\x74\x5f\x73\x70\x69\x6e\x6c\
\x6f\x63\x6b\x5f\x74\0\x73\x65\x71\x63\x6f\x75\x6e\x74\x5f\x73\x70\x69\x6e\x6c\
\x6f\x63\x6b\0\x73\x65\x71\x63\x6f\x75\x6e\x74\0\x73\x65\x71\x63\x6f\x75\x6e\
\x74\x5f\x74\0\x73\x65\x71\x75\x65\x6e\x63\x65\0\x68\x6c\x69\x73\x74\x5f\x62\
\x6c\x5f\x6e\x6f\x64\x65\0\x71\x73\x74\x72\0\x68\x61\x73\x68\x5f\x6c\x65\x6e\0\
\x6c\x65\x6e\0\x69\x6e\x6f\x64\x65\0\x69\x5f\x6d\x6f\x64\x65\0\x69\x5f\x6f\x70\
\x66\x6c\x61\x67\x73\0\x69\x5f\x75\x69\x64\0\x69\x5f\x67\x69\x64\0\x69\x5f\x66\
\x6c\x61\x67\x73\0\x69\x5f\x61\x63\x6c\0\x69\x5f\x64\x65\x66\x61\x75\x6c\x74\
\x5f\x61\x63\x6c\0\x69\x5f\x6f\x70\0\x69\x5f\x73\x62\0\x69\x5f\x6d\x61\x70\x70\
\x69\x6e\x67\0\x69\x5f\x73\x65\x63\x75\x72\x69\x74\x79\0\x69\x5f\x69\x6e\x6f\0\
\x69\x5f\x72\x64\x65\x76\0\x69\x5f\x73\x69\x7a\x65\0\x69\x5f\x61\x74\x69\x6d\
\x65\0\x69\x5f\x6d\x74\x69\x6d\x65\0\x69\x5f\x63\x74\x69\x6d\x65\0\x69\x5f\x6c\
\x6f\x63\x6b\0\x69\x5f\x62\x79\x74\x65\x73\0\x69\x5f\x62\x6c\x6b\x62\x69\x74\
\x73\0\x69\x5f\x77\x72\x69\x74\x65\x5f\x68\x69\x6e\x74\0\x69\x5f\x62\x6c\x6f\
\x63\x6b\x73\0\x69\x5f\x73\x74\x61\x74\x65\0\x69\x5f\x72\x77\x73\x65\x6d\0\x64\
\x69\x72\x74\x69\x65\x64\x5f\x77\x68\x65\x6e\0\x64\x69\x72\x74\x69\x65\x64\x5f\
\x74\x69\x6d\x65\x5f\x77\x68\x65\x6e\0\x69\x5f\x68\x61\x73\x68\0\x69\x5f\x69\
\x6f\x5f\x6c\x69\x73\x74\0\x69\x5f\x77\x62\0\x69\x5f\x77\x62\x5f\x66\x72\x6e\
\x5f\x77\x69\x6e\x6e\x65\x72\0\x69\x5f\x77\x62\x5f\x66\x72\x6e\x5f\x61\x76\x67\
\x5f\x74\x69\x6d\x65\0\x69\x5f\x77\x62\x5f\x66\x72\x6e\x5f\x68\x69\x73\x74\x6f\
\x72\x79\0\x69\x5f\x6c\x72\x75\0\x69\x5f\x73\x62\x5f\x6c\x69\x73\x74\0\x69\x5f\
\x77\x62\x5f\x6c\x69\x73\x74\0\x69\x5f\x76\x65\x72\x73\x69\x6f\x6e\0\x69\x5f\
\x73\x65\x71\x75\x65\x6e\x63\x65\0\x69\x5f\x63\x6f\x75\x6e\x74\0\x69\x5f\x64\
\x69\x6f\x5f\x63\x6f\x75\x6e\x74\0\x69\x5f\x77\x72\x69\x74\x65\x63\x6f\x75\x6e\
\x74\0\x69\x5f\x72\x65\x61\x64\x63\x6f\x75\x6e\x74\0\x69\x5f\x66\x6c\x63\x74\
\x78\0\x69\x5f\x64\x61\x74\x61\0\x69\x5f\x64\x65\x76\x69\x63\x65\x73\0\x69\x5f\
\x67\x65\x6e\x65\x72\x61\x74\x69\x6f\x6e\0\x69\x5f\x66\x73\x6e\x6f\x74\x69\x66\
\x79\x5f\x6d\x61\x73\x6b\0\x69\x5f\x66\x73\x6e\x6f\x74\x69\x66\x79\x5f\x6d\x61\
\x72\x6b\x73\0\x69\x5f\x63\x72\x79\x70\x74\x5f\x69\x6e\x66\x6f\0\x69\x5f\x76\
\x65\x72\x69\x74\x79\x5f\x69\x6e\x66\x6f\0\x69\x5f\x70\x72\x69\x76\x61\x74\x65\
\0\x75\x6d\x6f\x64\x65\x5f\x74\0\x6b\x75\x69\x64\x5f\x74\0\x75\x69\x64\x5f\x74\
\0\x5f\x5f\x6b\x65\x72\x6e\x65\x6c\x5f\x75\x69\x64\x33\x32\x5f\x74\0\x6b\x67\
\x69\x64\x5f\x74\0\x67\x69\x64\x5f\x74\0\x5f\x5f\x6b\x65\x72\x6e\x65\x6c\x5f\
\x67\x69\x64\x33\x32\x5f\x74\0\x70\x6f\x73\x69\x78\x5f\x61\x63\x6c\0\x61\x5f\
\x72\x65\x66\x63\x6f\x75\x6e\x74\0\x61\x5f\x72\x63\x75\0\x61\x5f\x63\x6f\x75\
\x6e\x74\0\x61\x5f\x65\x6e\x74\x72\x69\x65\x73\0\x70\x6f\x73\x69\x78\x5f\x61\
\x63\x6c\x5f\x65\x6e\x74\x72\x79\0\x65\x5f\x74\x61\x67\0\x65\x5f\x70\x65\x72\
\x6d\0\x73\x68\x6f\x72\x74\0\x65\x5f\x75\x69\x64\0\x65\x5f\x67\x69\x64\0\x73\
\x75\x70\x65\x72\x5f\x62\x6c\x6f\x63\x6b\0\x73\x5f\x6c\x69\x73\x74\0\x73\x5f\
\x64\x65\x76\0\x73\x5f\x62\x6c\x6f\x63\x6b\x73\x69\x7a\x65\x5f\x62\x69\x74\x73\
\0\x73\x5f\x62\x6c\x6f\x63\x6b\x73\x69\x7a\x65\0\x73\x5f\x6d\x61\x78\x62\x79\
\x74\x65\x73\0\x73\x5f\x74\x79\x70\x65\0\x73\x5f\x6f\x70\0\x64\x71\x5f\x6f\x70\
\0\x73\x5f\x71\x63\x6f\x70\0\x73\x5f\x65\x78\x70\x6f\x72\x74\x5f\x6f\x70\0\x73\
\x5f\x66\x6c\x61\x67\x73\0\x73\x5f\x69\x66\x6c\x61\x67\x73\0\x73\x5f\x6d\x61\
\x67\x69\x63\0\x73\x5f\x72\x6f\x6f\x74\0\x73\x5f\x75\x6d\x6f\x75\x6e\x74\0\x73\
\x5f\x63\x6f\x75\x6e\x74\0\x73\x5f\x61\x63\x74\x69\x76\x65\0\x73\x5f\x73\x65\
\x63\x75\x72\x69\x74\x79\0\x73\x5f\x78\x61\x74\x74\x72\0\x73\x5f\x63\x6f\x70\0\
\x73\x5f\x6d\x61\x73\x74\x65\x72\x5f\x6b\x65\x79\x73\0\x73\x5f\x76\x6f\x70\0\
\x73\x5f\x65\x6e\x63\x6f\x64\x69\x6e\x67\0\x73\x5f\x65\x6e\x63\x6f\x64\x69\x6e\
\x67\x5f\x66\x6c\x61\x67\x73\0\x73\x5f\x72\x6f\x6f\x74\x73\0\x73\x5f\x6d\x6f\
\x75\x6e\x74\x73\0\x73\x5f\x62\x64\x65\x76\0\x73\x5f\x62\x64\x69\0\x73\x5f\x6d\
\x74\x64\0\x73\x5f\x69\x6e\x73\x74\x61\x6e\x63\x65\x73\0\x73\x5f\x71\x75\x6f\
\x74\x61\x5f\x74\x79\x70\x65\x73\0\x73\x5f\x64\x71\x75\x6f\x74\0\x73\x5f\x77\
\x72\x69\x74\x65\x72\x73\0\x73\x5f\x66\x73\x5f\x69\x6e\x66\x6f\0\x73\x5f\x74\
\x69\x6d\x65\x5f\x67\x72\x61\x6e\0\x73\x5f\x74\x69\x6d\x65\x5f\x6d\x69\x6e\0\
\x73\x5f\x74\x69\x6d\x65\x5f\x6d\x61\x78\0\x73\x5f\x66\x73\x6e\x6f\x74\x69\x66\
\x79\x5f\x6d\x61\x73\x6b\0\x73\x5f\x66\x73\x6e\x6f\x74\x69\x66\x79\x5f\x6d\x61\
\x72\x6b\x73\0\x73\x5f\x69\x64\0\x73\x5f\x75\x75\x69\x64\0\x73\x5f\x6d\x61\x78\
\x5f\x6c\x69\x6e\x6b\x73\0\x73\x5f\x6d\x6f\x64\x65\0\x73\x5f\x76\x66\x73\x5f\
\x72\x65\x6e\x61\x6d\x65\x5f\x6d\x75\x74\x65\x78\0\x73\x5f\x73\x75\x62\x74\x79\
\x70\x65\0\x73\x5f\x64\x5f\x6f\x70\0\x63\x6c\x65\x61\x6e\x63\x61\x63\x68\x65\
\x5f\x70\x6f\x6f\x6c\x69\x64\0\x73\x5f\x73\x68\x72\x69\x6e\x6b\0\x73\x5f\x72\
\x65\x6d\x6f\x76\x65\x5f\x63\x6f\x75\x6e\x74\0\x73\x5f\x66\x73\x6e\x6f\x74\x69\
\x66\x79\x5f\x63\x6f\x6e\x6e\x65\x63\x74\x6f\x72\x73\0\x73\x5f\x72\x65\x61\x64\
\x6f\x6e\x6c\x79\x5f\x72\x65\x6d\x6f\x75\x6e\x74\0\x73\x5f\x77\x62\x5f\x65\x72\
\x72\0\x73\x5f\x64\x69\x6f\x5f\x64\x6f\x6e\x65\x5f\x77\x71\0\x73\x5f\x70\x69\
\x6e\x73\0\x73\x5f\x75\x73\x65\x72\x5f\x6e\x73\0\x73\x5f\x64\x65\x6e\x74\x72\
\x79\x5f\x6c\x72\x75\0\x73\x5f\x69\x6e\x6f\x64\x65\x5f\x6c\x72\x75\0\x72\x63\
\x75\0\x64\x65\x73\x74\x72\x6f\x79\x5f\x77\x6f\x72\x6b\0\x73\x5f\x73\x79\x6e\
\x63\x5f\x6c\x6f\x63\x6b\0\x73\x5f\x73\x74\x61\x63\x6b\x5f\x64\x65\x70\x74\x68\
\0\x73\x5f\x69\x6e\x6f\x64\x65\x5f\x6c\x69\x73\x74\x5f\x6c\x6f\x63\x6b\0\x73\
\x5f\x69\x6e\x6f\x64\x65\x73\0\x73\x5f\x69\x6e\x6f\x64\x65\x5f\x77\x62\x6c\x69\
\x73\x74\x5f\x6c\x6f\x63\x6b\0\x73\x5f\x69\x6e\x6f\x64\x65\x73\x5f\x77\x62\0\
\x6c\x6f\x66\x66\x5f\x74\0\x5f\x5f\x6b\x65\x72\x6e\x65\x6c\x5f\x6c\x6f\x66\x66\
\x5f\x74\0\x72\x77\x5f\x73\x65\x6d\x61\x70\x68\x6f\x72\x65\0\x63\x6f\x75\x6e\
\x74\0\x68\x6c\x69\x73\x74\x5f\x62\x6c\x5f\x68\x65\x61\x64\0\x66\x69\x72\x73\
\x74\0\x6d\x74\x64\x5f\x69\x6e\x66\x6f\0\x71\x75\x6f\x74\x61\x5f\x69\x6e\x66\
\x6f\0\x64\x71\x69\x6f\x5f\x73\x65\x6d\0\x66\x69\x6c\x65\x73\0\x69\x6e\x66\x6f\
\0\x6f\x70\x73\0\x6d\x65\x6d\x5f\x64\x71\x69\x6e\x66\x6f\0\x64\x71\x69\x5f\x66\
\x6f\x72\x6d\x61\x74\0\x64\x71\x69\x5f\x66\x6d\x74\x5f\x69\x64\0\x64\x71\x69\
\x5f\x64\x69\x72\x74\x79\x5f\x6c\x69\x73\x74\0\x64\x71\x69\x5f\x66\x6c\x61\x67\
\x73\0\x64\x71\x69\x5f\x62\x67\x72\x61\x63\x65\0\x64\x71\x69\x5f\x69\x67\x72\
\x61\x63\x65\0\x64\x71\x69\x5f\x6d\x61\x78\x5f\x73\x70\x63\x5f\x6c\x69\x6d\x69\
\x74\0\x64\x71\x69\x5f\x6d\x61\x78\x5f\x69\x6e\x6f\x5f\x6c\x69\x6d\x69\x74\0\
\x64\x71\x69\x5f\x70\x72\x69\x76\0\x71\x73\x69\x7a\x65\x5f\x74\0\x71\x75\x6f\
\x74\x61\x5f\x66\x6f\x72\x6d\x61\x74\x5f\x6f\x70\x73\0\x63\x68\x65\x63\x6b\x5f\
\x71\x75\x6f\x74\x61\x5f\x66\x69\x6c\x65\0\x72\x65\x61\x64\x5f\x66\x69\x6c\x65\
\x5f\x69\x6e\x66\x6f\0\x77\x72\x69\x74\x65\x5f\x66\x69\x6c\x65\x5f\x69\x6e\x66\
\x6f\0\x66\x72\x65\x65\x5f\x66\x69\x6c\x65\x5f\x69\x6e\x66\x6f\0\x72\x65\x61\
\x64\x5f\x64\x71\x62\x6c\x6b\0\x63\x6f\x6d\x6d\x69\x74\x5f\x64\x71\x62\x6c\x6b\
\0\x72\x65\x6c\x65\x61\x73\x65\x5f\x64\x71\x62\x6c\x6b\0\x67\x65\x74\x5f\x6e\
\x65\x78\x74\x5f\x69\x64\0\x64\x71\x75\x6f\x74\0\x64\x71\x5f\x68\x61\x73\x68\0\
\x64\x71\x5f\x69\x6e\x75\x73\x65\0\x64\x71\x5f\x66\x72\x65\x65\0\x64\x71\x5f\
\x64\x69\x72\x74\x79\0\x64\x71\x5f\x6c\x6f\x63\x6b\0\x64\x71\x5f\x64\x71\x62\
\x5f\x6c\x6f\x63\x6b\0\x64\x71\x5f\x63\x6f\x75\x6e\x74\0\x64\x71\x5f\x73\x62\0\
\x64\x71\x5f\x69\x64\0\x64\x71\x5f\x6f\x66\x66\0\x64\x71\x5f\x66\x6c\x61\x67\
\x73\0\x64\x71\x5f\x64\x71\x62\0\x6b\x71\x69\x64\0\x75\x69\x64\0\x67\x69\x64\0\
\x70\x72\x6f\x6a\x69\x64\0\x6b\x70\x72\x6f\x6a\x69\x64\x5f\x74\0\x70\x72\x6f\
\x6a\x69\x64\x5f\x74\0\x71\x75\x6f\x74\x61\x5f\x74\x79\x70\x65\0\x55\x53\x52\
\x51\x55\x4f\x54\x41\0\x47\x52\x50\x51\x55\x4f\x54\x41\0\x50\x52\x4a\x51\x55\
\x4f\x54\x41\0\x6d\x65\x6d\x5f\x64\x71\x62\x6c\x6b\0\x64\x71\x62\x5f\x62\x68\
\x61\x72\x64\x6c\x69\x6d\x69\x74\0\x64\x71\x62\x5f\x62\x73\x6f\x66\x74\x6c\x69\
\x6d\x69\x74\0\x64\x71\x62\x5f\x63\x75\x72\x73\x70\x61\x63\x65\0\x64\x71\x62\
\x5f\x72\x73\x76\x73\x70\x61\x63\x65\0\x64\x71\x62\x5f\x69\x68\x61\x72\x64\x6c\
\x69\x6d\x69\x74\0\x64\x71\x62\x5f\x69\x73\x6f\x66\x74\x6c\x69\x6d\x69\x74\0\
\x64\x71\x62\x5f\x63\x75\x72\x69\x6e\x6f\x64\x65\x73\0\x64\x71\x62\x5f\x62\x74\
\x69\x6d\x65\0\x64\x71\x62\x5f\x69\x74\x69\x6d\x65\0\x74\x69\x6d\x65\x36\x34\
\x5f\x74\0\x73\x62\x5f\x77\x72\x69\x74\x65\x72\x73\0\x66\x72\x6f\x7a\x65\x6e\0\
\x77\x61\x69\x74\x5f\x75\x6e\x66\x72\x6f\x7a\x65\x6e\0\x72\x77\x5f\x73\x65\x6d\
\0\x70\x65\x72\x63\x70\x75\x5f\x72\x77\x5f\x73\x65\x6d\x61\x70\x68\x6f\x72\x65\
\0\x72\x73\x73\0\x72\x65\x61\x64\x5f\x63\x6f\x75\x6e\x74\0\x77\x72\x69\x74\x65\
\x72\0\x77\x61\x69\x74\x65\x72\x73\0\x62\x6c\x6f\x63\x6b\0\x72\x63\x75\x5f\x73\
\x79\x6e\x63\0\x67\x70\x5f\x73\x74\x61\x74\x65\0\x67\x70\x5f\x63\x6f\x75\x6e\
\x74\0\x67\x70\x5f\x77\x61\x69\x74\0\x63\x62\x5f\x68\x65\x61\x64\0\x72\x63\x75\
\x77\x61\x69\x74\0\x74\x61\x73\x6b\0\x75\x75\x69\x64\x5f\x74\0\x62\0\x66\x6d\
\x6f\x64\x65\x5f\x74\0\x73\x68\x72\x69\x6e\x6b\x65\x72\0\x63\x6f\x75\x6e\x74\
\x5f\x6f\x62\x6a\x65\x63\x74\x73\0\x73\x63\x61\x6e\x5f\x6f\x62\x6a\x65\x63\x74\
\x73\0\x62\x61\x74\x63\x68\0\x73\x65\x65\x6b\x73\0\x6e\x72\x5f\x64\x65\x66\x65\
\x72\x72\x65\x64\0\x73\x68\x72\x69\x6e\x6b\x5f\x63\x6f\x6e\x74\x72\x6f\x6c\0\
\x67\x66\x70\x5f\x6d\x61\x73\x6b\0\x6e\x69\x64\0\x6e\x72\x5f\x74\x6f\x5f\x73\
\x63\x61\x6e\0\x6e\x72\x5f\x73\x63\x61\x6e\x6e\x65\x64\0\x6d\x65\x6d\x63\x67\0\
\x6c\x6f\x6e\x67\0\x65\x72\x72\x73\x65\x71\x5f\x74\0\x77\x6f\x72\x6b\x71\x75\
\x65\x75\x65\x5f\x73\x74\x72\x75\x63\x74\0\x70\x77\x71\x73\0\x77\x6f\x72\x6b\
\x5f\x63\x6f\x6c\x6f\x72\0\x66\x6c\x75\x73\x68\x5f\x63\x6f\x6c\x6f\x72\0\x6e\
\x72\x5f\x70\x77\x71\x73\x5f\x74\x6f\x5f\x66\x6c\x75\x73\x68\0\x66\x69\x72\x73\
\x74\x5f\x66\x6c\x75\x73\x68\x65\x72\0\x66\x6c\x75\x73\x68\x65\x72\x5f\x71\x75\
\x65\x75\x65\0\x66\x6c\x75\x73\x68\x65\x72\x5f\x6f\x76\x65\x72\x66\x6c\x6f\x77\
\0\x6d\x61\x79\x64\x61\x79\x73\0\x72\x65\x73\x63\x75\x65\x72\0\x6e\x72\x5f\x64\
\x72\x61\x69\x6e\x65\x72\x73\0\x73\x61\x76\x65\x64\x5f\x6d\x61\x78\x5f\x61\x63\
\x74\x69\x76\x65\0\x75\x6e\x62\x6f\x75\x6e\x64\x5f\x61\x74\x74\x72\x73\0\x64\
\x66\x6c\x5f\x70\x77\x71\0\x77\x71\x5f\x64\x65\x76\0\x63\x70\x75\x5f\x70\x77\
\x71\x73\0\x6e\x75\x6d\x61\x5f\x70\x77\x71\x5f\x74\x62\x6c\0\x70\x6f\x6f\x6c\
\x5f\x77\x6f\x72\x6b\x71\x75\x65\x75\x65\0\x70\x6f\x6f\x6c\0\x72\x65\x66\x63\
\x6e\x74\0\x6e\x72\x5f\x69\x6e\x5f\x66\x6c\x69\x67\x68\x74\0\x6d\x61\x78\x5f\
\x61\x63\x74\x69\x76\x65\0\x69\x6e\x61\x63\x74\x69\x76\x65\x5f\x77\x6f\x72\x6b\
\x73\0\x70\x77\x71\x73\x5f\x6e\x6f\x64\x65\0\x6d\x61\x79\x64\x61\x79\x5f\x6e\
\x6f\x64\x65\0\x75\x6e\x62\x6f\x75\x6e\x64\x5f\x72\x65\x6c\x65\x61\x73\x65\x5f\
\x77\x6f\x72\x6b\0\x68\x6c\x69\x73\x74\x5f\x68\x65\x61\x64\0\x6c\x69\x73\x74\
\x5f\x6c\x72\x75\0\x73\x68\x72\x69\x6e\x6b\x65\x72\x5f\x69\x64\0\x6d\x65\x6d\
\x63\x67\x5f\x61\x77\x61\x72\x65\0\x69\x5f\x6e\x6c\x69\x6e\x6b\0\x5f\x5f\x69\
\x5f\x6e\x6c\x69\x6e\x6b\0\x74\x69\x6d\x65\x73\x70\x65\x63\x36\x34\0\x74\x76\
\x5f\x73\x65\x63\0\x74\x76\x5f\x6e\x73\x65\x63\0\x62\x6c\x6b\x63\x6e\x74\x5f\
\x74\0\x69\x5f\x64\x65\x6e\x74\x72\x79\0\x69\x5f\x72\x63\x75\0\x69\x5f\x66\x6f\
\x70\0\x66\x72\x65\x65\x5f\x69\x6e\x6f\x64\x65\0\x61\x64\x64\x72\x65\x73\x73\
\x5f\x73\x70\x61\x63\x65\0\x68\x6f\x73\x74\0\x69\x5f\x70\x61\x67\x65\x73\0\x69\
\x6e\x76\x61\x6c\x69\x64\x61\x74\x65\x5f\x6c\x6f\x63\x6b\0\x69\x5f\x6d\x6d\x61\
\x70\x5f\x77\x72\x69\x74\x61\x62\x6c\x65\0\x69\x5f\x6d\x6d\x61\x70\0\x6e\x72\
\x70\x61\x67\x65\x73\0\x77\x72\x69\x74\x65\x62\x61\x63\x6b\x5f\x69\x6e\x64\x65\
\x78\0\x61\x5f\x6f\x70\x73\0\x69\x5f\x6d\x6d\x61\x70\x5f\x72\x77\x73\x65\x6d\0\
\x77\x62\x5f\x65\x72\x72\0\x70\x72\x69\x76\x61\x74\x65\x5f\x6c\x6f\x63\x6b\0\
\x70\x72\x69\x76\x61\x74\x65\x5f\x6c\x69\x73\x74\0\x72\x62\x5f\x72\x6f\x6f\x74\
\x5f\x63\x61\x63\x68\x65\x64\0\x72\x62\x5f\x72\x6f\x6f\x74\0\x72\x62\x5f\x6c\
\x65\x66\x74\x6d\x6f\x73\x74\0\x69\x5f\x70\x69\x70\x65\0\x69\x5f\x63\x64\x65\
\x76\0\x69\x5f\x6c\x69\x6e\x6b\0\x69\x5f\x64\x69\x72\x5f\x73\x65\x71\0\x66\x73\
\x6e\x6f\x74\x69\x66\x79\x5f\x6d\x61\x72\x6b\x5f\x63\x6f\x6e\x6e\x65\x63\x74\
\x6f\x72\0\x66\x73\x69\x64\0\x5f\x5f\x6b\x65\x72\x6e\x65\x6c\x5f\x66\x73\x69\
\x64\x5f\x74\0\x6f\x62\x6a\0\x64\x65\x73\x74\x72\x6f\x79\x5f\x6e\x65\x78\x74\0\
\x66\x73\x6e\x6f\x74\x69\x66\x79\x5f\x63\x6f\x6e\x6e\x70\x5f\x74\0\x6c\x6f\x63\
\x6b\x72\x65\x66\0\x6c\x6f\x63\x6b\x5f\x63\x6f\x75\x6e\x74\0\x64\x65\x6e\x74\
\x72\x79\x5f\x6f\x70\x65\x72\x61\x74\x69\x6f\x6e\x73\0\x64\x5f\x72\x65\x76\x61\
\x6c\x69\x64\x61\x74\x65\0\x64\x5f\x77\x65\x61\x6b\x5f\x72\x65\x76\x61\x6c\x69\
\x64\x61\x74\x65\0\x64\x5f\x63\x6f\x6d\x70\x61\x72\x65\0\x64\x5f\x64\x65\x6c\
\x65\x74\x65\0\x64\x5f\x69\x6e\x69\x74\0\x64\x5f\x72\x65\x6c\x65\x61\x73\x65\0\
\x64\x5f\x70\x72\x75\x6e\x65\0\x64\x5f\x69\x70\x75\x74\0\x64\x5f\x64\x6e\x61\
\x6d\x65\0\x64\x5f\x61\x75\x74\x6f\x6d\x6f\x75\x6e\x74\0\x64\x5f\x6d\x61\x6e\
\x61\x67\x65\0\x64\x5f\x72\x65\x61\x6c\0\x76\x66\x73\x6d\x6f\x75\x6e\x74\0\x6d\
\x6e\x74\x5f\x72\x6f\x6f\x74\0\x6d\x6e\x74\x5f\x73\x62\0\x6d\x6e\x74\x5f\x66\
\x6c\x61\x67\x73\0\x6d\x6e\x74\x5f\x75\x73\x65\x72\x6e\x73\0\x75\x73\x65\x72\
\x5f\x6e\x61\x6d\x65\x73\x70\x61\x63\x65\0\x75\x69\x64\x5f\x6d\x61\x70\0\x67\
\x69\x64\x5f\x6d\x61\x70\0\x70\x72\x6f\x6a\x69\x64\x5f\x6d\x61\x70\0\x6c\x65\
\x76\x65\x6c\0\x67\x72\x6f\x75\x70\0\x6e\x73\0\x70\x61\x72\x65\x6e\x74\x5f\x63\
\x6f\x75\x6c\x64\x5f\x73\x65\x74\x66\x63\x61\x70\0\x6b\x65\x79\x72\x69\x6e\x67\
\x5f\x6e\x61\x6d\x65\x5f\x6c\x69\x73\x74\0\x75\x73\x65\x72\x5f\x6b\x65\x79\x72\
\x69\x6e\x67\x5f\x72\x65\x67\x69\x73\x74\x65\x72\0\x6b\x65\x79\x72\x69\x6e\x67\
\x5f\x73\x65\x6d\0\x70\x65\x72\x73\x69\x73\x74\x65\x6e\x74\x5f\x6b\x65\x79\x72\
\x69\x6e\x67\x5f\x72\x65\x67\x69\x73\x74\x65\x72\0\x73\x65\x74\0\x73\x79\x73\
\x63\x74\x6c\x73\0\x75\x63\x6f\x75\x6e\x74\x73\0\x75\x63\x6f\x75\x6e\x74\x5f\
\x6d\x61\x78\0\x75\x69\x64\x5f\x67\x69\x64\x5f\x6d\x61\x70\0\x6e\x72\x5f\x65\
\x78\x74\x65\x6e\x74\x73\0\x65\x78\x74\x65\x6e\x74\0\x75\x69\x64\x5f\x67\x69\
\x64\x5f\x65\x78\x74\x65\x6e\x74\0\x6c\x6f\x77\x65\x72\x5f\x66\x69\x72\x73\x74\
\0\x66\x6f\x72\x77\x61\x72\x64\0\x72\x65\x76\x65\x72\x73\x65\0\x6e\x73\x5f\x63\
\x6f\x6d\x6d\x6f\x6e\0\x73\x74\x61\x73\x68\x65\x64\0\x69\x6e\x75\x6d\0\x75\x73\
\x61\x67\x65\0\x73\x65\x72\x69\x61\x6c\0\x77\x61\x74\x63\x68\x65\x72\x73\0\x73\
\x65\x6d\0\x75\x73\x65\x72\0\x73\x65\x63\x75\x72\x69\x74\x79\0\x6c\x61\x73\x74\
\x5f\x75\x73\x65\x64\x5f\x61\x74\0\x70\x65\x72\x6d\0\x71\x75\x6f\x74\x61\x6c\
\x65\x6e\0\x64\x61\x74\x61\x6c\x65\x6e\0\x72\x65\x73\x74\x72\x69\x63\x74\x5f\
\x6c\x69\x6e\x6b\0\x6b\x65\x79\x5f\x73\x65\x72\x69\x61\x6c\x5f\x74\0\x69\x6e\
\x74\x33\x32\x5f\x74\0\x67\x72\x61\x76\x65\x79\x61\x72\x64\x5f\x6c\x69\x6e\x6b\
\0\x73\x65\x72\x69\x61\x6c\x5f\x6e\x6f\x64\x65\0\x65\x78\x70\x69\x72\x79\0\x72\
\x65\x76\x6f\x6b\x65\x64\x5f\x61\x74\0\x6b\x65\x79\x5f\x70\x65\x72\x6d\x5f\x74\
\0\x75\x69\x6e\x74\x33\x32\x5f\x74\0\x69\x6e\x64\x65\x78\x5f\x6b\x65\x79\0\x6b\
\x65\x79\x72\x69\x6e\x67\x5f\x69\x6e\x64\x65\x78\x5f\x6b\x65\x79\0\x64\x6f\x6d\
\x61\x69\x6e\x5f\x74\x61\x67\0\x64\x65\x73\x63\x72\x69\x70\x74\x69\x6f\x6e\0\
\x78\0\x64\x65\x73\x63\x5f\x6c\x65\x6e\0\x64\x65\x73\x63\0\x6c\x65\x6e\x5f\x64\
\x65\x73\x63\0\x6b\x65\x79\x5f\x74\x79\x70\x65\0\x64\x65\x66\x5f\x64\x61\x74\
\x61\x6c\x65\x6e\0\x76\x65\x74\x5f\x64\x65\x73\x63\x72\x69\x70\x74\x69\x6f\x6e\
\0\x70\x72\x65\x70\x61\x72\x73\x65\0\x66\x72\x65\x65\x5f\x70\x72\x65\x70\x61\
\x72\x73\x65\0\x69\x6e\x73\x74\x61\x6e\x74\x69\x61\x74\x65\0\x75\x70\x64\x61\
\x74\x65\0\x6d\x61\x74\x63\x68\x5f\x70\x72\x65\x70\x61\x72\x73\x65\0\x6d\x61\
\x74\x63\x68\x5f\x66\x72\x65\x65\0\x72\x65\x76\x6f\x6b\x65\0\x64\x65\x73\x74\
\x72\x6f\x79\0\x64\x65\x73\x63\x72\x69\x62\x65\0\x72\x65\x61\x64\0\x72\x65\x71\
\x75\x65\x73\x74\x5f\x6b\x65\x79\0\x6c\x6f\x6f\x6b\x75\x70\x5f\x72\x65\x73\x74\
\x72\x69\x63\x74\x69\x6f\x6e\0\x61\x73\x79\x6d\x5f\x71\x75\x65\x72\x79\0\x61\
\x73\x79\x6d\x5f\x65\x64\x73\x5f\x6f\x70\0\x61\x73\x79\x6d\x5f\x76\x65\x72\x69\
\x66\x79\x5f\x73\x69\x67\x6e\x61\x74\x75\x72\x65\0\x6c\x69\x6e\x6b\0\x6c\x6f\
\x63\x6b\x5f\x63\x6c\x61\x73\x73\0\x73\x69\x7a\x65\x5f\x74\0\x5f\x5f\x6b\x65\
\x72\x6e\x65\x6c\x5f\x73\x69\x7a\x65\x5f\x74\0\x5f\x5f\x6b\x65\x72\x6e\x65\x6c\
\x5f\x75\x6c\x6f\x6e\x67\x5f\x74\0\x6b\x65\x79\x5f\x70\x72\x65\x70\x61\x72\x73\
\x65\x64\x5f\x70\x61\x79\x6c\x6f\x61\x64\0\x6f\x72\x69\x67\x5f\x64\x65\x73\x63\
\x72\x69\x70\x74\x69\x6f\x6e\0\x70\x61\x79\x6c\x6f\x61\x64\0\x6b\x65\x79\x5f\
\x70\x61\x79\x6c\x6f\x61\x64\0\x72\x63\x75\x5f\x64\x61\x74\x61\x30\0\x6b\x65\
\x79\x5f\x6d\x61\x74\x63\x68\x5f\x64\x61\x74\x61\0\x63\x6d\x70\0\x72\x61\x77\
\x5f\x64\x61\x74\x61\0\x70\x72\x65\x70\x61\x72\x73\x65\x64\0\x6c\x6f\x6f\x6b\
\x75\x70\x5f\x74\x79\x70\x65\0\x73\x65\x71\x5f\x66\x69\x6c\x65\0\x62\x75\x66\0\
\x73\x69\x7a\x65\0\x66\x72\x6f\x6d\0\x70\x61\x64\x5f\x75\x6e\x74\x69\x6c\0\x69\
\x6e\x64\x65\x78\0\x72\x65\x61\x64\x5f\x70\x6f\x73\0\x6f\x70\0\x70\x6f\x6c\x6c\
\x5f\x65\x76\x65\x6e\x74\0\x66\x69\x6c\x65\0\x72\x65\x71\x75\x65\x73\x74\x5f\
\x6b\x65\x79\x5f\x61\x63\x74\x6f\x72\x5f\x74\0\x6b\x65\x79\x5f\x72\x65\x73\x74\
\x72\x69\x63\x74\x69\x6f\x6e\0\x63\x68\x65\x63\x6b\0\x6b\x65\x79\x74\x79\x70\
\x65\0\x6b\x65\x79\x5f\x72\x65\x73\x74\x72\x69\x63\x74\x5f\x6c\x69\x6e\x6b\x5f\
\x66\x75\x6e\x63\x5f\x74\0\x6b\x65\x72\x6e\x65\x6c\x5f\x70\x6b\x65\x79\x5f\x70\
\x61\x72\x61\x6d\x73\0\x65\x6e\x63\x6f\x64\x69\x6e\x67\0\x68\x61\x73\x68\x5f\
\x61\x6c\x67\x6f\0\x69\x6e\x5f\x6c\x65\x6e\0\x6f\x75\x74\x5f\x6c\x65\x6e\0\x69\
\x6e\x32\x5f\x6c\x65\x6e\0\x6b\x65\x72\x6e\x65\x6c\x5f\x70\x6b\x65\x79\x5f\x6f\
\x70\x65\x72\x61\x74\x69\x6f\x6e\0\x6b\x65\x72\x6e\x65\x6c\x5f\x70\x6b\x65\x79\
\x5f\x65\x6e\x63\x72\x79\x70\x74\0\x6b\x65\x72\x6e\x65\x6c\x5f\x70\x6b\x65\x79\
\x5f\x64\x65\x63\x72\x79\x70\x74\0\x6b\x65\x72\x6e\x65\x6c\x5f\x70\x6b\x65\x79\
\x5f\x73\x69\x67\x6e\0\x6b\x65\x72\x6e\x65\x6c\x5f\x70\x6b\x65\x79\x5f\x76\x65\
\x72\x69\x66\x79\0\x6b\x65\x72\x6e\x65\x6c\x5f\x70\x6b\x65\x79\x5f\x71\x75\x65\
\x72\x79\0\x73\x75\x70\x70\x6f\x72\x74\x65\x64\x5f\x6f\x70\x73\0\x6b\x65\x79\
\x5f\x73\x69\x7a\x65\0\x6d\x61\x78\x5f\x64\x61\x74\x61\x5f\x73\x69\x7a\x65\0\
\x6d\x61\x78\x5f\x73\x69\x67\x5f\x73\x69\x7a\x65\0\x6d\x61\x78\x5f\x65\x6e\x63\
\x5f\x73\x69\x7a\x65\0\x6d\x61\x78\x5f\x64\x65\x63\x5f\x73\x69\x7a\x65\0\x6c\
\x6f\x63\x6b\x5f\x63\x6c\x61\x73\x73\x5f\x6b\x65\x79\0\x6b\x65\x79\x5f\x74\x61\
\x67\0\x72\x65\x6d\x6f\x76\x65\x64\0\x6e\x61\x6d\x65\x5f\x6c\x69\x6e\x6b\0\x6b\
\x65\x79\x73\0\x61\x73\x73\x6f\x63\x5f\x61\x72\x72\x61\x79\0\x72\x6f\x6f\x74\0\
\x6e\x72\x5f\x6c\x65\x61\x76\x65\x73\x5f\x6f\x6e\x5f\x74\x72\x65\x65\0\x61\x73\
\x73\x6f\x63\x5f\x61\x72\x72\x61\x79\x5f\x70\x74\x72\0\x63\x74\x6c\x5f\x74\x61\
\x62\x6c\x65\x5f\x73\x65\x74\0\x69\x73\x5f\x73\x65\x65\x6e\0\x64\x69\x72\0\x63\
\x74\x6c\x5f\x64\x69\x72\0\x68\x65\x61\x64\x65\x72\0\x63\x74\x6c\x5f\x74\x61\
\x62\x6c\x65\x5f\x68\x65\x61\x64\x65\x72\0\x75\x6e\x72\x65\x67\x69\x73\x74\x65\
\x72\x69\x6e\x67\0\x63\x74\x6c\x5f\x74\x61\x62\x6c\x65\x5f\x61\x72\x67\0\x69\
\x6e\x6f\x64\x65\x73\0\x63\x74\x6c\x5f\x74\x61\x62\x6c\x65\0\x75\x73\x65\x64\0\
\x6e\x72\x65\x67\0\x70\x72\x6f\x63\x6e\x61\x6d\x65\0\x6d\x61\x78\x6c\x65\x6e\0\
\x6d\x6f\x64\x65\0\x63\x68\x69\x6c\x64\0\x70\x72\x6f\x63\x5f\x68\x61\x6e\x64\
\x6c\x65\x72\0\x70\x6f\x6c\x6c\0\x65\x78\x74\x72\x61\x31\0\x65\x78\x74\x72\x61\
\x32\0\x70\x61\x74\x68\0\x6d\x6e\x74\0\x64\x5f\x6c\x72\x75\0\x64\x5f\x77\x61\
\x69\x74\0\x64\x5f\x61\x6c\x69\x61\x73\0\x64\x5f\x69\x6e\x5f\x6c\x6f\x6f\x6b\
\x75\x70\x5f\x68\x61\x73\x68\0\x64\x5f\x72\x63\x75\0\x73\x72\x63\x75\x5f\x73\
\x74\x72\x75\x63\x74\0\x73\x72\x63\x75\x5f\x63\x62\x5f\x6d\x75\x74\x65\x78\0\
\x73\x72\x63\x75\x5f\x67\x70\x5f\x6d\x75\x74\x65\x78\0\x73\x72\x63\x75\x5f\x69\
\x64\x78\0\x73\x72\x63\x75\x5f\x67\x70\x5f\x73\x65\x71\0\x73\x72\x63\x75\x5f\
\x67\x70\x5f\x73\x65\x71\x5f\x6e\x65\x65\x64\x65\x64\0\x73\x72\x63\x75\x5f\x67\
\x70\x5f\x73\x65\x71\x5f\x6e\x65\x65\x64\x65\x64\x5f\x65\x78\x70\0\x73\x72\x63\
\x75\x5f\x6c\x61\x73\x74\x5f\x67\x70\x5f\x65\x6e\x64\0\x73\x64\x61\0\x73\x72\
\x63\x75\x5f\x62\x61\x72\x72\x69\x65\x72\x5f\x73\x65\x71\0\x73\x72\x63\x75\x5f\
\x62\x61\x72\x72\x69\x65\x72\x5f\x6d\x75\x74\x65\x78\0\x73\x72\x63\x75\x5f\x62\
\x61\x72\x72\x69\x65\x72\x5f\x63\x6f\x6d\x70\x6c\x65\x74\x69\x6f\x6e\0\x73\x72\
\x63\x75\x5f\x62\x61\x72\x72\x69\x65\x72\x5f\x63\x70\x75\x5f\x63\x6e\x74\0\x64\
\x65\x70\x5f\x6d\x61\x70\0\x73\x72\x63\x75\x5f\x6e\x6f\x64\x65\0\x73\x72\x63\
\x75\x5f\x68\x61\x76\x65\x5f\x63\x62\x73\0\x73\x72\x63\x75\x5f\x64\x61\x74\x61\
\x5f\x68\x61\x76\x65\x5f\x63\x62\x73\0\x73\x72\x63\x75\x5f\x70\x61\x72\x65\x6e\
\x74\0\x67\x72\x70\x6c\x6f\0\x67\x72\x70\x68\x69\0\x62\x6c\x6b\x5f\x69\x6e\x74\
\x65\x67\x72\x69\x74\x79\0\x70\x72\x6f\x66\x69\x6c\x65\0\x74\x75\x70\x6c\x65\
\x5f\x73\x69\x7a\x65\0\x69\x6e\x74\x65\x72\x76\x61\x6c\x5f\x65\x78\x70\0\x74\
\x61\x67\x5f\x73\x69\x7a\x65\0\x62\x6c\x6b\x5f\x72\x71\x5f\x73\x74\x61\x74\0\
\x6d\x65\x61\x6e\0\x6d\x69\x6e\0\x6d\x61\x78\0\x6e\x72\x5f\x73\x61\x6d\x70\x6c\
\x65\x73\0\x62\x6c\x6b\x63\x67\x5f\x67\x71\0\x71\x5f\x6e\x6f\x64\x65\0\x62\x6c\
\x6b\x63\x67\x5f\x6e\x6f\x64\x65\0\x62\x6c\x6b\x63\x67\0\x6f\x6e\x6c\x69\x6e\
\x65\0\x69\x6f\x73\x74\x61\x74\x5f\x63\x70\x75\0\x69\x6f\x73\x74\x61\x74\0\x70\
\x64\0\x61\x73\x79\x6e\x63\x5f\x62\x69\x6f\x5f\x6c\x6f\x63\x6b\0\x61\x73\x79\
\x6e\x63\x5f\x62\x69\x6f\x73\0\x61\x73\x79\x6e\x63\x5f\x62\x69\x6f\x5f\x77\x6f\
\x72\x6b\0\x75\x73\x65\x5f\x64\x65\x6c\x61\x79\0\x64\x65\x6c\x61\x79\x5f\x6e\
\x73\x65\x63\0\x64\x65\x6c\x61\x79\x5f\x73\x74\x61\x72\x74\0\x6c\x61\x73\x74\
\x5f\x64\x65\x6c\x61\x79\0\x6c\x61\x73\x74\x5f\x75\x73\x65\0\x62\x6c\x6b\x67\
\x5f\x69\x6f\x73\x74\x61\x74\x5f\x73\x65\x74\0\x73\x79\x6e\x63\0\x63\x75\x72\0\
\x6c\x61\x73\x74\0\x75\x36\x34\x5f\x73\x74\x61\x74\x73\x5f\x73\x79\x6e\x63\0\
\x62\x6c\x6b\x67\x5f\x69\x6f\x73\x74\x61\x74\0\x62\x79\x74\x65\x73\0\x69\x6f\
\x73\0\x62\x6c\x6b\x67\x5f\x70\x6f\x6c\x69\x63\x79\x5f\x64\x61\x74\x61\0\x62\
\x6c\x6b\x67\0\x70\x6c\x69\x64\0\x62\x69\x6f\x5f\x6c\x69\x73\x74\0\x71\x75\x65\
\x75\x65\x5f\x6c\x69\x6d\x69\x74\x73\0\x62\x6f\x75\x6e\x63\x65\0\x73\x65\x67\
\x5f\x62\x6f\x75\x6e\x64\x61\x72\x79\x5f\x6d\x61\x73\x6b\0\x76\x69\x72\x74\x5f\
\x62\x6f\x75\x6e\x64\x61\x72\x79\x5f\x6d\x61\x73\x6b\0\x6d\x61\x78\x5f\x68\x77\
\x5f\x73\x65\x63\x74\x6f\x72\x73\0\x6d\x61\x78\x5f\x64\x65\x76\x5f\x73\x65\x63\
\x74\x6f\x72\x73\0\x63\x68\x75\x6e\x6b\x5f\x73\x65\x63\x74\x6f\x72\x73\0\x6d\
\x61\x78\x5f\x73\x65\x63\x74\x6f\x72\x73\0\x6d\x61\x78\x5f\x73\x65\x67\x6d\x65\
\x6e\x74\x5f\x73\x69\x7a\x65\0\x70\x68\x79\x73\x69\x63\x61\x6c\x5f\x62\x6c\x6f\
\x63\x6b\x5f\x73\x69\x7a\x65\0\x6c\x6f\x67\x69\x63\x61\x6c\x5f\x62\x6c\x6f\x63\
\x6b\x5f\x73\x69\x7a\x65\0\x61\x6c\x69\x67\x6e\x6d\x65\x6e\x74\x5f\x6f\x66\x66\
\x73\x65\x74\0\x69\x6f\x5f\x6d\x69\x6e\0\x69\x6f\x5f\x6f\x70\x74\0\x6d\x61\x78\
\x5f\x64\x69\x73\x63\x61\x72\x64\x5f\x73\x65\x63\x74\x6f\x72\x73\0\x6d\x61\x78\
\x5f\x68\x77\x5f\x64\x69\x73\x63\x61\x72\x64\x5f\x73\x65\x63\x74\x6f\x72\x73\0\
\x6d\x61\x78\x5f\x77\x72\x69\x74\x65\x5f\x73\x61\x6d\x65\x5f\x73\x65\x63\x74\
\x6f\x72\x73\0\x6d\x61\x78\x5f\x77\x72\x69\x74\x65\x5f\x7a\x65\x72\x6f\x65\x73\
\x5f\x73\x65\x63\x74\x6f\x72\x73\0\x6d\x61\x78\x5f\x7a\x6f\x6e\x65\x5f\x61\x70\
\x70\x65\x6e\x64\x5f\x73\x65\x63\x74\x6f\x72\x73\0\x64\x69\x73\x63\x61\x72\x64\
\x5f\x67\x72\x61\x6e\x75\x6c\x61\x72\x69\x74\x79\0\x64\x69\x73\x63\x61\x72\x64\
\x5f\x61\x6c\x69\x67\x6e\x6d\x65\x6e\x74\0\x7a\x6f\x6e\x65\x5f\x77\x72\x69\x74\
\x65\x5f\x67\x72\x61\x6e\x75\x6c\x61\x72\x69\x74\x79\0\x6d\x61\x78\x5f\x73\x65\
\x67\x6d\x65\x6e\x74\x73\0\x6d\x61\x78\x5f\x69\x6e\x74\x65\x67\x72\x69\x74\x79\
\x5f\x73\x65\x67\x6d\x65\x6e\x74\x73\0\x6d\x61\x78\x5f\x64\x69\x73\x63\x61\x72\
\x64\x5f\x73\x65\x67\x6d\x65\x6e\x74\x73\0\x6d\x69\x73\x61\x6c\x69\x67\x6e\x65\
\x64\0\x64\x69\x73\x63\x61\x72\x64\x5f\x6d\x69\x73\x61\x6c\x69\x67\x6e\x65\x64\
\0\x72\x61\x69\x64\x5f\x70\x61\x72\x74\x69\x61\x6c\x5f\x73\x74\x72\x69\x70\x65\
\x73\x5f\x65\x78\x70\x65\x6e\x73\x69\x76\x65\0\x7a\x6f\x6e\x65\x64\0\x62\x6c\
\x6b\x5f\x62\x6f\x75\x6e\x63\x65\0\x42\x4c\x4b\x5f\x42\x4f\x55\x4e\x43\x45\x5f\
\x4e\x4f\x4e\x45\0\x42\x4c\x4b\x5f\x42\x4f\x55\x4e\x43\x45\x5f\x48\x49\x47\x48\
\0\x62\x6c\x6b\x5f\x7a\x6f\x6e\x65\x64\x5f\x6d\x6f\x64\x65\x6c\0\x42\x4c\x4b\
\x5f\x5a\x4f\x4e\x45\x44\x5f\x4e\x4f\x4e\x45\0\x42\x4c\x4b\x5f\x5a\x4f\x4e\x45\
\x44\x5f\x48\x41\0\x42\x4c\x4b\x5f\x5a\x4f\x4e\x45\x44\x5f\x48\x4d\0\x62\x6c\
\x6b\x5f\x66\x6c\x75\x73\x68\x5f\x71\x75\x65\x75\x65\0\x66\x6c\x75\x73\x68\x5f\
\x70\x65\x6e\x64\x69\x6e\x67\x5f\x69\x64\x78\0\x66\x6c\x75\x73\x68\x5f\x72\x75\
\x6e\x6e\x69\x6e\x67\x5f\x69\x64\x78\0\x72\x71\x5f\x73\x74\x61\x74\x75\x73\0\
\x66\x6c\x75\x73\x68\x5f\x70\x65\x6e\x64\x69\x6e\x67\x5f\x73\x69\x6e\x63\x65\0\
\x66\x6c\x75\x73\x68\x5f\x71\x75\x65\x75\x65\0\x66\x6c\x75\x73\x68\x5f\x64\x61\
\x74\x61\x5f\x69\x6e\x5f\x66\x6c\x69\x67\x68\x74\0\x66\x6c\x75\x73\x68\x5f\x72\
\x71\0\x6d\x71\x5f\x66\x6c\x75\x73\x68\x5f\x6c\x6f\x63\x6b\0\x62\x69\x6f\x5f\
\x73\x65\x74\0\x62\x69\x6f\x5f\x73\x6c\x61\x62\0\x66\x72\x6f\x6e\x74\x5f\x70\
\x61\x64\0\x63\x61\x63\x68\x65\0\x62\x69\x6f\x5f\x70\x6f\x6f\x6c\0\x62\x76\x65\
\x63\x5f\x70\x6f\x6f\x6c\0\x62\x69\x6f\x5f\x69\x6e\x74\x65\x67\x72\x69\x74\x79\
\x5f\x70\x6f\x6f\x6c\0\x62\x76\x65\x63\x5f\x69\x6e\x74\x65\x67\x72\x69\x74\x79\
\x5f\x70\x6f\x6f\x6c\0\x62\x61\x63\x6b\x5f\x70\x61\x64\0\x72\x65\x73\x63\x75\
\x65\x5f\x6c\x6f\x63\x6b\0\x72\x65\x73\x63\x75\x65\x5f\x6c\x69\x73\x74\0\x72\
\x65\x73\x63\x75\x65\x5f\x77\x6f\x72\x6b\0\x72\x65\x73\x63\x75\x65\x5f\x77\x6f\
\x72\x6b\x71\x75\x65\x75\x65\0\x6d\x65\x6d\x70\x6f\x6f\x6c\x5f\x74\0\x6d\x65\
\x6d\x70\x6f\x6f\x6c\x5f\x73\0\x6d\x69\x6e\x5f\x6e\x72\0\x63\x75\x72\x72\x5f\
\x6e\x72\0\x65\x6c\x65\x6d\x65\x6e\x74\x73\0\x70\x6f\x6f\x6c\x5f\x64\x61\x74\
\x61\0\x61\x6c\x6c\x6f\x63\0\x66\x72\x65\x65\0\x6d\x65\x6d\x70\x6f\x6f\x6c\x5f\
\x61\x6c\x6c\x6f\x63\x5f\x74\0\x6d\x65\x6d\x70\x6f\x6f\x6c\x5f\x66\x72\x65\x65\
\x5f\x74\0\x62\x61\x63\x6b\x69\x6e\x67\x5f\x64\x65\x76\x5f\x69\x6e\x66\x6f\0\
\x62\x64\x69\x5f\x6c\x69\x73\x74\0\x72\x61\x5f\x70\x61\x67\x65\x73\0\x69\x6f\
\x5f\x70\x61\x67\x65\x73\0\x63\x61\x70\x61\x62\x69\x6c\x69\x74\x69\x65\x73\0\
\x6d\x69\x6e\x5f\x72\x61\x74\x69\x6f\0\x6d\x61\x78\x5f\x72\x61\x74\x69\x6f\0\
\x6d\x61\x78\x5f\x70\x72\x6f\x70\x5f\x66\x72\x61\x63\0\x74\x6f\x74\x5f\x77\x72\
\x69\x74\x65\x5f\x62\x61\x6e\x64\x77\x69\x64\x74\x68\0\x77\x62\0\x77\x62\x5f\
\x6c\x69\x73\x74\0\x63\x67\x77\x62\x5f\x74\x72\x65\x65\0\x63\x67\x77\x62\x5f\
\x72\x65\x6c\x65\x61\x73\x65\x5f\x6d\x75\x74\x65\x78\0\x77\x62\x5f\x73\x77\x69\
\x74\x63\x68\x5f\x72\x77\x73\x65\x6d\0\x77\x62\x5f\x77\x61\x69\x74\x71\0\x64\
\x65\x76\x5f\x6e\x61\x6d\x65\0\x6c\x61\x70\x74\x6f\x70\x5f\x6d\x6f\x64\x65\x5f\
\x77\x62\x5f\x74\x69\x6d\x65\x72\0\x64\x65\x62\x75\x67\x5f\x64\x69\x72\0\x62\
\x64\x69\x5f\x77\x72\x69\x74\x65\x62\x61\x63\x6b\0\x6c\x61\x73\x74\x5f\x6f\x6c\
\x64\x5f\x66\x6c\x75\x73\x68\0\x62\x5f\x64\x69\x72\x74\x79\0\x62\x5f\x69\x6f\0\
\x62\x5f\x6d\x6f\x72\x65\x5f\x69\x6f\0\x62\x5f\x64\x69\x72\x74\x79\x5f\x74\x69\
\x6d\x65\0\x6c\x69\x73\x74\x5f\x6c\x6f\x63\x6b\0\x77\x72\x69\x74\x65\x62\x61\
\x63\x6b\x5f\x69\x6e\x6f\x64\x65\x73\0\x73\x74\x61\x74\0\x63\x6f\x6e\x67\x65\
\x73\x74\x65\x64\0\x62\x77\x5f\x74\x69\x6d\x65\x5f\x73\x74\x61\x6d\x70\0\x64\
\x69\x72\x74\x69\x65\x64\x5f\x73\x74\x61\x6d\x70\0\x77\x72\x69\x74\x74\x65\x6e\
\x5f\x73\x74\x61\x6d\x70\0\x77\x72\x69\x74\x65\x5f\x62\x61\x6e\x64\x77\x69\x64\
\x74\x68\0\x61\x76\x67\x5f\x77\x72\x69\x74\x65\x5f\x62\x61\x6e\x64\x77\x69\x64\
\x74\x68\0\x64\x69\x72\x74\x79\x5f\x72\x61\x74\x65\x6c\x69\x6d\x69\x74\0\x62\
\x61\x6c\x61\x6e\x63\x65\x64\x5f\x64\x69\x72\x74\x79\x5f\x72\x61\x74\x65\x6c\
\x69\x6d\x69\x74\0\x63\x6f\x6d\x70\x6c\x65\x74\x69\x6f\x6e\x73\0\x64\x69\x72\
\x74\x79\x5f\x65\x78\x63\x65\x65\x64\x65\x64\0\x73\x74\x61\x72\x74\x5f\x61\x6c\
\x6c\x5f\x72\x65\x61\x73\x6f\x6e\0\x77\x6f\x72\x6b\x5f\x6c\x6f\x63\x6b\0\x77\
\x6f\x72\x6b\x5f\x6c\x69\x73\x74\0\x64\x77\x6f\x72\x6b\0\x62\x77\x5f\x64\x77\
\x6f\x72\x6b\0\x64\x69\x72\x74\x79\x5f\x73\x6c\x65\x65\x70\0\x62\x64\x69\x5f\
\x6e\x6f\x64\x65\0\x6d\x65\x6d\x63\x67\x5f\x63\x6f\x6d\x70\x6c\x65\x74\x69\x6f\
\x6e\x73\0\x6d\x65\x6d\x63\x67\x5f\x63\x73\x73\0\x62\x6c\x6b\x63\x67\x5f\x63\
\x73\x73\0\x6d\x65\x6d\x63\x67\x5f\x6e\x6f\x64\x65\0\x62\x5f\x61\x74\x74\x61\
\x63\x68\x65\x64\0\x6f\x66\x66\x6c\x69\x6e\x65\x5f\x6e\x6f\x64\x65\0\x70\x65\
\x72\x63\x70\x75\x5f\x63\x6f\x75\x6e\x74\x65\x72\0\x63\x6f\x75\x6e\x74\x65\x72\
\x73\0\x66\x70\x72\x6f\x70\x5f\x6c\x6f\x63\x61\x6c\x5f\x70\x65\x72\x63\x70\x75\
\0\x70\x65\x72\x69\x6f\x64\0\x77\x62\x5f\x72\x65\x61\x73\x6f\x6e\0\x57\x42\x5f\
\x52\x45\x41\x53\x4f\x4e\x5f\x42\x41\x43\x4b\x47\x52\x4f\x55\x4e\x44\0\x57\x42\
\x5f\x52\x45\x41\x53\x4f\x4e\x5f\x56\x4d\x53\x43\x41\x4e\0\x57\x42\x5f\x52\x45\
\x41\x53\x4f\x4e\x5f\x53\x59\x4e\x43\0\x57\x42\x5f\x52\x45\x41\x53\x4f\x4e\x5f\
\x50\x45\x52\x49\x4f\x44\x49\x43\0\x57\x42\x5f\x52\x45\x41\x53\x4f\x4e\x5f\x4c\
\x41\x50\x54\x4f\x50\x5f\x54\x49\x4d\x45\x52\0\x57\x42\x5f\x52\x45\x41\x53\x4f\
\x4e\x5f\x46\x53\x5f\x46\x52\x45\x45\x5f\x53\x50\x41\x43\x45\0\x57\x42\x5f\x52\
\x45\x41\x53\x4f\x4e\x5f\x46\x4f\x52\x4b\x45\x52\x5f\x54\x48\x52\x45\x41\x44\0\
\x57\x42\x5f\x52\x45\x41\x53\x4f\x4e\x5f\x46\x4f\x52\x45\x49\x47\x4e\x5f\x46\
\x4c\x55\x53\x48\0\x57\x42\x5f\x52\x45\x41\x53\x4f\x4e\x5f\x4d\x41\x58\0\x63\
\x67\x72\x6f\x75\x70\x5f\x73\x75\x62\x73\x79\x73\x5f\x73\x74\x61\x74\x65\0\x63\
\x67\x72\x6f\x75\x70\0\x73\x73\0\x73\x69\x62\x6c\x69\x6e\x67\0\x63\x68\x69\x6c\
\x64\x72\x65\x6e\0\x72\x73\x74\x61\x74\x5f\x63\x73\x73\x5f\x6e\x6f\x64\x65\0\
\x73\x65\x72\x69\x61\x6c\x5f\x6e\x72\0\x6f\x6e\x6c\x69\x6e\x65\x5f\x63\x6e\x74\
\0\x64\x65\x73\x74\x72\x6f\x79\x5f\x72\x77\x6f\x72\x6b\0\x72\x63\x75\x5f\x77\
\x6f\x72\x6b\0\x72\x65\x6c\x65\x61\x73\x65\x5f\x77\x6f\x72\x6b\0\x62\x69\x6f\
\x5f\x63\x72\x79\x70\x74\x5f\x63\x74\x78\0\x62\x63\x5f\x6b\x65\x79\0\x62\x63\
\x5f\x64\x75\x6e\0\x6d\x71\x5f\x72\x71\x5f\x73\x74\x61\x74\x65\0\x4d\x51\x5f\
\x52\x51\x5f\x49\x44\x4c\x45\0\x4d\x51\x5f\x52\x51\x5f\x49\x4e\x5f\x46\x4c\x49\
\x47\x48\x54\0\x4d\x51\x5f\x52\x51\x5f\x43\x4f\x4d\x50\x4c\x45\x54\x45\0\x63\
\x73\x64\0\x66\x69\x66\x6f\x5f\x74\x69\x6d\x65\0\x5f\x5f\x63\x61\x6c\x6c\x5f\
\x73\x69\x6e\x67\x6c\x65\x5f\x64\x61\x74\x61\0\x5f\x5f\x63\x61\x6c\x6c\x5f\x73\
\x69\x6e\x67\x6c\x65\x5f\x6e\x6f\x64\x65\0\x6c\x6c\x69\x73\x74\0\x73\x72\x63\0\
\x64\x73\x74\0\x75\x5f\x66\x6c\x61\x67\x73\0\x61\x5f\x66\x6c\x61\x67\x73\0\x73\
\x6d\x70\x5f\x63\x61\x6c\x6c\x5f\x66\x75\x6e\x63\x5f\x74\0\x30\x3a\x31\x35\0\
\x20\x20\x20\x20\x73\x74\x72\x75\x63\x74\x20\x67\x65\x6e\x64\x69\x73\x6b\x20\
\x2a\x64\x69\x73\x6b\x20\x3d\x20\x42\x50\x46\x5f\x43\x4f\x52\x45\x5f\x52\x45\
\x41\x44\x28\x72\x71\x2c\x20\x72\x71\x5f\x64\x69\x73\x6b\x29\x3b\0\x20\x20\x20\
\x20\x69\x66\x20\x28\x21\x64\x69\x73\x6b\x29\x20\x7b\0\x30\x3a\x30\0\x20\x20\
\x20\x20\x20\x20\x20\x20\x64\x69\x73\x6b\x20\x3d\x20\x42\x50\x46\x5f\x43\x4f\
\x52\x45\x5f\x52\x45\x41\x44\x28\x72\x71\x2c\x20\x71\x2c\x20\x64\x69\x73\x6b\
\x29\x3b\0\x20\x20\x20\x20\x69\x66\x20\x28\x21\x64\x69\x73\x6b\x29\0\x20\x20\
\x20\x20\x5f\x5f\x75\x33\x32\x20\x6d\x61\x6a\x6f\x72\x20\x3d\x20\x42\x50\x46\
\x5f\x43\x4f\x52\x45\x5f\x52\x45\x41\x44\x28\x64\x69\x73\x6b\x2c\x20\x6d\x61\
\x6a\x6f\x72\x29\x3b\0\x30\x3a\x31\0\x20\x20\x20\x20\x5f\x5f\x75\x33\x32\x20\
\x66\x69\x72\x73\x74\x5f\x6d\x69\x6e\x6f\x72\x20\x3d\x20\x42\x50\x46\x5f\x43\
\x4f\x52\x45\x5f\x52\x45\x41\x44\x28\x64\x69\x73\x6b\x2c\x20\x66\x69\x72\x73\
\x74\x5f\x6d\x69\x6e\x6f\x72\x29\x3b\0\x20\x20\x20\x20\x72\x65\x74\x75\x72\x6e\
\x20\x28\x28\x6d\x61\x6a\x6f\x72\x20\x26\x20\x30\x78\x66\x66\x66\x29\x20\x3c\
\x3c\x20\x32\x30\x29\x20\x7c\x20\x28\x66\x69\x72\x73\x74\x5f\x6d\x69\x6e\x6f\
\x72\x20\x26\x20\x30\x78\x66\x66\x66\x66\x66\x29\x3b\0\x20\x20\x20\x20\x72\x65\
\x74\x75\x72\x6e\x20\x64\x65\x76\x20\x3d\x3d\x20\x63\x2d\x3e\x74\x61\x72\x67\
\x65\x74\x5f\x64\x65\x76\x3b\0\x20\x20\x20\x20\x5f\x5f\x75\x36\x34\x20\x2a\x76\
\x20\x3d\x20\x62\x70\x66\x5f\x6d\x61\x70\x5f\x6c\x6f\x6f\x6b\x75\x70\x5f\x65\
\x6c\x65\x6d\x28\x26\x70\x72\x6f\x67\x5f\x68\x69\x74\x73\x2c\x20\x26\x69\x64\
\x78\x29\x3b\0\x20\x20\x20\x20\x69\x66\x20\x28\x76\x29\0\x20\x20\x20\x20\x20\
\x20\x20\x20\x28\x2a\x76\x29\x2b\x2b\x3b\0\x20\x20\x20\x20\x5f\x5f\x75\x36\x34\
\x20\x6b\x65\x79\x20\x3d\x20\x28\x5f\x5f\x75\x36\x34\x29\x72\x71\x3b\0\x20\x20\
\x20\x20\x73\x74\x72\x75\x63\x74\x20\x74\x73\x20\x2a\x74\x20\x3d\x20\x62\x70\
\x66\x5f\x6d\x61\x70\x5f\x6c\x6f\x6f\x6b\x75\x70\x5f\x65\x6c\x65\x6d\x28\x26\
\x69\x6e\x66\x6c\x69\x67\x68\x74\x2c\x20\x26\x6b\x65\x79\x29\x3b\0\x20\x20\x20\
\x20\x69\x66\x20\x28\x21\x74\x29\x20\x7b\0\x20\x20\x20\x20\x20\x20\x20\x20\x73\
\x74\x72\x75\x63\x74\x20\x74\x73\x20\x6e\x74\x20\x3d\x20\x7b\x7d\x3b\0\x30\x3a\
\x31\x38\0\x20\x20\x20\x20\x20\x20\x20\x20\x6e\x74\x2e\x69\x6e\x73\x65\x72\x74\
\x5f\x6e\x73\x20\x3d\x20\x42\x50\x46\x5f\x43\x4f\x52\x45\x5f\x52\x45\x41\x44\
\x28\x72\x71\x2c\x20\x73\x74\x61\x72\x74\x5f\x74\x69\x6d\x65\x5f\x6e\x73\x29\
\x3b\0\x30\x3a\x33\0\x20\x20\x20\x20\x5f\x5f\x75\x33\x32\x20\x6f\x70\x20\x3d\
\x20\x42\x50\x46\x5f\x43\x4f\x52\x45\x5f\x52\x45\x41\x44\x28\x72\x71\x2c\x20\
\x63\x6d\x64\x5f\x66\x6c\x61\x67\x73\x29\x20\x26\x20\x30\x78\x66\x66\x3b\0\x20\
\x20\x20\x20\x72\x65\x74\x75\x72\x6e\x20\x6f\x70\x20\x3d\x3d\x20\x31\x20\x7c\
\x7c\x20\x6f\x70\x20\x3d\x3d\x20\x37\x20\x7c\x7c\x20\x6f\x70\x20\x3d\x3d\x20\
\x39\x3b\x20\x2f\x2f\x20\x57\x52\x49\x54\x45\x2c\x20\x57\x52\x49\x54\x45\x5f\
\x53\x41\x4d\x45\x2c\x20\x57\x52\x49\x54\x45\x5f\x5a\x45\x52\x4f\x45\x53\x20\
\xeb\x93\xb1\0\x20\x20\x20\x20\x20\x20\x20\x20\x6e\x74\x2e\x69\x73\x5f\x77\x72\
\x69\x74\x65\x20\x3d\x20\x69\x73\x5f\x77\x72\x69\x74\x65\x5f\x72\x71\x28\x72\
\x71\x29\x3b\0\x20\x20\x20\x20\x20\x20\x20\x20\x62\x70\x66\x5f\x6d\x61\x70\x5f\
\x75\x70\x64\x61\x74\x65\x5f\x65\x6c\x65\x6d\x28\x26\x69\x6e\x66\x6c\x69\x67\
\x68\x74\x2c\x20\x26\x6b\x65\x79\x2c\x20\x26\x6e\x74\x2c\x20\x42\x50\x46\x5f\
\x41\x4e\x59\x29\x3b\0\x74\x70\x5f\x69\x73\x73\x75\x65\0\x74\x70\x5f\x62\x74\
\x66\x2f\x62\x6c\x6f\x63\x6b\x5f\x72\x71\x5f\x69\x73\x73\x75\x65\0\x69\x6e\x74\
\x20\x42\x50\x46\x5f\x50\x52\x4f\x47\x28\x74\x70\x5f\x69\x73\x73\x75\x65\x2c\
\x20\x73\x74\x72\x75\x63\x74\x20\x72\x65\x71\x75\x65\x73\x74\x20\x2a\x72\x71\
\x29\0\x20\x20\x20\x20\x5f\x5f\x75\x36\x34\x20\x6e\x6f\x77\x20\x3d\x20\x62\x70\
\x66\x5f\x6b\x74\x69\x6d\x65\x5f\x67\x65\x74\x5f\x6e\x73\x28\x29\x3b\0\x20\x20\
\x20\x20\x5f\x5f\x75\x36\x34\x20\x73\x74\x61\x72\x74\x5f\x6e\x73\x20\x3d\x20\
\x42\x50\x46\x5f\x43\x4f\x52\x45\x5f\x52\x45\x41\x44\x28\x72\x71\x2c\x20\x73\
\x74\x61\x72\x74\x5f\x74\x69\x6d\x65\x5f\x6e\x73\x29\x3b\0\x20\x20\x20\x20\x20\
\x20\x20\x20\x6e\x74\x2e\x69\x73\x73\x75\x65\x5f\x6e\x73\x20\x3d\x20\x6e\x6f\
\x77\x3b\0\x20\x20\x20\x20\x20\x20\x20\x20\x6e\x74\x2e\x69\x6e\x73\x65\x72\x74\
\x5f\x6e\x73\x20\x3d\x20\x73\x74\x61\x72\x74\x5f\x6e\x73\x3b\0\x20\x20\x20\x20\
\x20\x20\x20\x20\x69\x66\x20\x28\x74\x2d\x3e\x69\x73\x73\x75\x65\x5f\x6e\x73\
\x20\x3d\x3d\x20\x30\x29\0\x20\x20\x20\x20\x20\x20\x20\x20\x20\x20\x20\x20\x74\
\x2d\x3e\x69\x73\x73\x75\x65\x5f\x6e\x73\x20\x3d\x20\x6e\x6f\x77\x3b\0\x20\x20\
\x20\x20\x20\x20\x20\x20\x74\x2d\x3e\x69\x6e\x73\x65\x72\x74\x5f\x6e\x73\x20\
\x3d\x20\x73\x74\x61\x72\x74\x5f\x6e\x73\x3b\x20\x2f\x2f\x20\xed\x95\xad\xec\
\x83\x81\x20\xec\xbb\xa4\xeb\x84\x90\xec\x9d\x98\x20\xec\xa0\x95\xed\x99\x95\
\xed\x95\x9c\x20\xec\x8b\x9c\xec\x9e\x91\x20\xec\x8b\x9c\xea\xb0\x84\x20\xec\
\x82\xac\xec\x9a\xa9\0\x20\x20\x20\x20\x5f\x5f\x75\x33\x32\x20\x6b\x30\x20\x3d\
\x20\x30\x3b\0\x20\x20\x20\x20\x5f\x5f\x75\x36\x34\x20\x2a\x63\x6e\x74\x20\x3d\
\x20\x62\x70\x66\x5f\x6d\x61\x70\x5f\x6c\x6f\x6f\x6b\x75\x70\x5f\x65\x6c\x65\
\x6d\x28\x26\x69\x6e\x66\x6c\x69\x67\x68\x74\x5f\x63\x6e\x74\x2c\x20\x26\x6b\
\x30\x29\x3b\0\x20\x20\x20\x20\x69\x66\x20\x28\x63\x6e\x74\x29\0\x20\x20\x20\
\x20\x20\x20\x20\x20\x5f\x5f\x73\x79\x6e\x63\x5f\x66\x65\x74\x63\x68\x5f\x61\
\x6e\x64\x5f\x61\x64\x64\x28\x63\x6e\x74\x2c\x20\x31\x29\x3b\0\x74\x70\x5f\x63\
\x6f\x6d\x70\x6c\x65\x74\x65\0\x74\x70\x5f\x62\x74\x66\x2f\x62\x6c\x6f\x63\x6b\
\x5f\x72\x71\x5f\x63\x6f\x6d\x70\x6c\x65\x74\x65\0\x69\x6e\x74\x20\x42\x50\x46\
\x5f\x50\x52\x4f\x47\x28\x74\x70\x5f\x63\x6f\x6d\x70\x6c\x65\x74\x65\x2c\x20\
\x73\x74\x72\x75\x63\x74\x20\x72\x65\x71\x75\x65\x73\x74\x20\x2a\x72\x71\x2c\
\x20\x69\x6e\x74\x20\x65\x72\x72\x6f\x72\x2c\x20\x75\x6e\x73\x69\x67\x6e\x65\
\x64\x20\x69\x6e\x74\x20\x6e\x72\x5f\x62\x79\x74\x65\x73\x29\0\x20\x20\x20\x20\
\x69\x66\x20\x28\x74\x2d\x3e\x69\x73\x73\x75\x65\x5f\x6e\x73\x29\x20\x7b\0\x20\
\x20\x20\x20\x20\x20\x20\x20\x5f\x5f\x75\x36\x34\x20\x64\x5f\x75\x73\x20\x3d\
\x20\x28\x6e\x6f\x77\x20\x2d\x20\x74\x2d\x3e\x69\x73\x73\x75\x65\x5f\x6e\x73\
\x29\x20\x2f\x20\x31\x30\x30\x30\x3b\0\x20\x20\x20\x20\x20\x20\x20\x20\x69\x66\
\x20\x28\x74\x2d\x3e\x69\x73\x5f\x77\x72\x69\x74\x65\x29\x20\x7b\0\x20\x20\x20\
\x20\x69\x66\x20\x28\x75\x73\x20\x3d\x3d\x20\x30\x29\0\x20\x20\x20\x20\x69\x66\
\x20\x28\x76\x20\x3e\x3e\x20\x33\x32\x29\x20\x7b\x20\x76\x20\x3e\x3e\x3d\x20\
\x33\x32\x3b\x20\x72\x20\x2b\x3d\x20\x33\x32\x3b\x20\x7d\0\x20\x20\x20\x20\x69\
\x66\x20\x28\x76\x20\x3e\x3e\x20\x31\x36\x29\x20\x7b\x20\x76\x20\x3e\x3e\x3d\
\x20\x31\x36\x3b\x20\x72\x20\x2b\x3d\x20\x31\x36\x3b\x20\x7d\0\x20\x20\x20\x20\
\x69\x66\x20\x28\x76\x20\x3e\x3e\x20\x38\x29\x20\x20\x7b\x20\x76\x20\x3e\x3e\
\x3d\x20\x38\x3b\x20\x20\x72\x20\x2b\x3d\x20\x38\x3b\x20\x20\x7d\0\x20\x20\x20\
\x20\x69\x66\x20\x28\x76\x20\x3e\x3e\x20\x34\x29\x20\x20\x7b\x20\x76\x20\x3e\
\x3e\x3d\x20\x34\x3b\x20\x20\x72\x20\x2b\x3d\x20\x34\x3b\x20\x20\x7d\0\x20\x20\
\x20\x20\x69\x66\x20\x28\x76\x20\x3e\x3e\x20\x32\x29\x20\x20\x7b\x20\x76\x20\
\x3e\x3e\x3d\x20\x32\x3b\x20\x20\x72\x20\x2b\x3d\x20\x32\x3b\x20\x20\x7d\0\x20\
\x20\x20\x20\x69\x66\x20\x28\x76\x20\x3e\x3e\x20\x31\x29\x20\x20\x7b\x20\x20\
\x20\x20\x20\x20\x20\x20\x20\x20\x20\x72\x20\x2b\x3d\x20\x31\x3b\x20\x20\x7d\0\
\x20\x20\x20\x20\x69\x66\x20\x28\x72\x20\x3e\x3d\x20\x4c\x4f\x47\x32\x5f\x53\
\x4c\x4f\x54\x53\x29\0\x20\x20\x20\x20\x5f\x5f\x75\x36\x34\x20\x62\x61\x73\x65\
\x20\x3d\x20\x31\x55\x4c\x4c\x20\x3c\x3c\x20\x6d\x73\x62\x3b\x20\x20\x20\x20\
\x20\x20\x20\x20\x20\x20\x20\x20\x20\x20\x2f\x2f\x20\x5b\x62\x61\x73\x65\x2c\
\x20\x32\x2a\x62\x61\x73\x65\x29\0\x20\x20\x20\x20\x5f\x5f\x75\x36\x34\x20\x6f\
\x66\x66\x20\x20\x3d\x20\x75\x73\x20\x2d\x20\x62\x61\x73\x65\x3b\x20\x20\x20\
\x20\x20\x20\x20\x20\x20\x20\x20\x20\x20\x20\x20\x20\x2f\x2f\x20\x30\x2e\x2e\
\x62\x61\x73\x65\x2d\x31\0\x20\x20\x20\x20\x5f\x5f\x75\x33\x32\x20\x73\x75\x62\
\x20\x3d\x20\x28\x5f\x5f\x75\x33\x32\x29\x28\x28\x6f\x66\x66\x20\x2a\x20\x53\
\x55\x42\x5f\x42\x55\x43\x4b\x45\x54\x53\x29\x20\x2f\x20\x62\x61\x73\x65\x29\
\x3b\0\x20\x20\x20\x20\x69\x66\x20\x28\x73\x75\x62\x20\x3e\x3d\x20\x53\x55\x42\
\x5f\x42\x55\x43\x4b\x45\x54\x53\x29\0\x20\x20\x20\x20\x5f\x5f\x75\x33\x32\x20\
\x69\x64\x78\x20\x3d\x20\x6d\x73\x62\x20\x2a\x20\x53\x55\x42\x5f\x42\x55\x43\
\x4b\x45\x54\x53\x20\x2b\x20\x73\x75\x62\x3b\0\x20\x20\x20\x20\x69\x66\x20\x28\
\x69\x64\x78\x20\x3e\x3d\x20\x48\x49\x53\x54\x5f\x53\x4c\x4f\x54\x53\x29\0\x20\
\x20\x20\x20\x5f\x5f\x75\x33\x32\x20\x69\x64\x78\x20\x3d\x20\x68\x69\x73\x74\
\x5f\x69\x64\x78\x5f\x75\x73\x28\x75\x73\x29\x3b\0\x20\x20\x20\x20\x5f\x5f\x75\
\x36\x34\x20\x2a\x76\x20\x3d\x20\x62\x70\x66\x5f\x6d\x61\x70\x5f\x6c\x6f\x6f\
\x6b\x75\x70\x5f\x65\x6c\x65\x6d\x28\x6d\x61\x70\x2c\x20\x26\x69\x64\x78\x29\
\x3b\0\x20\x20\x20\x20\x5f\x5f\x75\x33\x32\x20\x6b\x65\x79\x20\x3d\x20\x30\x3b\
\0\x20\x20\x20\x20\x5f\x5f\x75\x36\x34\x20\x2a\x76\x20\x3d\x20\x62\x70\x66\x5f\
\x6d\x61\x70\x5f\x6c\x6f\x6f\x6b\x75\x70\x5f\x65\x6c\x65\x6d\x28\x6d\x61\x70\
\x2c\x20\x26\x6b\x65\x79\x29\x3b\0\x20\x20\x20\x20\x69\x66\x20\x28\x74\x2d\x3e\
\x69\x6e\x73\x65\x72\x74\x5f\x6e\x73\x20\x26\x26\x20\x74\x2d\x3e\x69\x73\x73\
\x75\x65\x5f\x6e\x73\x29\x20\x7b\0\x20\x20\x20\x20\x20\x20\x20\x20\x5f\x5f\x75\
\x36\x34\x20\x71\x5f\x75\x73\x20\x3d\x20\x28\x74\x2d\x3e\x69\x73\x73\x75\x65\
\x5f\x6e\x73\x20\x2d\x20\x74\x2d\x3e\x69\x6e\x73\x65\x72\x74\x5f\x6e\x73\x29\
\x20\x2f\x20\x31\x30\x30\x30\x3b\0\x20\x20\x20\x20\x20\x20\x20\x20\x5f\x5f\x73\
\x79\x6e\x63\x5f\x66\x65\x74\x63\x68\x5f\x61\x6e\x64\x5f\x61\x64\x64\x28\x63\
\x6e\x74\x2c\x20\x2d\x31\x29\x3b\0\x20\x20\x20\x20\x62\x70\x66\x5f\x6d\x61\x70\
\x5f\x64\x65\x6c\x65\x74\x65\x5f\x65\x6c\x65\x6d\x28\x26\x69\x6e\x66\x6c\x69\
\x67\x68\x74\x2c\x20\x26\x6b\x65\x79\x29\x3b\0\x4c\x49\x43\x45\x4e\x53\x45\0\
\x2e\x6d\x61\x70\x73\0\x6c\x69\x63\x65\x6e\x73\x65\0\x69\x6e\x6f\x64\x65\x5f\
\x6f\x70\x65\x72\x61\x74\x69\x6f\x6e\x73\0\x65\x6c\x65\x76\x61\x74\x6f\x72\x5f\
\x71\x75\x65\x75\x65\0\x6b\x6d\x65\x6d\x5f\x63\x61\x63\x68\x65\0\x70\x61\x67\
\x65\0\x66\x69\x6c\x65\x5f\x73\x79\x73\x74\x65\x6d\x5f\x74\x79\x70\x65\0\x77\
\x61\x74\x63\x68\x5f\x6c\x69\x73\x74\0\x70\x69\x70\x65\x5f\x69\x6e\x6f\x64\x65\
\x5f\x69\x6e\x66\x6f\0\x66\x69\x6c\x65\x5f\x6f\x70\x65\x72\x61\x74\x69\x6f\x6e\
\x73\0\x6b\x6f\x62\x6a\x5f\x74\x79\x70\x65\0\x61\x74\x74\x72\x69\x62\x75\x74\
\x65\x5f\x67\x72\x6f\x75\x70\0\x6b\x65\x79\x5f\x75\x73\x65\x72\0\x73\x65\x71\
\x5f\x6f\x70\x65\x72\x61\x74\x69\x6f\x6e\x73\0\x64\x65\x76\x69\x63\x65\x5f\x6e\
\x6f\x64\x65\0\x70\x72\x6f\x63\x5f\x6e\x73\x5f\x6f\x70\x65\x72\x61\x74\x69\x6f\
\x6e\x73\0\x74\x61\x73\x6b\x5f\x73\x74\x72\x75\x63\x74\0\x6b\x65\x72\x6e\x66\
\x73\x5f\x6e\x6f\x64\x65\0\x63\x67\x72\x6f\x75\x70\x5f\x73\x75\x62\x73\x79\x73\
\0\x77\x71\x5f\x66\x6c\x75\x73\x68\x65\x72\0\x77\x6f\x72\x6b\x65\x72\0\x77\x6f\
\x72\x6b\x65\x72\x5f\x70\x6f\x6f\x6c\0\x77\x6f\x72\x6b\x71\x75\x65\x75\x65\x5f\
\x61\x74\x74\x72\x73\0\x77\x71\x5f\x64\x65\x76\x69\x63\x65\0\x64\x65\x76\x69\
\x63\x65\x5f\x70\x72\x69\x76\x61\x74\x65\0\x64\x65\x76\x69\x63\x65\x5f\x64\x72\
\x69\x76\x65\x72\0\x62\x75\x73\x5f\x74\x79\x70\x65\0\x66\x77\x6e\x6f\x64\x65\
\x5f\x68\x61\x6e\x64\x6c\x65\0\x63\x74\x6c\x5f\x74\x61\x62\x6c\x65\x5f\x70\x6f\
\x6c\x6c\0\x63\x74\x6c\x5f\x74\x61\x62\x6c\x65\x5f\x72\x6f\x6f\x74\0\x63\x74\
\x6c\x5f\x6e\x6f\x64\x65\0\x70\x65\x72\x63\x70\x75\x5f\x72\x65\x66\x5f\x64\x61\
\x74\x61\0\x68\x72\x74\x69\x6d\x65\x72\x5f\x63\x6c\x6f\x63\x6b\x5f\x62\x61\x73\
\x65\0\x77\x61\x6b\x65\x5f\x69\x72\x71\0\x6d\x65\x6d\x5f\x63\x67\x72\x6f\x75\
\x70\0\x62\x69\x6f\x5f\x61\x6c\x6c\x6f\x63\x5f\x63\x61\x63\x68\x65\0\x69\x6f\
\x5f\x63\x71\0\x62\x75\x73\x5f\x64\x6d\x61\x5f\x72\x65\x67\x69\x6f\x6e\0\x64\
\x65\x76\x69\x63\x65\x5f\x64\x6d\x61\x5f\x70\x61\x72\x61\x6d\x65\x74\x65\x72\
\x73\0\x64\x69\x73\x6b\x5f\x73\x74\x61\x74\x73\0\x62\x6c\x6f\x63\x6b\x5f\x64\
\x65\x76\x69\x63\x65\x5f\x6f\x70\x65\x72\x61\x74\x69\x6f\x6e\x73\0\x74\x69\x6d\
\x65\x72\x5f\x72\x61\x6e\x64\x5f\x73\x74\x61\x74\x65\0\x64\x69\x73\x6b\x5f\x65\
\x76\x65\x6e\x74\x73\0\x63\x64\x72\x6f\x6d\x5f\x64\x65\x76\x69\x63\x65\x5f\x69\
\x6e\x66\x6f\0\x62\x61\x64\x62\x6c\x6f\x63\x6b\x73\0\x70\x61\x72\x74\x69\x74\
\x69\x6f\x6e\x5f\x6d\x65\x74\x61\x5f\x69\x6e\x66\x6f\0\x62\x6c\x6b\x5f\x63\x72\
\x79\x70\x74\x6f\x5f\x6b\x65\x79\0\x62\x69\x6f\x5f\x69\x6e\x74\x65\x67\x72\x69\
\x74\x79\x5f\x70\x61\x79\x6c\x6f\x61\x64\0\x63\x64\x65\x76\0\x69\x72\x71\x5f\
\x64\x6f\x6d\x61\x69\x6e\0\x73\x75\x70\x65\x72\x5f\x6f\x70\x65\x72\x61\x74\x69\
\x6f\x6e\x73\0\x66\x69\x6c\x65\x5f\x6c\x6f\x63\x6b\x5f\x63\x6f\x6e\x74\x65\x78\
\x74\0\x66\x73\x63\x72\x79\x70\x74\x5f\x69\x6e\x66\x6f\0\x66\x73\x76\x65\x72\
\x69\x74\x79\x5f\x69\x6e\x66\x6f\0\x61\x64\x64\x72\x65\x73\x73\x5f\x73\x70\x61\
\x63\x65\x5f\x6f\x70\x65\x72\x61\x74\x69\x6f\x6e\x73\0\x73\x62\x69\x74\x6d\x61\
\x70\x5f\x77\x6f\x72\x64\0\x62\x6c\x6b\x5f\x6d\x71\x5f\x63\x74\x78\x73\0\x73\
\x62\x71\x5f\x77\x61\x69\x74\x5f\x73\x74\x61\x74\x65\0\x62\x6c\x6b\x5f\x71\x75\
\x65\x75\x65\x5f\x73\x74\x61\x74\x73\0\x62\x6c\x6b\x5f\x6d\x71\x5f\x6f\x70\x73\
\0\x62\x6c\x6b\x5f\x6d\x71\x5f\x74\x61\x67\x5f\x73\x65\x74\0\x62\x6c\x6b\x5f\
\x69\x6e\x74\x65\x67\x72\x69\x74\x79\x5f\x70\x72\x6f\x66\x69\x6c\x65\0\x62\x6c\
\x6b\x5f\x6b\x65\x79\x73\x6c\x6f\x74\x5f\x6d\x61\x6e\x61\x67\x65\x72\0\x64\x65\
\x76\x69\x63\x65\x5f\x74\x79\x70\x65\0\x77\x61\x6b\x65\x75\x70\x5f\x73\x6f\x75\
\x72\x63\x65\0\x64\x65\x76\x5f\x70\x6d\x5f\x64\x6f\x6d\x61\x69\x6e\0\x70\x6d\
\x5f\x73\x75\x62\x73\x79\x73\x5f\x64\x61\x74\x61\0\x64\x65\x76\x5f\x70\x6d\x5f\
\x71\x6f\x73\0\x65\x6d\x5f\x70\x65\x72\x66\x5f\x64\x6f\x6d\x61\x69\x6e\0\x64\
\x65\x76\x5f\x70\x69\x6e\x5f\x69\x6e\x66\x6f\0\x64\x6d\x61\x5f\x6d\x61\x70\x5f\
\x6f\x70\x73\0\x69\x6f\x5f\x74\x6c\x62\x5f\x6d\x65\x6d\0\x64\x65\x76\x5f\x69\
\x6f\x6d\x6d\x75\0\x73\x72\x63\x75\x5f\x64\x61\x74\x61\0\x64\x71\x75\x6f\x74\
\x5f\x6f\x70\x65\x72\x61\x74\x69\x6f\x6e\x73\0\x71\x75\x6f\x74\x61\x63\x74\x6c\
\x5f\x6f\x70\x73\0\x65\x78\x70\x6f\x72\x74\x5f\x6f\x70\x65\x72\x61\x74\x69\x6f\
\x6e\x73\0\x78\x61\x74\x74\x72\x5f\x68\x61\x6e\x64\x6c\x65\x72\0\x66\x73\x63\
\x72\x79\x70\x74\x5f\x6f\x70\x65\x72\x61\x74\x69\x6f\x6e\x73\0\x66\x73\x63\x72\
\x79\x70\x74\x5f\x6b\x65\x79\x72\x69\x6e\x67\0\x66\x73\x76\x65\x72\x69\x74\x79\
\x5f\x6f\x70\x65\x72\x61\x74\x69\x6f\x6e\x73\0\x75\x6e\x69\x63\x6f\x64\x65\x5f\
\x6d\x61\x70\0\x71\x75\x6f\x74\x61\x5f\x66\x6f\x72\x6d\x61\x74\x5f\x74\x79\x70\
\x65\0\x6c\x69\x73\x74\x5f\x6c\x72\x75\x5f\x6e\x6f\x64\x65\0\x62\x6c\x6b\x5f\
\x6b\x73\x6d\x5f\x6b\x65\x79\x73\x6c\x6f\x74\0\x62\x6c\x6b\x5f\x73\x74\x61\x74\
\x5f\x63\x61\x6c\x6c\x62\x61\x63\x6b\0\x74\x68\x72\x6f\x74\x6c\x5f\x64\x61\x74\
\x61\0\0\0\x9f\xeb\x01\0\x20\0\0\0\0\0\0\0\x34\0\0\0\x34\0\0\0\xec\x15\0\0\x20\
\x16\0\0\x4c\x01\0\0\x08\0\0\0\x87\x01\0\0\x01\0\0\0\0\0\0\0\x35\0\0\0\xa4\x39\
\0\0\x01\0\0\0\0\0\0\0\x9d\x02\0\0\x98\x3b\0\0\x01\0\0\0\0\0\0\0\x9f\x02\0\0\
\x10\0\0\0\x87\x01\0\0\x31\0\0\0\0\0\0\0\x9e\x01\0\0\x04\x02\0\0\x05\x4c\x03\0\
\x08\0\0\0\x9e\x01\0\0\x30\x02\0\0\x0d\x54\x03\0\x18\0\0\0\x9e\x01\0\0\x52\x02\
\0\0\x0b\xe8\x02\0\x28\0\0\0\x9e\x01\0\0\0\0\0\0\0\0\0\0\x30\0\0\0\x9e\x01\0\0\
\x66\x02\0\0\x15\xec\x02\0\x50\0\0\0\x9e\x01\0\0\xa0\x02\0\0\x09\xf0\x02\0\x60\
\0\0\0\x9e\x01\0\0\xac\x02\0\0\x0c\xfc\x02\0\x68\0\0\0\x9e\x01\0\0\xac\x02\0\0\
\x09\xfc\x02\0\x98\0\0\0\x9e\x01\0\0\0\0\0\0\0\0\0\0\xa0\0\0\0\x9e\x01\0\0\x52\
\x36\0\0\x1c\xa0\x02\0\xb0\0\0\0\x9e\x01\0\0\x52\x36\0\0\x1c\xa0\x02\0\xb8\0\0\
\0\x9e\x01\0\0\x89\x36\0\0\x09\xac\x02\0\xe0\0\0\0\x9e\x01\0\0\0\0\0\0\0\0\0\0\
\xe8\0\0\0\x9e\x01\0\0\x9e\x36\0\0\x10\xb0\x02\0\x18\x01\0\0\x9e\x01\0\0\0\0\0\
\0\0\0\0\0\x20\x01\0\0\x9e\x01\0\0\x9e\x36\0\0\x10\xb0\x02\0\x38\x01\0\0\x9e\
\x01\0\0\x9e\x36\0\0\x10\xb0\x02\0\x40\x01\0\0\x9e\x01\0\0\xc9\x36\0\0\x09\xbc\
\x02\0\x68\x01\0\0\x9e\x01\0\0\0\0\0\0\0\0\0\0\x70\x01\0\0\x9e\x01\0\0\xd8\x36\
\0\0\x13\xc8\x02\0\x90\x01\0\0\x9e\x01\0\0\xd8\x36\0\0\x13\xc8\x02\0\xa0\x01\0\
\0\x9e\x01\0\0\0\0\0\0\0\0\0\0\xa8\x01\0\0\x9e\x01\0\0\x0a\x37\0\0\x19\xcc\x02\
\0\xc0\x01\0\0\x9e\x01\0\0\x44\x37\0\0\x1d\xd4\x02\0\xc8\x01\0\0\x9e\x01\0\0\
\x0a\x37\0\0\x19\xcc\x02\0\xd0\x01\0\0\x9e\x01\0\0\x44\x37\0\0\x33\xd4\x02\0\
\xd8\x01\0\0\x9e\x01\0\0\x44\x37\0\0\x24\xd4\x02\0\xe0\x01\0\0\x9e\x01\0\0\x82\
\x37\0\0\x16\x0c\x03\0\xe8\x01\0\0\x9e\x01\0\0\x82\x37\0\0\x10\x0c\x03\0\xf8\
\x01\0\0\x9e\x01\0\0\x30\x02\0\0\x09\x54\x03\0\x18\x02\0\0\x9e\x01\0\0\0\0\0\0\
\0\0\0\0\x20\x02\0\0\x9e\x01\0\0\xa3\x37\0\0\x10\x74\x01\0\x38\x02\0\0\x9e\x01\
\0\0\xd9\x37\0\0\x09\x78\x01\0\x40\x02\0\0\x9e\x01\0\0\xe4\x37\0\0\x0d\x7c\x01\
\0\x58\x02\0\0\x9e\x01\0\0\xf4\x37\0\0\x0b\x64\x03\0\x68\x02\0\0\x9e\x01\0\0\0\
\0\0\0\0\0\0\0\x70\x02\0\0\x9e\x01\0\0\x0f\x38\0\0\x14\x74\x03\0\x88\x02\0\0\
\x9e\x01\0\0\x48\x38\0\0\x09\x78\x03\0\x98\x02\0\0\x9e\x01\0\0\x56\x38\0\0\x13\
\x7c\x03\0\xd8\x02\0\0\x9e\x01\0\0\x76\x38\0\0\x18\x80\x03\0\0\x03\0\0\x9e\x01\
\0\0\x56\x38\0\0\x13\x7c\x03\0\x08\x03\0\0\x9e\x01\0\0\xb3\x38\0\0\x10\x84\x02\
\0\x28\x03\0\0\x9e\x01\0\0\xb3\x38\0\0\x10\x84\x02\0\x30\x03\0\0\x9e\x01\0\0\0\
\0\0\0\0\0\0\0\x38\x03\0\0\x9e\x01\0\0\xe7\x38\0\0\x14\x88\x02\0\x50\x03\0\0\
\x9e\x01\0\0\xe7\x38\0\0\x25\x88\x02\0\x60\x03\0\0\x9e\x01\0\0\x38\x39\0\0\x15\
\x84\x03\0\x90\x03\0\0\x9e\x01\0\0\x5f\x39\0\0\x09\x88\x03\0\xb0\x03\0\0\x9e\
\x01\0\0\x04\x02\0\0\x05\x4c\x03\0\xa4\x39\0\0\x43\0\0\0\0\0\0\0\x9e\x01\0\0\
\xba\x39\0\0\x05\xa4\x03\0\x08\0\0\0\x9e\x01\0\0\x30\x02\0\0\x0d\xac\x03\0\x18\
\0\0\0\x9e\x01\0\0\x52\x02\0\0\x0b\xe8\x02\0\x28\0\0\0\x9e\x01\0\0\0\0\0\0\0\0\
\0\0\x30\0\0\0\x9e\x01\0\0\x66\x02\0\0\x15\xec\x02\0\x50\0\0\0\x9e\x01\0\0\xa0\
\x02\0\0\x09\xf0\x02\0\x60\0\0\0\x9e\x01\0\0\xac\x02\0\0\x0c\xfc\x02\0\x68\0\0\
\0\x9e\x01\0\0\xac\x02\0\0\x09\xfc\x02\0\x98\0\0\0\x9e\x01\0\0\0\0\0\0\0\0\0\0\
\xa0\0\0\0\x9e\x01\0\0\x52\x36\0\0\x1c\xa0\x02\0\xb0\0\0\0\x9e\x01\0\0\x52\x36\
\0\0\x1c\xa0\x02\0\xb8\0\0\0\x9e\x01\0\0\x89\x36\0\0\x09\xac\x02\0\xe0\0\0\0\
\x9e\x01\0\0\0\0\0\0\0\0\0\0\xe8\0\0\0\x9e\x01\0\0\x9e\x36\0\0\x10\xb0\x02\0\
\x18\x01\0\0\x9e\x01\0\0\0\0\0\0\0\0\0\0\x20\x01\0\0\x9e\x01\0\0\x9e\x36\0\0\
\x10\xb0\x02\0\x38\x01\0\0\x9e\x01\0\0\x9e\x36\0\0\x10\xb0\x02\0\x40\x01\0\0\
\x9e\x01\0\0\xc9\x36\0\0\x09\xbc\x02\0\x68\x01\0\0\x9e\x01\0\0\0\0\0\0\0\0\0\0\
\x70\x01\0\0\x9e\x01\0\0\xd8\x36\0\0\x13\xc8\x02\0\x90\x01\0\0\x9e\x01\0\0\xd8\
\x36\0\0\x13\xc8\x02\0\xa0\x01\0\0\x9e\x01\0\0\0\0\0\0\0\0\0\0\xa8\x01\0\0\x9e\
\x01\0\0\x0a\x37\0\0\x19\xcc\x02\0\xc0\x01\0\0\x9e\x01\0\0\x44\x37\0\0\x1d\xd4\
\x02\0\xc8\x01\0\0\x9e\x01\0\0\x0a\x37\0\0\x19\xcc\x02\0\xd0\x01\0\0\x9e\x01\0\
\0\x44\x37\0\0\x33\xd4\x02\0\xd8\x01\0\0\x9e\x01\0\0\x44\x37\0\0\x24\xd4\x02\0\
\xe0\x01\0\0\x9e\x01\0\0\x82\x37\0\0\x16\x0c\x03\0\xe8\x01\0\0\x9e\x01\0\0\x82\
\x37\0\0\x10\x0c\x03\0\xf8\x01\0\0\x9e\x01\0\0\x30\x02\0\0\x09\xac\x03\0\x18\
\x02\0\0\x9e\x01\0\0\0\0\0\0\0\0\0\0\x20\x02\0\0\x9e\x01\0\0\xa3\x37\0\0\x10\
\x74\x01\0\x38\x02\0\0\x9e\x01\0\0\xd9\x37\0\0\x09\x78\x01\0\x40\x02\0\0\x9e\
\x01\0\0\xe4\x37\0\0\x0d\x7c\x01\0\x58\x02\0\0\x9e\x01\0\0\xf4\x37\0\0\x0b\xbc\
\x03\0\x60\x02\0\0\x9e\x01\0\0\xe5\x39\0\0\x11\xc0\x03\0\x90\x02\0\0\x9e\x01\0\
\0\0\0\0\0\0\0\0\0\x98\x02\0\0\x9e\x01\0\0\x09\x3a\0\0\x16\xc4\x03\0\xa8\x02\0\
\0\x9e\x01\0\0\x09\x3a\0\0\x16\xc4\x03\0\xb8\x02\0\0\x9e\x01\0\0\0\0\0\0\0\0\0\
\0\xc0\x02\0\0\x9e\x01\0\0\x0f\x38\0\0\x14\xcc\x03\0\xd8\x02\0\0\x9e\x01\0\0\
\x48\x38\0\0\x09\xd0\x03\0\xf8\x02\0\0\x9e\x01\0\0\0\0\0\0\0\0\0\0\0\x03\0\0\
\x9e\x01\0\0\xa3\x37\0\0\x10\x74\x01\0\x18\x03\0\0\x9e\x01\0\0\xd9\x37\0\0\x09\
\x78\x01\0\x20\x03\0\0\x9e\x01\0\0\xe4\x37\0\0\x0d\x7c\x01\0\x38\x03\0\0\x9e\
\x01\0\0\x40\x3a\0\0\x15\xe4\x03\0\x40\x03\0\0\x9e\x01\0\0\x5b\x3a\0\0\x16\xe0\
\x03\0\x48\x03\0\0\x9e\x01\0\0\x56\x38\0\0\x13\xdc\x03\0\x68\x03\0\0\x9e\x01\0\
\0\x40\x3a\0\0\x15\xe4\x03\0\x70\x03\0\0\x9e\x01\0\0\xb3\x38\0\0\x10\x84\x02\0\
\x90\x03\0\0\x9e\x01\0\0\xb3\x38\0\0\x10\x84\x02\0\x98\x03\0\0\x9e\x01\0\0\0\0\
\0\0\0\0\0\0\xa0\x03\0\0\x9e\x01\0\0\xe7\x38\0\0\x14\x88\x02\0\xb8\x03\0\0\x9e\
\x01\0\0\xe7\x38\0\0\x25\x88\x02\0\xc8\x03\0\0\x9e\x01\0\0\x38\x39\0\0\x15\xe8\
\x03\0\xf8\x03\0\0\x9e\x01\0\0\x5f\x39\0\0\x09\xec\x03\0\x20\x04\0\0\x9e\x01\0\
\0\x7c\x3a\0\0\x10\xf4\x03\0\x28\x04\0\0\x9e\x01\0\0\x7c\x3a\0\0\x0d\xf4\x03\0\
\x30\x04\0\0\x9e\x01\0\0\x9a\x3a\0\0\x19\xf8\x03\0\x38\x04\0\0\x9e\x01\0\0\xb9\
\x3a\0\0\x16\xfc\x03\0\x48\x04\0\0\x9e\x01\0\0\x0d\x3b\0\0\x0b\x0c\x04\0\x58\
\x04\0\0\x9e\x01\0\0\0\0\0\0\0\0\0\0\x60\x04\0\0\x9e\x01\0\0\x1f\x3b\0\0\x12\
\x10\x04\0\x78\x04\0\0\x9e\x01\0\0\x59\x3b\0\0\x09\x14\x04\0\x88\x04\0\0\x9e\
\x01\0\0\x66\x3b\0\0\x09\x18\x04\0\x90\x04\0\0\x9e\x01\0\0\xba\x39\0\0\x05\xa4\
\x03\0\x98\x3b\0\0\xe9\0\0\0\0\0\0\0\x9e\x01\0\0\xb1\x3b\0\0\x05\x30\x04\0\x08\
\0\0\0\x9e\x01\0\0\x30\x02\0\0\x0d\x38\x04\0\x18\0\0\0\x9e\x01\0\0\x52\x02\0\0\
\x0b\xe8\x02\0\x28\0\0\0\x9e\x01\0\0\0\0\0\0\0\0\0\0\x30\0\0\0\x9e\x01\0\0\x66\
\x02\0\0\x15\xec\x02\0\x50\0\0\0\x9e\x01\0\0\xa0\x02\0\0\x09\xf0\x02\0\x60\0\0\
\0\x9e\x01\0\0\xac\x02\0\0\x0c\xfc\x02\0\x68\0\0\0\x9e\x01\0\0\xac\x02\0\0\x09\
\xfc\x02\0\x98\0\0\0\x9e\x01\0\0\0\0\0\0\0\0\0\0\xa0\0\0\0\x9e\x01\0\0\x52\x36\
\0\0\x1c\xa0\x02\0\xb0\0\0\0\x9e\x01\0\0\x52\x36\0\0\x1c\xa0\x02\0\xb8\0\0\0\
\x9e\x01\0\0\x89\x36\0\0\x09\xac\x02\0\xe0\0\0\0\x9e\x01\0\0\0\0\0\0\0\0\0\0\
\xe8\0\0\0\x9e\x01\0\0\x9e\x36\0\0\x10\xb0\x02\0\x18\x01\0\0\x9e\x01\0\0\0\0\0\
\0\0\0\0\0\x20\x01\0\0\x9e\x01\0\0\x9e\x36\0\0\x10\xb0\x02\0\x38\x01\0\0\x9e\
\x01\0\0\x9e\x36\0\0\x10\xb0\x02\0\x40\x01\0\0\x9e\x01\0\0\xc9\x36\0\0\x09\xbc\
\x02\0\x68\x01\0\0\x9e\x01\0\0\0\0\0\0\0\0\0\0\x70\x01\0\0\x9e\x01\0\0\xd8\x36\
\0\0\x13\xc8\x02\0\x90\x01\0\0\x9e\x01\0\0\xd8\x36\0\0\x13\xc8\x02\0\xa0\x01\0\
\0\x9e\x01\0\0\0\0\0\0\0\0\0\0\xa8\x01\0\0\x9e\x01\0\0\x0a\x37\0\0\x19\xcc\x02\
\0\xc0\x01\0\0\x9e\x01\0\0\x44\x37\0\0\x1d\xd4\x02\0\xc8\x01\0\0\x9e\x01\0\0\
\x0a\x37\0\0\x19\xcc\x02\0\xd0\x01\0\0\x9e\x01\0\0\x44\x37\0\0\x33\xd4\x02\0\
\xd8\x01\0\0\x9e\x01\0\0\x44\x37\0\0\x24\xd4\x02\0\xe0\x01\0\0\x9e\x01\0\0\x82\
\x37\0\0\x16\x0c\x03\0\xe8\x01\0\0\x9e\x01\0\0\x82\x37\0\0\x10\x0c\x03\0\xf8\
\x01\0\0\x9e\x01\0\0\x30\x02\0\0\x09\x38\x04\0\x18\x02\0\0\x9e\x01\0\0\0\0\0\0\
\0\0\0\0\x20\x02\0\0\x9e\x01\0\0\xa3\x37\0\0\x10\x74\x01\0\x38\x02\0\0\x9e\x01\
\0\0\xd9\x37\0\0\x09\x78\x01\0\x40\x02\0\0\x9e\x01\0\0\xe4\x37\0\0\x0d\x7c\x01\
\0\x58\x02\0\0\x9e\x01\0\0\xf4\x37\0\0\x0b\x4c\x04\0\x68\x02\0\0\x9e\x01\0\0\0\
\0\0\0\0\0\0\0\x70\x02\0\0\x9e\x01\0\0\x0f\x38\0\0\x14\x50\x04\0\x90\x02\0\0\
\x9e\x01\0\0\x48\x38\0\0\x09\x54\x04\0\xb0\x02\0\0\x9e\x01\0\0\0\0\0\0\0\0\0\0\
\xb8\x02\0\0\x9e\x01\0\0\xa3\x37\0\0\x10\x74\x01\0\xd0\x02\0\0\x9e\x01\0\0\xd9\
\x37\0\0\x09\x78\x01\0\xd8\x02\0\0\x9e\x01\0\0\xe4\x37\0\0\x0d\x7c\x01\0\xf8\
\x02\0\0\x9e\x01\0\0\xe5\x39\0\0\x11\x68\x04\0\x08\x03\0\0\x9e\x01\0\0\x01\x3c\
\0\0\x0c\x74\x04\0\x10\x03\0\0\x9e\x01\0\0\x01\x3c\0\0\x09\x74\x04\0\x18\x03\0\
\0\x9e\x01\0\0\x18\x3c\0\0\x1b\x78\x04\0\x20\x03\0\0\x9e\x01\0\0\x18\x3c\0\0\
\x2a\x78\x04\0\x30\x03\0\0\x9e\x01\0\0\x49\x3c\0\0\x10\x7c\x04\0\x38\x03\0\0\
\x9e\x01\0\0\x49\x3c\0\0\x0d\x7c\x04\0\x50\x03\0\0\x9e\x01\0\0\x64\x3c\0\0\x09\
\xe8\x01\0\x70\x03\0\0\x9e\x01\0\0\x75\x3c\0\0\x09\xa8\x01\0\xa8\x03\0\0\x9e\
\x01\0\0\x75\x3c\0\0\x0b\xa8\x01\0\xb8\x03\0\0\x9e\x01\0\0\x75\x3c\0\0\x09\xa8\
\x01\0\xc8\x03\0\0\x9e\x01\0\0\x9d\x3c\0\0\x09\xac\x01\0\xf0\x03\0\0\x9e\x01\0\
\0\xc5\x3c\0\0\x09\xb0\x01\0\x18\x04\0\0\x9e\x01\0\0\xed\x3c\0\0\x09\xb4\x01\0\
\x40\x04\0\0\x9e\x01\0\0\x15\x3d\0\0\x09\xb8\x01\0\x60\x04\0\0\x9e\x01\0\0\x3d\
\x3d\0\0\x0b\xbc\x01\0\x70\x04\0\0\x9e\x01\0\0\x3d\x3d\0\0\x09\xbc\x01\0\x90\
\x04\0\0\x9e\x01\0\0\x65\x3d\0\0\x09\xc4\x01\0\xa8\x04\0\0\x9e\x01\0\0\x7e\x3d\
\0\0\x17\xf8\x01\0\xb0\x04\0\0\x9e\x01\0\0\xbb\x3d\0\0\x15\xfc\x01\0\xb8\x04\0\
\0\x9e\x01\0\0\xf3\x3d\0\0\x1e\x08\x02\0\xc0\x04\0\0\x9e\x01\0\0\xf3\x3d\0\0\
\x2d\x08\x02\0\xc8\x04\0\0\x9e\x01\0\0\xf3\x3d\0\0\x11\x08\x02\0\xe8\x04\0\0\
\x9e\x01\0\0\x28\x3e\0\0\x09\x0c\x02\0\xf8\x04\0\0\x9e\x01\0\0\x44\x3e\0\0\x15\
\x18\x02\0\0\x05\0\0\x9e\x01\0\0\x44\x3e\0\0\x23\x18\x02\0\x20\x05\0\0\x9e\x01\
\0\0\x6d\x3e\0\0\x09\x1c\x02\0\x30\x05\0\0\x9e\x01\0\0\x88\x3e\0\0\x0b\x3c\x02\
\0\x40\x05\0\0\x9e\x01\0\0\0\0\0\0\0\0\0\0\x48\x05\0\0\x9e\x01\0\0\xa9\x3e\0\0\
\x10\x40\x02\0\x60\x05\0\0\x9e\x01\0\0\xd9\x37\0\0\x09\x44\x02\0\x68\x05\0\0\
\x9e\x01\0\0\xe4\x37\0\0\x0d\x48\x02\0\x90\x05\0\0\x9e\x01\0\0\x64\x3c\0\0\x09\
\xe8\x01\0\xb0\x05\0\0\x9e\x01\0\0\x75\x3c\0\0\x09\xa8\x01\0\xe8\x05\0\0\x9e\
\x01\0\0\x75\x3c\0\0\x0b\xa8\x01\0\xf8\x05\0\0\x9e\x01\0\0\x75\x3c\0\0\x09\xa8\
\x01\0\x08\x06\0\0\x9e\x01\0\0\x9d\x3c\0\0\x09\xac\x01\0\x30\x06\0\0\x9e\x01\0\
\0\xc5\x3c\0\0\x09\xb0\x01\0\x58\x06\0\0\x9e\x01\0\0\xed\x3c\0\0\x09\xb4\x01\0\
\x80\x06\0\0\x9e\x01\0\0\x15\x3d\0\0\x09\xb8\x01\0\xa0\x06\0\0\x9e\x01\0\0\x3d\
\x3d\0\0\x0b\xbc\x01\0\xb0\x06\0\0\x9e\x01\0\0\x3d\x3d\0\0\x09\xbc\x01\0\xd0\
\x06\0\0\x9e\x01\0\0\x65\x3d\0\0\x09\xc4\x01\0\xe8\x06\0\0\x9e\x01\0\0\x7e\x3d\
\0\0\x17\xf8\x01\0\xf0\x06\0\0\x9e\x01\0\0\xbb\x3d\0\0\x15\xfc\x01\0\xf8\x06\0\
\0\x9e\x01\0\0\xf3\x3d\0\0\x1e\x08\x02\0\0\x07\0\0\x9e\x01\0\0\xf3\x3d\0\0\x2d\
\x08\x02\0\x08\x07\0\0\x9e\x01\0\0\xf3\x3d\0\0\x11\x08\x02\0\x28\x07\0\0\x9e\
\x01\0\0\x28\x3e\0\0\x09\x0c\x02\0\x38\x07\0\0\x9e\x01\0\0\x44\x3e\0\0\x15\x18\
\x02\0\x40\x07\0\0\x9e\x01\0\0\x44\x3e\0\0\x23\x18\x02\0\x60\x07\0\0\x9e\x01\0\
\0\x6d\x3e\0\0\x09\x1c\x02\0\x70\x07\0\0\x9e\x01\0\0\x88\x3e\0\0\x0b\x3c\x02\0\
\x80\x07\0\0\x9e\x01\0\0\0\0\0\0\0\0\0\0\x88\x07\0\0\x9e\x01\0\0\xa9\x3e\0\0\
\x10\x40\x02\0\xa0\x07\0\0\x9e\x01\0\0\xd9\x37\0\0\x09\x44\x02\0\xa8\x07\0\0\
\x9e\x01\0\0\xe4\x37\0\0\x0d\x48\x02\0\xc8\x07\0\0\x9e\x01\0\0\xd8\x3e\0\0\x0b\
\x5c\x02\0\xd8\x07\0\0\x9e\x01\0\0\0\0\0\0\0\0\0\0\xe0\x07\0\0\x9e\x01\0\0\xeb\
\x3e\0\0\x10\x60\x02\0\xf8\x07\0\0\x9e\x01\0\0\xd9\x37\0\0\x09\x64\x02\0\x18\
\x08\0\0\x9e\x01\0\0\x64\x3c\0\0\x09\xe8\x01\0\x38\x08\0\0\x9e\x01\0\0\x75\x3c\
\0\0\x09\xa8\x01\0\x70\x08\0\0\x9e\x01\0\0\x75\x3c\0\0\x0b\xa8\x01\0\x80\x08\0\
\0\x9e\x01\0\0\x75\x3c\0\0\x09\xa8\x01\0\x90\x08\0\0\x9e\x01\0\0\x9d\x3c\0\0\
\x09\xac\x01\0\xb8\x08\0\0\x9e\x01\0\0\xc5\x3c\0\0\x09\xb0\x01\0\xe0\x08\0\0\
\x9e\x01\0\0\xed\x3c\0\0\x09\xb4\x01\0\x08\x09\0\0\x9e\x01\0\0\x15\x3d\0\0\x09\
\xb8\x01\0\x28\x09\0\0\x9e\x01\0\0\x3d\x3d\0\0\x0b\xbc\x01\0\x38\x09\0\0\x9e\
\x01\0\0\x3d\x3d\0\0\x09\xbc\x01\0\x58\x09\0\0\x9e\x01\0\0\x65\x3d\0\0\x09\xc4\
\x01\0\x70\x09\0\0\x9e\x01\0\0\x7e\x3d\0\0\x17\xf8\x01\0\x78\x09\0\0\x9e\x01\0\
\0\xbb\x3d\0\0\x15\xfc\x01\0\x80\x09\0\0\x9e\x01\0\0\xf3\x3d\0\0\x1e\x08\x02\0\
\x88\x09\0\0\x9e\x01\0\0\xf3\x3d\0\0\x2d\x08\x02\0\x90\x09\0\0\x9e\x01\0\0\xf3\
\x3d\0\0\x11\x08\x02\0\xb0\x09\0\0\x9e\x01\0\0\x28\x3e\0\0\x09\x0c\x02\0\xc0\
\x09\0\0\x9e\x01\0\0\x44\x3e\0\0\x15\x18\x02\0\xc8\x09\0\0\x9e\x01\0\0\x44\x3e\
\0\0\x23\x18\x02\0\xe8\x09\0\0\x9e\x01\0\0\x6d\x3e\0\0\x09\x1c\x02\0\xf8\x09\0\
\0\x9e\x01\0\0\x88\x3e\0\0\x0b\x3c\x02\0\x08\x0a\0\0\x9e\x01\0\0\0\0\0\0\0\0\0\
\0\x10\x0a\0\0\x9e\x01\0\0\xa9\x3e\0\0\x10\x40\x02\0\x28\x0a\0\0\x9e\x01\0\0\
\xd9\x37\0\0\x09\x44\x02\0\x30\x0a\0\0\x9e\x01\0\0\xe4\x37\0\0\x0d\x48\x02\0\
\x58\x0a\0\0\x9e\x01\0\0\x64\x3c\0\0\x09\xe8\x01\0\x78\x0a\0\0\x9e\x01\0\0\x75\
\x3c\0\0\x09\xa8\x01\0\xb0\x0a\0\0\x9e\x01\0\0\x75\x3c\0\0\x0b\xa8\x01\0\xc0\
\x0a\0\0\x9e\x01\0\0\x75\x3c\0\0\x09\xa8\x01\0\xd0\x0a\0\0\x9e\x01\0\0\x9d\x3c\
\0\0\x09\xac\x01\0\xf8\x0a\0\0\x9e\x01\0\0\xc5\x3c\0\0\x09\xb0\x01\0\x20\x0b\0\
\0\x9e\x01\0\0\xed\x3c\0\0\x09\xb4\x01\0\x48\x0b\0\0\x9e\x01\0\0\x15\x3d\0\0\
\x09\xb8\x01\0\x68\x0b\0\0\x9e\x01\0\0\x3d\x3d\0\0\x0b\xbc\x01\0\x78\x0b\0\0\
\x9e\x01\0\0\x3d\x3d\0\0\x09\xbc\x01\0\x98\x0b\0\0\x9e\x01\0\0\x65\x3d\0\0\x09\
\xc4\x01\0\xb0\x0b\0\0\x9e\x01\0\0\x7e\x3d\0\0\x17\xf8\x01\0\xb8\x0b\0\0\x9e\
\x01\0\0\xbb\x3d\0\0\x15\xfc\x01\0\xc0\x0b\0\0\x9e\x01\0\0\xf3\x3d\0\0\x1e\x08\
\x02\0\xc8\x0b\0\0\x9e\x01\0\0\xf3\x3d\0\0\x2d\x08\x02\0\xd0\x0b\0\0\x9e\x01\0\
\0\xf3\x3d\0\0\x11\x08\x02\0\xf0\x0b\0\0\x9e\x01\0\0\x28\x3e\0\0\x09\x0c\x02\0\
\0\x0c\0\0\x9e\x01\0\0\x44\x3e\0\0\x15\x18\x02\0\x08\x0c\0\0\x9e\x01\0\0\x44\
\x3e\0\0\x23\x18\x02\0\x28\x0c\0\0\x9e\x01\0\0\x6d\x3e\0\0\x09\x1c\x02\0\x38\
\x0c\0\0\x9e\x01\0\0\x88\x3e\0\0\x0b\x3c\x02\0\x48\x0c\0\0\x9e\x01\0\0\0\0\0\0\
\0\0\0\0\x50\x0c\0\0\x9e\x01\0\0\xa9\x3e\0\0\x10\x40\x02\0\x68\x0c\0\0\x9e\x01\
\0\0\xd9\x37\0\0\x09\x44\x02\0\x70\x0c\0\0\x9e\x01\0\0\xe4\x37\0\0\x0d\x48\x02\
\0\x90\x0c\0\0\x9e\x01\0\0\xd8\x3e\0\0\x0b\x5c\x02\0\xa0\x0c\0\0\x9e\x01\0\0\0\
\0\0\0\0\0\0\0\xa8\x0c\0\0\x9e\x01\0\0\xeb\x3e\0\0\x10\x60\x02\0\xc0\x0c\0\0\
\x9e\x01\0\0\xd9\x37\0\0\x09\x64\x02\0\xc8\x0c\0\0\x9e\x01\0\0\0\0\0\0\0\0\0\0\
\xe0\x0c\0\0\x9e\x01\0\0\x1a\x3f\0\0\x0c\xac\x04\0\xe8\x0c\0\0\x9e\x01\0\0\x1a\
\x3f\0\0\x16\xac\x04\0\xf0\x0c\0\0\x9e\x01\0\0\x1a\x3f\0\0\x1c\xac\x04\0\xf8\
\x0c\0\0\x9e\x01\0\0\x1a\x3f\0\0\x09\xac\x04\0\0\x0d\0\0\x9e\x01\0\0\x41\x3f\0\
\0\x23\xb0\x04\0\x08\x0d\0\0\x9e\x01\0\0\x41\x3f\0\0\x33\xb0\x04\0\x18\x0d\0\0\
\x9e\x01\0\0\x49\x3c\0\0\x10\xb4\x04\0\x20\x0d\0\0\x9e\x01\0\0\x49\x3c\0\0\x0d\
\xb4\x04\0\x38\x0d\0\0\x9e\x01\0\0\x64\x3c\0\0\x09\xe8\x01\0\x58\x0d\0\0\x9e\
\x01\0\0\x75\x3c\0\0\x09\xa8\x01\0\x90\x0d\0\0\x9e\x01\0\0\x75\x3c\0\0\x0b\xa8\
\x01\0\xa0\x0d\0\0\x9e\x01\0\0\x75\x3c\0\0\x09\xa8\x01\0\xb0\x0d\0\0\x9e\x01\0\
\0\x9d\x3c\0\0\x09\xac\x01\0\xd8\x0d\0\0\x9e\x01\0\0\xc5\x3c\0\0\x09\xb0\x01\0\
\0\x0e\0\0\x9e\x01\0\0\xed\x3c\0\0\x09\xb4\x01\0\x28\x0e\0\0\x9e\x01\0\0\x15\
\x3d\0\0\x09\xb8\x01\0\x48\x0e\0\0\x9e\x01\0\0\x3d\x3d\0\0\x0b\xbc\x01\0\x58\
\x0e\0\0\x9e\x01\0\0\x3d\x3d\0\0\x09\xbc\x01\0\x78\x0e\0\0\x9e\x01\0\0\x65\x3d\
\0\0\x09\xc4\x01\0\x90\x0e\0\0\x9e\x01\0\0\x7e\x3d\0\0\x17\xf8\x01\0\x98\x0e\0\
\0\x9e\x01\0\0\xbb\x3d\0\0\x15\xfc\x01\0\xa0\x0e\0\0\x9e\x01\0\0\xf3\x3d\0\0\
\x1e\x08\x02\0\xa8\x0e\0\0\x9e\x01\0\0\xf3\x3d\0\0\x2d\x08\x02\0\xb0\x0e\0\0\
\x9e\x01\0\0\xf3\x3d\0\0\x11\x08\x02\0\xd0\x0e\0\0\x9e\x01\0\0\x28\x3e\0\0\x09\
\x0c\x02\0\xe0\x0e\0\0\x9e\x01\0\0\x44\x3e\0\0\x15\x18\x02\0\xe8\x0e\0\0\x9e\
\x01\0\0\x44\x3e\0\0\x23\x18\x02\0\x08\x0f\0\0\x9e\x01\0\0\x6d\x3e\0\0\x09\x1c\
\x02\0\x18\x0f\0\0\x9e\x01\0\0\x88\x3e\0\0\x0b\x3c\x02\0\x28\x0f\0\0\x9e\x01\0\
\0\0\0\0\0\0\0\0\0\x30\x0f\0\0\x9e\x01\0\0\xa9\x3e\0\0\x10\x40\x02\0\x48\x0f\0\
\0\x9e\x01\0\0\xd9\x37\0\0\x09\x44\x02\0\x50\x0f\0\0\x9e\x01\0\0\xe4\x37\0\0\
\x0d\x48\x02\0\x70\x0f\0\0\x9e\x01\0\0\xd8\x3e\0\0\x0b\x5c\x02\0\x80\x0f\0\0\
\x9e\x01\0\0\0\0\0\0\0\0\0\0\x88\x0f\0\0\x9e\x01\0\0\xeb\x3e\0\0\x10\x60\x02\0\
\xa0\x0f\0\0\x9e\x01\0\0\xd9\x37\0\0\x09\x64\x02\0\xc0\x0f\0\0\x9e\x01\0\0\x64\
\x3c\0\0\x09\xe8\x01\0\xe0\x0f\0\0\x9e\x01\0\0\x75\x3c\0\0\x09\xa8\x01\0\x18\
\x10\0\0\x9e\x01\0\0\x75\x3c\0\0\x0b\xa8\x01\0\x28\x10\0\0\x9e\x01\0\0\x75\x3c\
\0\0\x09\xa8\x01\0\x38\x10\0\0\x9e\x01\0\0\x9d\x3c\0\0\x09\xac\x01\0\x60\x10\0\
\0\x9e\x01\0\0\xc5\x3c\0\0\x09\xb0\x01\0\x88\x10\0\0\x9e\x01\0\0\xed\x3c\0\0\
\x09\xb4\x01\0\xb0\x10\0\0\x9e\x01\0\0\x15\x3d\0\0\x09\xb8\x01\0\xd0\x10\0\0\
\x9e\x01\0\0\x3d\x3d\0\0\x0b\xbc\x01\0\xe0\x10\0\0\x9e\x01\0\0\x3d\x3d\0\0\x09\
\xbc\x01\0\0\x11\0\0\x9e\x01\0\0\x65\x3d\0\0\x09\xc4\x01\0\x18\x11\0\0\x9e\x01\
\0\0\x7e\x3d\0\0\x17\xf8\x01\0\x20\x11\0\0\x9e\x01\0\0\xbb\x3d\0\0\x15\xfc\x01\
\0\x28\x11\0\0\x9e\x01\0\0\xf3\x3d\0\0\x1e\x08\x02\0\x30\x11\0\0\x9e\x01\0\0\
\xf3\x3d\0\0\x2d\x08\x02\0\x38\x11\0\0\x9e\x01\0\0\xf3\x3d\0\0\x11\x08\x02\0\
\x58\x11\0\0\x9e\x01\0\0\x28\x3e\0\0\x09\x0c\x02\0\x68\x11\0\0\x9e\x01\0\0\x44\
\x3e\0\0\x15\x18\x02\0\x70\x11\0\0\x9e\x01\0\0\x44\x3e\0\0\x23\x18\x02\0\x90\
\x11\0\0\x9e\x01\0\0\x6d\x3e\0\0\x09\x1c\x02\0\xa0\x11\0\0\x9e\x01\0\0\x88\x3e\
\0\0\x0b\x3c\x02\0\xb0\x11\0\0\x9e\x01\0\0\0\0\0\0\0\0\0\0\xb8\x11\0\0\x9e\x01\
\0\0\xa9\x3e\0\0\x10\x40\x02\0\xd0\x11\0\0\x9e\x01\0\0\xd9\x37\0\0\x09\x44\x02\
\0\xd8\x11\0\0\x9e\x01\0\0\xe4\x37\0\0\x0d\x48\x02\0\xf8\x11\0\0\x9e\x01\0\0\
\xd8\x3e\0\0\x0b\x5c\x02\0\x08\x12\0\0\x9e\x01\0\0\0\0\0\0\0\0\0\0\x10\x12\0\0\
\x9e\x01\0\0\xeb\x3e\0\0\x10\x60\x02\0\x28\x12\0\0\x9e\x01\0\0\xd9\x37\0\0\x09\
\x64\x02\0\x30\x12\0\0\x9e\x01\0\0\0\0\0\0\0\0\0\0\x50\x12\0\0\x9e\x01\0\0\x0d\
\x3b\0\0\x0b\xdc\x04\0\x60\x12\0\0\x9e\x01\0\0\0\0\0\0\0\0\0\0\x68\x12\0\0\x9e\
\x01\0\0\x1f\x3b\0\0\x12\xe0\x04\0\x80\x12\0\0\x9e\x01\0\0\x59\x3b\0\0\x09\xe4\
\x04\0\x90\x12\0\0\x9e\x01\0\0\x7b\x3f\0\0\x09\xe8\x04\0\xa0\x12\0\0\x9e\x01\0\
\0\0\0\0\0\0\0\0\0\xa8\x12\0\0\x9e\x01\0\0\xa2\x3f\0\0\x05\xf0\x04\0\xc0\x12\0\
\0\x9e\x01\0\0\xb1\x3b\0\0\x05\x30\x04\0\x10\0\0\0\x87\x01\0\0\x07\0\0\0\x78\0\
\0\0\x36\0\0\0\x4d\x36\0\0\0\0\0\0\xc0\0\0\0\x36\0\0\0\x9a\x36\0\0\0\0\0\0\xf8\
\0\0\0\xd6\0\0\0\x4d\x36\0\0\0\0\0\0\x48\x01\0\0\xd0\0\0\0\x9a\x36\0\0\0\0\0\0\
\x80\x01\0\0\xd0\0\0\0\x06\x37\0\0\0\0\0\0\xb0\x02\0\0\x36\0\0\0\x71\x38\0\0\0\
\0\0\0\xe8\x02\0\0\x36\0\0\0\xaf\x38\0\0\0\0\0\0\xa4\x39\0\0\x07\0\0\0\x78\0\0\
\0\x36\0\0\0\x4d\x36\0\0\0\0\0\0\xc0\0\0\0\x36\0\0\0\x9a\x36\0\0\0\0\0\0\xf8\0\
\0\0\xd6\0\0\0\x4d\x36\0\0\0\0\0\0\x48\x01\0\0\xd0\0\0\0\x9a\x36\0\0\0\0\0\0\
\x80\x01\0\0\xd0\0\0\0\x06\x37\0\0\0\0\0\0\x70\x02\0\0\x36\0\0\0\x71\x38\0\0\0\
\0\0\0\x50\x03\0\0\x36\0\0\0\xaf\x38\0\0\0\0\0\0\x98\x3b\0\0\x05\0\0\0\x78\0\0\
\0\x36\0\0\0\x4d\x36\0\0\0\0\0\0\xc0\0\0\0\x36\0\0\0\x9a\x36\0\0\0\0\0\0\xf8\0\
\0\0\xd6\0\0\0\x4d\x36\0\0\0\0\0\0\x48\x01\0\0\xd0\0\0\0\x9a\x36\0\0\0\0\0\0\
\x80\x01\0\0\xd0\0\0\0\x06\x37\0\0\0\0\0\0\0\0\0\0\0\0\0\0\0\0\0\0\0\0\0\0\0\0\
\0\0\0\0\0\0\0\0\0\0\x03\0\x03\0\0\0\0\0\0\0\0\0\0\0\0\0\0\0\0\0\xc5\x02\0\0\0\
\0\x03\0\xb0\x03\0\0\0\0\0\0\0\0\0\0\0\0\0\0\x25\x04\0\0\0\0\x03\0\x60\0\0\0\0\
\0\0\0\0\0\0\0\0\0\0\0\x4c\x03\0\0\0\0\x03\0\x78\0\0\0\0\0\0\0\0\0\0\0\0\0\0\0\
\xb0\x01\0\0\0\0\x03\0\0\x02\0\0\0\0\0\0\0\0\0\0\0\0\0\0\x84\x02\0\0\0\0\x03\0\
\x48\x01\0\0\0\0\0\0\0\0\0\0\0\0\0\0\x19\x02\0\0\0\0\x03\0\xe0\x01\0\0\0\0\0\0\
\0\0\0\0\0\0\0\0\x2a\x05\0\0\0\0\x03\0\x58\x02\0\0\0\0\0\0\0\0\0\0\0\0\0\0\x24\
\x03\0\0\0\0\x03\0\x60\x03\0\0\0\0\0\0\0\0\0\0\0\0\0\0\0\0\0\0\x03\0\x05\0\0\0\
\0\0\0\0\0\0\0\0\0\0\0\0\0\0\xed\x03\0\0\0\0\x05\0\x90\x04\0\0\0\0\0\0\0\0\0\0\
\0\0\0\0\x1e\x04\0\0\0\0\x05\0\x60\0\0\0\0\0\0\0\0\0\0\0\0\0\0\0\x45\x03\0\0\0\
\0\x05\0\x78\0\0\0\0\0\0\0\0\0\0\0\0\0\0\0\xa9\x01\0\0\0\0\x05\0\0\x02\0\0\0\0\
\0\0\0\0\0\0\0\0\0\0\x7d\x02\0\0\0\0\x05\0\x48\x01\0\0\0\0\0\0\0\0\0\0\0\0\0\0\
\x12\x02\0\0\0\0\x05\0\xe0\x01\0\0\0\0\0\0\0\0\0\0\0\0\0\0\x22\x05\0\0\0\0\x05\
\0\x58\x02\0\0\0\0\0\0\0\0\0\0\0\0\0\0\xf1\x01\0\0\0\0\x05\0\x20\x04\0\0\0\0\0\
\0\0\0\0\0\0\0\0\0\x06\x04\0\0\0\0\x05\0\x38\x03\0\0\0\0\0\0\0\0\0\0\0\0\0\0\
\x65\x02\0\0\0\0\x05\0\xc8\x03\0\0\0\0\0\0\0\0\0\0\0\0\0\0\xcf\x04\0\0\0\0\x05\
\0\x40\x04\0\0\0\0\0\0\0\0\0\0\0\0\0\0\x12\x05\0\0\0\0\x05\0\x38\x04\0\0\0\0\0\
\0\0\0\0\0\0\0\0\0\0\0\0\0\x03\0\x07\0\0\0\0\0\0\0\0\0\0\0\0\0\0\0\0\0\x2c\x03\
\0\0\0\0\x07\0\xc0\x12\0\0\0\0\0\0\0\0\0\0\0\0\0\0\x17\x04\0\0\0\0\x07\0\x60\0\
\0\0\0\0\0\0\0\0\0\0\0\0\0\0\x3e\x03\0\0\0\0\x07\0\x78\0\0\0\0\0\0\0\0\0\0\0\0\
\0\0\0\xa2\x01\0\0\0\0\x07\0\0\x02\0\0\0\0\0\0\0\0\0\0\0\0\0\0\x76\x02\0\0\0\0\
\x07\0\x48\x01\0\0\0\0\0\0\0\0\0\0\0\0\0\0\x0b\x02\0\0\0\0\x07\0\xe0\x01\0\0\0\
\0\0\0\0\0\0\0\0\0\0\0\x1a\x05\0\0\0\0\x07\0\x58\x02\0\0\0\0\0\0\0\0\0\0\0\0\0\
\0\xfe\x03\0\0\0\0\x07\0\xf8\x02\0\0\0\0\0\0\0\0\0\0\0\0\0\0\xdb\x03\0\0\0\0\
\x07\0\xe0\x0c\0\0\0\0\0\0\0\0\0\0\0\0\0\0\x56\x05\0\0\0\0\x07\0\x08\x08\0\0\0\
\0\0\0\0\0\0\0\0\0\0\0\x75\x03\0\0\0\0\x07\0\x30\x05\0\0\0\0\0\0\0\0\0\0\0\0\0\
\0\xe9\x01\0\0\0\0\x07\0\x88\x03\0\0\0\0\0\0\0\0\0\0\0\0\0\0\x0a\x05\0\0\0\0\
\x07\0\xb8\x03\0\0\0\0\0\0\0\0\0\0\0\0\0\0\x67\x04\0\0\0\0\x07\0\xd8\x03\0\0\0\
\0\0\0\0\0\0\0\0\0\0\0\x85\x03\0\0\0\0\x07\0\xe8\x03\0\0\0\0\0\0\0\0\0\0\0\0\0\
\0\xbd\x02\0\0\0\0\x07\0\0\x04\0\0\0\0\0\0\0\0\0\0\0\0\0\0\xe1\x01\0\0\0\0\x07\
\0\x10\x04\0\0\0\0\0\0\0\0\0\0\0\0\0\0\x02\x05\0\0\0\0\x07\0\x28\x04\0\0\0\0\0\
\0\0\0\0\0\0\0\0\0\x5f\x04\0\0\0\0\x07\0\x38\x04\0\0\0\0\0\0\0\0\0\0\0\0\0\0\
\x7d\x03\0\0\0\0\x07\0\x50\x04\0\0\0\0\0\0\0\0\0\0\0\0\0\0\xb5\x02\0\0\0\0\x07\
\0\x60\x04\0\0\0\0\0\0\0\0\0\0\0\0\0\0\xd9\x01\0\0\0\0\x07\0\x70\x04\0\0\0\0\0\
\0\0\0\0\0\0\0\0\0\xfa\x04\0\0\0\0\x07\0\xa0\x04\0\0\0\0\0\0\0\0\0\0\0\0\0\0\
\x4e\x04\0\0\0\0\x07\0\xf8\x04\0\0\0\0\0\0\0\0\0\0\0\0\0\0\xad\x02\0\0\0\0\x07\
\0\x80\x05\0\0\0\0\0\0\0\0\0\0\0\0\0\0\xdf\x02\0\0\0\0\x07\0\x70\x07\0\0\0\0\0\
\0\0\0\0\0\0\0\0\0\x89\x05\0\0\0\0\x07\0\xc8\x05\0\0\0\0\0\0\0\0\0\0\0\0\0\0\
\xac\x04\0\0\0\0\x07\0\xf8\x05\0\0\0\0\0\0\0\0\0\0\0\0\0\0\xca\x03\0\0\0\0\x07\
\0\x18\x06\0\0\0\0\0\0\0\0\0\0\0\0\0\0\x01\x03\0\0\0\0\x07\0\x28\x06\0\0\0\0\0\
\0\0\0\0\0\0\0\0\0\x42\x02\0\0\0\0\x07\0\x40\x06\0\0\0\0\0\0\0\0\0\0\0\0\0\0\
\x78\x05\0\0\0\0\x07\0\x50\x06\0\0\0\0\0\0\0\0\0\0\0\0\0\0\x9b\x04\0\0\0\0\x07\
\0\x68\x06\0\0\0\0\0\0\0\0\0\0\0\0\0\0\xb9\x03\0\0\0\0\x07\0\x78\x06\0\0\0\0\0\
\0\0\0\0\0\0\0\0\0\xf0\x02\0\0\0\0\x07\0\x90\x06\0\0\0\0\0\0\0\0\0\0\0\0\0\0\
\x31\x02\0\0\0\0\x07\0\xa0\x06\0\0\0\0\0\0\0\0\0\0\0\0\0\0\x67\x05\0\0\0\0\x07\
\0\xb0\x06\0\0\0\0\0\0\0\0\0\0\0\0\0\0\x8a\x04\0\0\0\0\x07\0\xe0\x06\0\0\0\0\0\
\0\0\0\0\0\0\0\0\0\xa8\x03\0\0\0\0\x07\0\x38\x07\0\0\0\0\0\0\0\0\0\0\0\0\0\0\
\x20\x02\0\0\0\0\x07\0\xc0\x07\0\0\0\0\0\0\0\0\0\0\0\0\0\0\x56\x04\0\0\0\0\x07\
\0\xc8\x0c\0\0\0\0\0\0\0\0\0\0\0\0\0\0\x02\x02\0\0\0\0\x07\0\xf8\x09\0\0\0\0\0\
\0\0\0\0\0\0\0\0\0\x3d\x04\0\0\0\0\x07\0\x50\x08\0\0\0\0\0\0\0\0\0\0\0\0\0\0\
\x64\x03\0\0\0\0\x07\0\x80\x08\0\0\0\0\0\0\0\0\0\0\0\0\0\0\x9c\x02\0\0\0\0\x07\
\0\xa0\x08\0\0\0\0\0\0\0\0\0\0\0\0\0\0\xc8\x01\0\0\0\0\x07\0\xb0\x08\0\0\0\0\0\
\0\0\0\0\0\0\0\0\0\xe9\x04\0\0\0\0\x07\0\xc8\x08\0\0\0\0\0\0\0\0\0\0\0\0\0\0\
\x2c\x04\0\0\0\0\x07\0\xd8\x08\0\0\0\0\0\0\0\0\0\0\0\0\0\0\x53\x03\0\0\0\0\x07\
\0\xf0\x08\0\0\0\0\0\0\0\0\0\0\0\0\0\0\x8b\x02\0\0\0\0\x07\0\0\x09\0\0\0\0\0\0\
\0\0\0\0\0\0\0\0\xb7\x01\0\0\0\0\x07\0\x18\x09\0\0\0\0\0\0\0\0\0\0\0\0\0\0\x4d\
\x05\0\0\0\0\x07\0\x28\x09\0\0\0\0\0\0\0\0\0\0\0\0\0\0\x81\x04\0\0\0\0\x07\0\
\x38\x09\0\0\0\0\0\0\0\0\0\0\0\0\0\0\x9f\x03\0\0\0\0\x07\0\x68\x09\0\0\0\0\0\0\
\0\0\0\0\0\0\0\0\xd6\x02\0\0\0\0\x07\0\xc0\x09\0\0\0\0\0\0\0\0\0\0\0\0\0\0\x3b\
\x05\0\0\0\0\x07\0\x48\x0a\0\0\0\0\0\0\0\0\0\0\0\0\0\0\x9a\x05\0\0\0\0\x07\0\
\x38\x0c\0\0\0\0\0\0\0\0\0\0\0\0\0\0\x0e\x04\0\0\0\0\x07\0\x90\x0a\0\0\0\0\0\0\
\0\0\0\0\0\0\0\0\x35\x03\0\0\0\0\x07\0\xc0\x0a\0\0\0\0\0\0\0\0\0\0\0\0\0\0\x6d\
\x02\0\0\0\0\x07\0\xe0\x0a\0\0\0\0\0\0\0\0\0\0\0\0\0\0\xac\x05\0\0\0\0\x07\0\
\xf0\x0a\0\0\0\0\0\0\0\0\0\0\0\0\0\0\xd7\x04\0\0\0\0\x07\0\x08\x0b\0\0\0\0\0\0\
\0\0\0\0\0\0\0\0\xf5\x03\0\0\0\0\x07\0\x18\x0b\0\0\0\0\0\0\0\0\0\0\0\0\0\0\x1b\
\x03\0\0\0\0\x07\0\x30\x0b\0\0\0\0\0\0\0\0\0\0\0\0\0\0\x5c\x02\0\0\0\0\x07\0\
\x40\x0b\0\0\0\0\0\0\0\0\0\0\0\0\0\0\xa3\x05\0\0\0\0\x07\0\x58\x0b\0\0\0\0\0\0\
\0\0\0\0\0\0\0\0\xc6\x04\0\0\0\0\x07\0\x68\x0b\0\0\0\0\0\0\0\0\0\0\0\0\0\0\xe4\
\x03\0\0\0\0\x07\0\x78\x0b\0\0\0\0\0\0\0\0\0\0\0\0\0\0\x12\x03\0\0\0\0\x07\0\
\xa8\x0b\0\0\0\0\0\0\0\0\0\0\0\0\0\0\x53\x02\0\0\0\0\x07\0\0\x0c\0\0\0\0\0\0\0\
\0\0\0\0\0\0\0\xbd\x04\0\0\0\0\x07\0\x88\x0c\0\0\0\0\0\0\0\0\0\0\0\0\0\0\x6f\
\x04\0\0\0\0\x07\0\x48\x12\0\0\0\0\0\0\0\0\0\0\0\0\0\0\x5e\x05\0\0\0\0\x07\0\
\xb0\x0f\0\0\0\0\0\0\0\0\0\0\0\0\0\0\xe7\x02\0\0\0\0\x07\0\x18\x0f\0\0\0\0\0\0\
\0\0\0\0\0\0\0\0\x91\x05\0\0\0\0\x07\0\x70\x0d\0\0\0\0\0\0\0\0\0\0\0\0\0\0\xb4\
\x04\0\0\0\0\x07\0\xa0\x0d\0\0\0\0\0\0\0\0\0\0\0\0\0\0\xd2\x03\0\0\0\0\x07\0\
\xc0\x0d\0\0\0\0\0\0\0\0\0\0\0\0\0\0\x09\x03\0\0\0\0\x07\0\xd0\x0d\0\0\0\0\0\0\
\0\0\0\0\0\0\0\0\x4a\x02\0\0\0\0\x07\0\xe8\x0d\0\0\0\0\0\0\0\0\0\0\0\0\0\0\x80\
\x05\0\0\0\0\x07\0\xf8\x0d\0\0\0\0\0\0\0\0\0\0\0\0\0\0\xa3\x04\0\0\0\0\x07\0\
\x10\x0e\0\0\0\0\0\0\0\0\0\0\0\0\0\0\xc1\x03\0\0\0\0\x07\0\x20\x0e\0\0\0\0\0\0\
\0\0\0\0\0\0\0\0\xf8\x02\0\0\0\0\x07\0\x38\x0e\0\0\0\0\0\0\0\0\0\0\0\0\0\0\x39\
\x02\0\0\0\0\x07\0\x48\x0e\0\0\0\0\0\0\0\0\0\0\0\0\0\0\x6f\x05\0\0\0\0\x07\0\
\x58\x0e\0\0\0\0\0\0\0\0\0\0\0\0\0\0\x92\x04\0\0\0\0\x07\0\x88\x0e\0\0\0\0\0\0\
\0\0\0\0\0\0\0\0\xb0\x03\0\0\0\0\x07\0\xe0\x0e\0\0\0\0\0\0\0\0\0\0\0\0\0\0\x28\
\x02\0\0\0\0\x07\0\x68\x0f\0\0\0\0\0\0\0\0\0\0\0\0\0\0\xe0\x04\0\0\0\0\x07\0\
\x30\x12\0\0\0\0\0\0\0\0\0\0\0\0\0\0\xf9\x01\0\0\0\0\x07\0\xa0\x11\0\0\0\0\0\0\
\0\0\0\0\0\0\0\0\x45\x04\0\0\0\0\x07\0\xf8\x0f\0\0\0\0\0\0\0\0\0\0\0\0\0\0\x6c\
\x03\0\0\0\0\x07\0\x28\x10\0\0\0\0\0\0\0\0\0\0\0\0\0\0\xa4\x02\0\0\0\0\x07\0\
\x48\x10\0\0\0\0\0\0\0\0\0\0\0\0\0\0\xd0\x01\0\0\0\0\x07\0\x58\x10\0\0\0\0\0\0\
\0\0\0\0\0\0\0\0\xf1\x04\0\0\0\0\x07\0\x70\x10\0\0\0\0\0\0\0\0\0\0\0\0\0\0\x34\
\x04\0\0\0\0\x07\0\x80\x10\0\0\0\0\0\0\0\0\0\0\0\0\0\0\x5b\x03\0\0\0\0\x07\0\
\x98\x10\0\0\0\0\0\0\0\0\0\0\0\0\0\0\x93\x02\0\0\0\0\x07\0\xa8\x10\0\0\0\0\0\0\
\0\0\0\0\0\0\0\0\xbf\x01\0\0\0\0\x07\0\xc0\x10\0\0\0\0\0\0\0\0\0\0\0\0\0\0\x44\
\x05\0\0\0\0\x07\0\xd0\x10\0\0\0\0\0\0\0\0\0\0\0\0\0\0\x78\x04\0\0\0\0\x07\0\
\xe0\x10\0\0\0\0\0\0\0\0\0\0\0\0\0\0\x96\x03\0\0\0\0\x07\0\x10\x11\0\0\0\0\0\0\
\0\0\0\0\0\0\0\0\xcd\x02\0\0\0\0\x07\0\x68\x11\0\0\0\0\0\0\0\0\0\0\0\0\0\0\x32\
\x05\0\0\0\0\x07\0\xf0\x11\0\0\0\0\0\0\0\0\0\0\0\0\0\0\x8d\x03\0\0\0\0\x07\0\
\x98\x12\0\0\0\0\0\0\0\0\0\0\0\0\0\0\x2f\0\0\0\x12\0\x03\0\0\0\0\0\0\0\0\0\xc0\
\x03\0\0\0\0\0\0\xb9\0\0\0\x11\0\x0a\0\0\0\0\0\0\0\0\0\x20\0\0\0\0\0\0\0\xa9\0\
\0\0\x11\0\x0a\0\xe0\x01\0\0\0\0\0\0\x20\0\0\0\0\0\0\0\x46\0\0\0\x11\0\x0a\0\
\x20\0\0\0\0\0\0\0\x20\0\0\0\0\0\0\0\x47\x01\0\0\x12\0\x05\0\0\0\0\0\0\0\0\0\
\xa0\x04\0\0\0\0\0\0\x39\0\0\0\x11\0\x0a\0\x40\x01\0\0\0\0\0\0\x20\0\0\0\0\0\0\
\0\x6d\x01\0\0\x12\0\x07\0\0\0\0\0\0\0\0\0\xd0\x12\0\0\0\0\0\0\x4f\0\0\0\x11\0\
\x0a\0\xe0\0\0\0\0\0\0\0\x20\0\0\0\0\0\0\0\xc1\0\0\0\x11\0\x0a\0\x20\x01\0\0\0\
\0\0\0\x20\0\0\0\0\0\0\0\xe5\0\0\0\x11\0\x0a\0\xc0\x01\0\0\0\0\0\0\x20\0\0\0\0\
\0\0\0\x7c\0\0\0\x11\0\x0a\0\xc0\0\0\0\0\0\0\0\x20\0\0\0\0\0\0\0\xd3\0\0\0\x11\
\0\x0a\0\0\x01\0\0\0\0\0\0\x20\0\0\0\0\0\0\0\x02\x01\0\0\x11\0\x0a\0\xa0\x01\0\
\0\0\0\0\0\x20\0\0\0\0\0\0\0\x5d\0\0\0\x11\0\x0a\0\xa0\0\0\0\0\0\0\0\x20\0\0\0\
\0\0\0\0\xf3\0\0\0\x11\0\x0a\0\x80\x01\0\0\0\0\0\0\x20\0\0\0\0\0\0\0\x8a\0\0\0\
\x11\0\x0a\0\x80\0\0\0\0\0\0\0\x20\0\0\0\0\0\0\0\x10\x01\0\0\x11\0\x0a\0\x60\
\x01\0\0\0\0\0\0\x20\0\0\0\0\0\0\0\x9a\x01\0\0\x11\0\x09\0\0\0\0\0\0\0\0\0\x0d\
\0\0\0\0\0\0\0\x99\0\0\0\x11\0\x0a\0\x40\0\0\0\0\0\0\0\x20\0\0\0\0\0\0\0\x6c\0\
\0\0\x11\0\x0a\0\x60\0\0\0\0\0\0\0\x20\0\0\0\0\0\0\0\x30\0\0\0\0\0\0\0\x01\0\0\
\0\x82\0\0\0\x20\x02\0\0\0\0\0\0\x01\0\0\0\x83\0\0\0\x70\x02\0\0\0\0\0\0\x01\0\
\0\0\x84\0\0\0\x90\x03\0\0\0\0\0\0\x01\0\0\0\x84\0\0\0\x30\0\0\0\0\0\0\0\x01\0\
\0\0\x82\0\0\0\x20\x02\0\0\0\0\0\0\x01\0\0\0\x83\0\0\0\xc0\x02\0\0\0\0\0\0\x01\
\0\0\0\x84\0\0\0\0\x03\0\0\0\0\0\0\x01\0\0\0\x83\0\0\0\xf8\x03\0\0\0\0\0\0\x01\
\0\0\0\x84\0\0\0\x60\x04\0\0\0\0\0\0\x01\0\0\0\x86\0\0\0\x30\0\0\0\0\0\0\0\x01\
\0\0\0\x82\0\0\0\x20\x02\0\0\0\0\0\0\x01\0\0\0\x83\0\0\0\x70\x02\0\0\0\0\0\0\
\x01\0\0\0\x84\0\0\0\xb8\x02\0\0\0\0\0\0\x01\0\0\0\x83\0\0\0\x48\x05\0\0\0\0\0\
\0\x01\0\0\0\x88\0\0\0\x88\x07\0\0\0\0\0\0\x01\0\0\0\x89\0\0\0\xe0\x07\0\0\0\0\
\0\0\x01\0\0\0\x8a\0\0\0\x10\x0a\0\0\0\0\0\0\x01\0\0\0\x8b\0\0\0\x50\x0c\0\0\0\
\0\0\0\x01\0\0\0\x8c\0\0\0\xa8\x0c\0\0\0\0\0\0\x01\0\0\0\x8d\0\0\0\x30\x0f\0\0\
\0\0\0\0\x01\0\0\0\x8e\0\0\0\x88\x0f\0\0\0\0\0\0\x01\0\0\0\x8f\0\0\0\xb8\x11\0\
\0\0\0\0\0\x01\0\0\0\x90\0\0\0\x10\x12\0\0\0\0\0\0\x01\0\0\0\x91\0\0\0\x68\x12\
\0\0\0\0\0\0\x01\0\0\0\x86\0\0\0\xa8\x12\0\0\0\0\0\0\x01\0\0\0\x84\0\0\0\0\x5f\
\0\0\0\0\0\0\x04\0\0\0\x82\0\0\0\x0c\x5f\0\0\0\0\0\0\x04\0\0\0\x84\0\0\0\x18\
\x5f\0\0\0\0\0\0\x04\0\0\0\x93\0\0\0\x24\x5f\0\0\0\0\0\0\x04\0\0\0\x94\0\0\0\
\x30\x5f\0\0\0\0\0\0\x04\0\0\0\x90\0\0\0\x3c\x5f\0\0\0\0\0\0\x04\0\0\0\x8e\0\0\
\0\x48\x5f\0\0\0\0\0\0\x04\0\0\0\x8b\0\0\0\x54\x5f\0\0\0\0\0\0\x04\0\0\0\x88\0\
\0\0\x60\x5f\0\0\0\0\0\0\x04\0\0\0\x8c\0\0\0\x6c\x5f\0\0\0\0\0\0\x04\0\0\0\x89\
\0\0\0\x78\x5f\0\0\0\0\0\0\x04\0\0\0\x86\0\0\0\x84\x5f\0\0\0\0\0\0\x04\0\0\0\
\x91\0\0\0\x90\x5f\0\0\0\0\0\0\x04\0\0\0\x8f\0\0\0\x9c\x5f\0\0\0\0\0\0\x04\0\0\
\0\x8d\0\0\0\xa8\x5f\0\0\0\0\0\0\x04\0\0\0\x8a\0\0\0\xb4\x5f\0\0\0\0\0\0\x04\0\
\0\0\x83\0\0\0\xcc\x5f\0\0\0\0\0\0\x04\0\0\0\x92\0\0\0\x2c\0\0\0\0\0\0\0\x04\0\
\0\0\x01\0\0\0\x3c\0\0\0\0\0\0\0\x04\0\0\0\x0a\0\0\0\x4c\0\0\0\0\0\0\0\x04\0\0\
\0\x17\0\0\0\x60\0\0\0\0\0\0\0\x04\0\0\0\x01\0\0\0\x70\0\0\0\0\0\0\0\x04\0\0\0\
\x01\0\0\0\x80\0\0\0\0\0\0\0\x04\0\0\0\x01\0\0\0\x90\0\0\0\0\0\0\0\x04\0\0\0\
\x01\0\0\0\xa0\0\0\0\0\0\0\0\x04\0\0\0\x01\0\0\0\xb0\0\0\0\0\0\0\0\x04\0\0\0\
\x01\0\0\0\xc0\0\0\0\0\0\0\0\x04\0\0\0\x01\0\0\0\xd0\0\0\0\0\0\0\0\x04\0\0\0\
\x01\0\0\0\xe0\0\0\0\0\0\0\0\x04\0\0\0\x01\0\0\0\xf0\0\0\0\0\0\0\0\x04\0\0\0\
\x01\0\0\0\0\x01\0\0\0\0\0\0\x04\0\0\0\x01\0\0\0\x10\x01\0\0\0\0\0\0\x04\0\0\0\
\x01\0\0\0\x20\x01\0\0\0\0\0\0\x04\0\0\0\x01\0\0\0\x30\x01\0\0\0\0\0\0\x04\0\0\
\0\x01\0\0\0\x40\x01\0\0\0\0\0\0\x04\0\0\0\x01\0\0\0\x50\x01\0\0\0\0\0\0\x04\0\
\0\0\x01\0\0\0\x60\x01\0\0\0\0\0\0\x04\0\0\0\x01\0\0\0\x70\x01\0\0\0\0\0\0\x04\
\0\0\0\x01\0\0\0\x80\x01\0\0\0\0\0\0\x04\0\0\0\x01\0\0\0\x90\x01\0\0\0\0\0\0\
\x04\0\0\0\x01\0\0\0\xa0\x01\0\0\0\0\0\0\x04\0\0\0\x01\0\0\0\xb0\x01\0\0\0\0\0\
\0\x04\0\0\0\x01\0\0\0\xc0\x01\0\0\0\0\0\0\x04\0\0\0\x01\0\0\0\xd0\x01\0\0\0\0\
\0\0\x04\0\0\0\x01\0\0\0\xe0\x01\0\0\0\0\0\0\x04\0\0\0\x01\0\0\0\xf0\x01\0\0\0\
\0\0\0\x04\0\0\0\x01\0\0\0\0\x02\0\0\0\0\0\0\x04\0\0\0\x01\0\0\0\x10\x02\0\0\0\
\0\0\0\x04\0\0\0\x01\0\0\0\x20\x02\0\0\0\0\0\0\x04\0\0\0\x01\0\0\0\x30\x02\0\0\
\0\0\0\0\x04\0\0\0\x01\0\0\0\x40\x02\0\0\0\0\0\0\x04\0\0\0\x01\0\0\0\x50\x02\0\
\0\0\0\0\0\x04\0\0\0\x01\0\0\0\x60\x02\0\0\0\0\0\0\x04\0\0\0\x01\0\0\0\x70\x02\
\0\0\0\0\0\0\x04\0\0\0\x01\0\0\0\x80\x02\0\0\0\0\0\0\x04\0\0\0\x01\0\0\0\x90\
\x02\0\0\0\0\0\0\x04\0\0\0\x01\0\0\0\xa0\x02\0\0\0\0\0\0\x04\0\0\0\x01\0\0\0\
\xb0\x02\0\0\0\0\0\0\x04\0\0\0\x01\0\0\0\xc0\x02\0\0\0\0\0\0\x04\0\0\0\x01\0\0\
\0\xd0\x02\0\0\0\0\0\0\x04\0\0\0\x01\0\0\0\xe0\x02\0\0\0\0\0\0\x04\0\0\0\x01\0\
\0\0\xf0\x02\0\0\0\0\0\0\x04\0\0\0\x01\0\0\0\0\x03\0\0\0\0\0\0\x04\0\0\0\x01\0\
\0\0\x10\x03\0\0\0\0\0\0\x04\0\0\0\x01\0\0\0\x20\x03\0\0\0\0\0\0\x04\0\0\0\x01\
\0\0\0\x30\x03\0\0\0\0\0\0\x04\0\0\0\x01\0\0\0\x40\x03\0\0\0\0\0\0\x04\0\0\0\
\x01\0\0\0\x50\x03\0\0\0\0\0\0\x04\0\0\0\x01\0\0\0\x60\x03\0\0\0\0\0\0\x04\0\0\
\0\x01\0\0\0\x78\x03\0\0\0\0\0\0\x04\0\0\0\x0a\0\0\0\x88\x03\0\0\0\0\0\0\x04\0\
\0\0\x0a\0\0\0\x98\x03\0\0\0\0\0\0\x04\0\0\0\x0a\0\0\0\xa8\x03\0\0\0\0\0\0\x04\
\0\0\0\x0a\0\0\0\xb8\x03\0\0\0\0\0\0\x04\0\0\0\x0a\0\0\0\xc8\x03\0\0\0\0\0\0\
\x04\0\0\0\x0a\0\0\0\xd8\x03\0\0\0\0\0\0\x04\0\0\0\x0a\0\0\0\xe8\x03\0\0\0\0\0\
\0\x04\0\0\0\x0a\0\0\0\xf8\x03\0\0\0\0\0\0\x04\0\0\0\x0a\0\0\0\x08\x04\0\0\0\0\
\0\0\x04\0\0\0\x0a\0\0\0\x18\x04\0\0\0\0\0\0\x04\0\0\0\x0a\0\0\0\x28\x04\0\0\0\
\0\0\0\x04\0\0\0\x0a\0\0\0\x38\x04\0\0\0\0\0\0\x04\0\0\0\x0a\0\0\0\x48\x04\0\0\
\0\0\0\0\x04\0\0\0\x0a\0\0\0\x58\x04\0\0\0\0\0\0\x04\0\0\0\x0a\0\0\0\x68\x04\0\
\0\0\0\0\0\x04\0\0\0\x0a\0\0\0\x78\x04\0\0\0\0\0\0\x04\0\0\0\x0a\0\0\0\x88\x04\
\0\0\0\0\0\0\x04\0\0\0\x0a\0\0\0\x98\x04\0\0\0\0\0\0\x04\0\0\0\x0a\0\0\0\xa8\
\x04\0\0\0\0\0\0\x04\0\0\0\x0a\0\0\0\xb8\x04\0\0\0\0\0\0\x04\0\0\0\x0a\0\0\0\
\xc8\x04\0\0\0\0\0\0\x04\0\0\0\x0a\0\0\0\xd8\x04\0\0\0\0\0\0\x04\0\0\0\x0a\0\0\
\0\xe8\x04\0\0\0\0\0\0\x04\0\0\0\x0a\0\0\0\xf8\x04\0\0\0\0\0\0\x04\0\0\0\x0a\0\
\0\0\x08\x05\0\0\0\0\0\0\x04\0\0\0\x0a\0\0\0\x18\x05\0\0\0\0\0\0\x04\0\0\0\x0a\
\0\0\0\x28\x05\0\0\0\0\0\0\x04\0\0\0\x0a\0\0\0\x38\x05\0\0\0\0\0\0\x04\0\0\0\
\x0a\0\0\0\x48\x05\0\0\0\0\0\0\x04\0\0\0\x0a\0\0\0\x58\x05\0\0\0\0\0\0\x04\0\0\
\0\x0a\0\0\0\x68\x05\0\0\0\0\0\0\x04\0\0\0\x0a\0\0\0\x78\x05\0\0\0\0\0\0\x04\0\
\0\0\x0a\0\0\0\x88\x05\0\0\0\0\0\0\x04\0\0\0\x0a\0\0\0\x98\x05\0\0\0\0\0\0\x04\
\0\0\0\x0a\0\0\0\xa8\x05\0\0\0\0\0\0\x04\0\0\0\x0a\0\0\0\xb8\x05\0\0\0\0\0\0\
\x04\0\0\0\x0a\0\0\0\xc8\x05\0\0\0\0\0\0\x04\0\0\0\x0a\0\0\0\xd8\x05\0\0\0\0\0\
\0\x04\0\0\0\x0a\0\0\0\xe8\x05\0\0\0\0\0\0\x04\0\0\0\x0a\0\0\0\xf8\x05\0\0\0\0\
\0\0\x04\0\0\0\x0a\0\0\0\x08\x06\0\0\0\0\0\0\x04\0\0\0\x0a\0\0\0\x18\x06\0\0\0\
\0\0\0\x04\0\0\0\x0a\0\0\0\x28\x06\0\0\0\0\0\0\x04\0\0\0\x0a\0\0\0\x38\x06\0\0\
\0\0\0\0\x04\0\0\0\x0a\0\0\0\x48\x06\0\0\0\0\0\0\x04\0\0\0\x0a\0\0\0\x58\x06\0\
\0\0\0\0\0\x04\0\0\0\x0a\0\0\0\x68\x06\0\0\0\0\0\0\x04\0\0\0\x0a\0\0\0\x78\x06\
\0\0\0\0\0\0\x04\0\0\0\x0a\0\0\0\x88\x06\0\0\0\0\0\0\x04\0\0\0\x0a\0\0\0\x98\
\x06\0\0\0\0\0\0\x04\0\0\0\x0a\0\0\0\xa8\x06\0\0\0\0\0\0\x04\0\0\0\x0a\0\0\0\
\xb8\x06\0\0\0\0\0\0\x04\0\0\0\x0a\0\0\0\xc8\x06\0\0\0\0\0\0\x04\0\0\0\x0a\0\0\
\0\xd8\x06\0\0\0\0\0\0\x04\0\0\0\x0a\0\0\0\xe8\x06\0\0\0\0\0\0\x04\0\0\0\x0a\0\
\0\0\xf8\x06\0\0\0\0\0\0\x04\0\0\0\x0a\0\0\0\x08\x07\0\0\0\0\0\0\x04\0\0\0\x0a\
\0\0\0\x18\x07\0\0\0\0\0\0\x04\0\0\0\x0a\0\0\0\x28\x07\0\0\0\0\0\0\x04\0\0\0\
\x0a\0\0\0\x38\x07\0\0\0\0\0\0\x04\0\0\0\x0a\0\0\0\x48\x07\0\0\0\0\0\0\x04\0\0\
\0\x0a\0\0\0\x58\x07\0\0\0\0\0\0\x04\0\0\0\x0a\0\0\0\x68\x07\0\0\0\0\0\0\x04\0\
\0\0\x0a\0\0\0\x78\x07\0\0\0\0\0\0\x04\0\0\0\x0a\0\0\0\x88\x07\0\0\0\0\0\0\x04\
\0\0\0\x0a\0\0\0\x98\x07\0\0\0\0\0\0\x04\0\0\0\x0a\0\0\0\xb0\x07\0\0\0\0\0\0\
\x04\0\0\0\x17\0\0\0\xc0\x07\0\0\0\0\0\0\x04\0\0\0\x17\0\0\0\xd0\x07\0\0\0\0\0\
\0\x04\0\0\0\x17\0\0\0\xe0\x07\0\0\0\0\0\0\x04\0\0\0\x17\0\0\0\xf0\x07\0\0\0\0\
\0\0\x04\0\0\0\x17\0\0\0\0\x08\0\0\0\0\0\0\x04\0\0\0\x17\0\0\0\x10\x08\0\0\0\0\
\0\0\x04\0\0\0\x17\0\0\0\x20\x08\0\0\0\0\0\0\x04\0\0\0\x17\0\0\0\x30\x08\0\0\0\
\0\0\0\x04\0\0\0\x17\0\0\0\x40\x08\0\0\0\0\0\0\x04\0\0\0\x17\0\0\0\x50\x08\0\0\
\0\0\0\0\x04\0\0\0\x17\0\0\0\x60\x08\0\0\0\0\0\0\x04\0\0\0\x17\0\0\0\x70\x08\0\
\0\0\0\0\0\x04\0\0\0\x17\0\0\0\x80\x08\0\0\0\0\0\0\x04\0\0\0\x17\0\0\0\x90\x08\
\0\0\0\0\0\0\x04\0\0\0\x17\0\0\0\xa0\x08\0\0\0\0\0\0\x04\0\0\0\x17\0\0\0\xb0\
\x08\0\0\0\0\0\0\x04\0\0\0\x17\0\0\0\xc0\x08\0\0\0\0\0\0\x04\0\0\0\x17\0\0\0\
\xd0\x08\0\0\0\0\0\0\x04\0\0\0\x17\0\0\0\xe0\x08\0\0\0\0\0\0\x04\0\0\0\x17\0\0\
\0\xf0\x08\0\0\0\0\0\0\x04\0\0\0\x17\0\0\0\0\x09\0\0\0\0\0\0\x04\0\0\0\x17\0\0\
\0\x10\x09\0\0\0\0\0\0\x04\0\0\0\x17\0\0\0\x20\x09\0\0\0\0\0\0\x04\0\0\0\x17\0\
\0\0\x30\x09\0\0\0\0\0\0\x04\0\0\0\x17\0\0\0\x40\x09\0\0\0\0\0\0\x04\0\0\0\x17\
\0\0\0\x50\x09\0\0\0\0\0\0\x04\0\0\0\x17\0\0\0\x60\x09\0\0\0\0\0\0\x04\0\0\0\
\x17\0\0\0\x70\x09\0\0\0\0\0\0\x04\0\0\0\x17\0\0\0\x80\x09\0\0\0\0\0\0\x04\0\0\
\0\x17\0\0\0\x90\x09\0\0\0\0\0\0\x04\0\0\0\x17\0\0\0\xa0\x09\0\0\0\0\0\0\x04\0\
\0\0\x17\0\0\0\xb0\x09\0\0\0\0\0\0\x04\0\0\0\x17\0\0\0\xc0\x09\0\0\0\0\0\0\x04\
\0\0\0\x17\0\0\0\xd0\x09\0\0\0\0\0\0\x04\0\0\0\x17\0\0\0\xe0\x09\0\0\0\0\0\0\
\x04\0\0\0\x17\0\0\0\xf0\x09\0\0\0\0\0\0\x04\0\0\0\x17\0\0\0\0\x0a\0\0\0\0\0\0\
\x04\0\0\0\x17\0\0\0\x10\x0a\0\0\0\0\0\0\x04\0\0\0\x17\0\0\0\x20\x0a\0\0\0\0\0\
\0\x04\0\0\0\x17\0\0\0\x30\x0a\0\0\0\0\0\0\x04\0\0\0\x17\0\0\0\x40\x0a\0\0\0\0\
\0\0\x04\0\0\0\x17\0\0\0\x50\x0a\0\0\0\0\0\0\x04\0\0\0\x17\0\0\0\x60\x0a\0\0\0\
\0\0\0\x04\0\0\0\x17\0\0\0\x70\x0a\0\0\0\0\0\0\x04\0\0\0\x17\0\0\0\x80\x0a\0\0\
\0\0\0\0\x04\0\0\0\x17\0\0\0\x90\x0a\0\0\0\0\0\0\x04\0\0\0\x17\0\0\0\xa0\x0a\0\
\0\0\0\0\0\x04\0\0\0\x17\0\0\0\xb0\x0a\0\0\0\0\0\0\x04\0\0\0\x17\0\0\0\xc0\x0a\
\0\0\0\0\0\0\x04\0\0\0\x17\0\0\0\xd0\x0a\0\0\0\0\0\0\x04\0\0\0\x17\0\0\0\xe0\
\x0a\0\0\0\0\0\0\x04\0\0\0\x17\0\0\0\xf0\x0a\0\0\0\0\0\0\x04\0\0\0\x17\0\0\0\0\
\x0b\0\0\0\0\0\0\x04\0\0\0\x17\0\0\0\x10\x0b\0\0\0\0\0\0\x04\0\0\0\x17\0\0\0\
\x20\x0b\0\0\0\0\0\0\x04\0\0\0\x17\0\0\0\x30\x0b\0\0\0\0\0\0\x04\0\0\0\x17\0\0\
\0\x40\x0b\0\0\0\0\0\0\x04\0\0\0\x17\0\0\0\x50\x0b\0\0\0\0\0\0\x04\0\0\0\x17\0\
\0\0\x60\x0b\0\0\0\0\0\0\x04\0\0\0\x17\0\0\0\x70\x0b\0\0\0\0\0\0\x04\0\0\0\x17\
\0\0\0\x80\x0b\0\0\0\0\0\0\x04\0\0\0\x17\0\0\0\x90\x0b\0\0\0\0\0\0\x04\0\0\0\
\x17\0\0\0\xa0\x0b\0\0\0\0\0\0\x04\0\0\0\x17\0\0\0\xb0\x0b\0\0\0\0\0\0\x04\0\0\
\0\x17\0\0\0\xc0\x0b\0\0\0\0\0\0\x04\0\0\0\x17\0\0\0\xd0\x0b\0\0\0\0\0\0\x04\0\
\0\0\x17\0\0\0\xe0\x0b\0\0\0\0\0\0\x04\0\0\0\x17\0\0\0\xf0\x0b\0\0\0\0\0\0\x04\
\0\0\0\x17\0\0\0\0\x0c\0\0\0\0\0\0\x04\0\0\0\x17\0\0\0\x10\x0c\0\0\0\0\0\0\x04\
\0\0\0\x17\0\0\0\x20\x0c\0\0\0\0\0\0\x04\0\0\0\x17\0\0\0\x30\x0c\0\0\0\0\0\0\
\x04\0\0\0\x17\0\0\0\x40\x0c\0\0\0\0\0\0\x04\0\0\0\x17\0\0\0\x50\x0c\0\0\0\0\0\
\0\x04\0\0\0\x17\0\0\0\x60\x0c\0\0\0\0\0\0\x04\0\0\0\x17\0\0\0\x70\x0c\0\0\0\0\
\0\0\x04\0\0\0\x17\0\0\0\x80\x0c\0\0\0\0\0\0\x04\0\0\0\x17\0\0\0\x90\x0c\0\0\0\
\0\0\0\x04\0\0\0\x17\0\0\0\xa0\x0c\0\0\0\0\0\0\x04\0\0\0\x17\0\0\0\xb0\x0c\0\0\
\0\0\0\0\x04\0\0\0\x17\0\0\0\xc0\x0c\0\0\0\0\0\0\x04\0\0\0\x17\0\0\0\xd0\x0c\0\
\0\0\0\0\0\x04\0\0\0\x17\0\0\0\xe0\x0c\0\0\0\0\0\0\x04\0\0\0\x17\0\0\0\xf0\x0c\
\0\0\0\0\0\0\x04\0\0\0\x17\0\0\0\0\x0d\0\0\0\0\0\0\x04\0\0\0\x17\0\0\0\x10\x0d\
\0\0\0\0\0\0\x04\0\0\0\x17\0\0\0\x20\x0d\0\0\0\0\0\0\x04\0\0\0\x17\0\0\0\x30\
\x0d\0\0\0\0\0\0\x04\0\0\0\x17\0\0\0\x40\x0d\0\0\0\0\0\0\x04\0\0\0\x17\0\0\0\
\x50\x0d\0\0\0\0\0\0\x04\0\0\0\x17\0\0\0\x60\x0d\0\0\0\0\0\0\x04\0\0\0\x17\0\0\
\0\x70\x0d\0\0\0\0\0\0\x04\0\0\0\x17\0\0\0\x80\x0d\0\0\0\0\0\0\x04\0\0\0\x17\0\
\0\0\x90\x0d\0\0\0\0\0\0\x04\0\0\0\x17\0\0\0\xa0\x0d\0\0\0\0\0\0\x04\0\0\0\x17\
\0\0\0\xb0\x0d\0\0\0\0\0\0\x04\0\0\0\x17\0\0\0\xc0\x0d\0\0\0\0\0\0\x04\0\0\0\
\x17\0\0\0\xd0\x0d\0\0\0\0\0\0\x04\0\0\0\x17\0\0\0\xe0\x0d\0\0\0\0\0\0\x04\0\0\
\0\x17\0\0\0\xf0\x0d\0\0\0\0\0\0\x04\0\0\0\x17\0\0\0\0\x0e\0\0\0\0\0\0\x04\0\0\
\0\x17\0\0\0\x10\x0e\0\0\0\0\0\0\x04\0\0\0\x17\0\0\0\x20\x0e\0\0\0\0\0\0\x04\0\
\0\0\x17\0\0\0\x30\x0e\0\0\0\0\0\0\x04\0\0\0\x17\0\0\0\x40\x0e\0\0\0\0\0\0\x04\
\0\0\0\x17\0\0\0\x50\x0e\0\0\0\0\0\0\x04\0\0\0\x17\0\0\0\x60\x0e\0\0\0\0\0\0\
\x04\0\0\0\x17\0\0\0\x70\x0e\0\0\0\0\0\0\x04\0\0\0\x17\0\0\0\x80\x0e\0\0\0\0\0\
\0\x04\0\0\0\x17\0\0\0\x90\x0e\0\0\0\0\0\0\x04\0\0\0\x17\0\0\0\xa0\x0e\0\0\0\0\
\0\0\x04\0\0\0\x17\0\0\0\xb0\x0e\0\0\0\0\0\0\x04\0\0\0\x17\0\0\0\xc0\x0e\0\0\0\
\0\0\0\x04\0\0\0\x17\0\0\0\xd0\x0e\0\0\0\0\0\0\x04\0\0\0\x17\0\0\0\xe0\x0e\0\0\
\0\0\0\0\x04\0\0\0\x17\0\0\0\xf0\x0e\0\0\0\0\0\0\x04\0\0\0\x17\0\0\0\0\x0f\0\0\
\0\0\0\0\x04\0\0\0\x17\0\0\0\x10\x0f\0\0\0\0\0\0\x04\0\0\0\x17\0\0\0\x20\x0f\0\
\0\0\0\0\0\x04\0\0\0\x17\0\0\0\x30\x0f\0\0\0\0\0\0\x04\0\0\0\x17\0\0\0\x40\x0f\
\0\0\0\0\0\0\x04\0\0\0\x17\0\0\0\x50\x0f\0\0\0\0\0\0\x04\0\0\0\x17\0\0\0\x60\
\x0f\0\0\0\0\0\0\x04\0\0\0\x17\0\0\0\x70\x0f\0\0\0\0\0\0\x04\0\0\0\x17\0\0\0\
\x80\x0f\0\0\0\0\0\0\x04\0\0\0\x17\0\0\0\x90\x0f\0\0\0\0\0\0\x04\0\0\0\x17\0\0\
\0\xa0\x0f\0\0\0\0\0\0\x04\0\0\0\x17\0\0\0\xb0\x0f\0\0\0\0\0\0\x04\0\0\0\x17\0\
\0\0\xc0\x0f\0\0\0\0\0\0\x04\0\0\0\x17\0\0\0\xd0\x0f\0\0\0\0\0\0\x04\0\0\0\x17\
\0\0\0\xe0\x0f\0\0\0\0\0\0\x04\0\0\0\x17\0\0\0\xf0\x0f\0\0\0\0\0\0\x04\0\0\0\
\x17\0\0\0\0\x10\0\0\0\0\0\0\x04\0\0\0\x17\0\0\0\x10\x10\0\0\0\0\0\0\x04\0\0\0\
\x17\0\0\0\x20\x10\0\0\0\0\0\0\x04\0\0\0\x17\0\0\0\x30\x10\0\0\0\0\0\0\x04\0\0\
\0\x17\0\0\0\x40\x10\0\0\0\0\0\0\x04\0\0\0\x17\0\0\0\x50\x10\0\0\0\0\0\0\x04\0\
\0\0\x17\0\0\0\x60\x10\0\0\0\0\0\0\x04\0\0\0\x17\0\0\0\x70\x10\0\0\0\0\0\0\x04\
\0\0\0\x17\0\0\0\x80\x10\0\0\0\0\0\0\x04\0\0\0\x17\0\0\0\x90\x10\0\0\0\0\0\0\
\x04\0\0\0\x17\0\0\0\xa0\x10\0\0\0\0\0\0\x04\0\0\0\x17\0\0\0\xb0\x10\0\0\0\0\0\
\0\x04\0\0\0\x17\0\0\0\xc0\x10\0\0\0\0\0\0\x04\0\0\0\x17\0\0\0\xd0\x10\0\0\0\0\
\0\0\x04\0\0\0\x17\0\0\0\xe0\x10\0\0\0\0\0\0\x04\0\0\0\x17\0\0\0\xf0\x10\0\0\0\
\0\0\0\x04\0\0\0\x17\0\0\0\0\x11\0\0\0\0\0\0\x04\0\0\0\x17\0\0\0\x10\x11\0\0\0\
\0\0\0\x04\0\0\0\x17\0\0\0\x20\x11\0\0\0\0\0\0\x04\0\0\0\x17\0\0\0\x30\x11\0\0\
\0\0\0\0\x04\0\0\0\x17\0\0\0\x40\x11\0\0\0\0\0\0\x04\0\0\0\x17\0\0\0\x50\x11\0\
\0\0\0\0\0\x04\0\0\0\x17\0\0\0\x60\x11\0\0\0\0\0\0\x04\0\0\0\x17\0\0\0\x70\x11\
\0\0\0\0\0\0\x04\0\0\0\x17\0\0\0\x80\x11\0\0\0\0\0\0\x04\0\0\0\x17\0\0\0\x90\
\x11\0\0\0\0\0\0\x04\0\0\0\x17\0\0\0\xa0\x11\0\0\0\0\0\0\x04\0\0\0\x17\0\0\0\
\xb0\x11\0\0\0\0\0\0\x04\0\0\0\x17\0\0\0\xc0\x11\0\0\0\0\0\0\x04\0\0\0\x17\0\0\
\0\xd0\x11\0\0\0\0\0\0\x04\0\0\0\x17\0\0\0\xe0\x11\0\0\0\0\0\0\x04\0\0\0\x17\0\
\0\0\xf0\x11\0\0\0\0\0\0\x04\0\0\0\x17\0\0\0\0\x12\0\0\0\0\0\0\x04\0\0\0\x17\0\
\0\0\x10\x12\0\0\0\0\0\0\x04\0\0\0\x17\0\0\0\x20\x12\0\0\0\0\0\0\x04\0\0\0\x17\
\0\0\0\x30\x12\0\0\0\0\0\0\x04\0\0\0\x17\0\0\0\x40\x12\0\0\0\0\0\0\x04\0\0\0\
\x17\0\0\0\x50\x12\0\0\0\0\0\0\x04\0\0\0\x17\0\0\0\x60\x12\0\0\0\0\0\0\x04\0\0\
\0\x17\0\0\0\x70\x12\0\0\0\0\0\0\x04\0\0\0\x17\0\0\0\x80\x12\0\0\0\0\0\0\x04\0\
\0\0\x17\0\0\0\x90\x12\0\0\0\0\0\0\x04\0\0\0\x17\0\0\0\xa0\x12\0\0\0\0\0\0\x04\
\0\0\0\x17\0\0\0\xb0\x12\0\0\0\0\0\0\x04\0\0\0\x17\0\0\0\xc0\x12\0\0\0\0\0\0\
\x04\0\0\0\x17\0\0\0\xd0\x12\0\0\0\0\0\0\x04\0\0\0\x17\0\0\0\xe0\x12\0\0\0\0\0\
\0\x04\0\0\0\x17\0\0\0\xf0\x12\0\0\0\0\0\0\x04\0\0\0\x17\0\0\0\0\x13\0\0\0\0\0\
\0\x04\0\0\0\x17\0\0\0\x10\x13\0\0\0\0\0\0\x04\0\0\0\x17\0\0\0\x20\x13\0\0\0\0\
\0\0\x04\0\0\0\x17\0\0\0\x30\x13\0\0\0\0\0\0\x04\0\0\0\x17\0\0\0\x40\x13\0\0\0\
\0\0\0\x04\0\0\0\x17\0\0\0\x50\x13\0\0\0\0\0\0\x04\0\0\0\x17\0\0\0\x60\x13\0\0\
\0\0\0\0\x04\0\0\0\x17\0\0\0\x70\x13\0\0\0\0\0\0\x04\0\0\0\x17\0\0\0\x80\x13\0\
\0\0\0\0\0\x04\0\0\0\x17\0\0\0\x90\x13\0\0\0\0\0\0\x04\0\0\0\x17\0\0\0\xa0\x13\
\0\0\0\0\0\0\x04\0\0\0\x17\0\0\0\xb0\x13\0\0\0\0\0\0\x04\0\0\0\x17\0\0\0\xc0\
\x13\0\0\0\0\0\0\x04\0\0\0\x17\0\0\0\xd0\x13\0\0\0\0\0\0\x04\0\0\0\x17\0\0\0\
\xe0\x13\0\0\0\0\0\0\x04\0\0\0\x17\0\0\0\xf0\x13\0\0\0\0\0\0\x04\0\0\0\x17\0\0\
\0\0\x14\0\0\0\0\0\0\x04\0\0\0\x17\0\0\0\x10\x14\0\0\0\0\0\0\x04\0\0\0\x17\0\0\
\0\x20\x14\0\0\0\0\0\0\x04\0\0\0\x17\0\0\0\x30\x14\0\0\0\0\0\0\x04\0\0\0\x17\0\
\0\0\x40\x14\0\0\0\0\0\0\x04\0\0\0\x17\0\0\0\x50\x14\0\0\0\0\0\0\x04\0\0\0\x17\
\0\0\0\x60\x14\0\0\0\0\0\0\x04\0\0\0\x17\0\0\0\x70\x14\0\0\0\0\0\0\x04\0\0\0\
\x17\0\0\0\x80\x14\0\0\0\0\0\0\x04\0\0\0\x17\0\0\0\x90\x14\0\0\0\0\0\0\x04\0\0\
\0\x17\0\0\0\xa0\x14\0\0\0\0\0\0\x04\0\0\0\x17\0\0\0\xb0\x14\0\0\0\0\0\0\x04\0\
\0\0\x17\0\0\0\xc0\x14\0\0\0\0\0\0\x04\0\0\0\x17\0\0\0\xd0\x14\0\0\0\0\0\0\x04\
\0\0\0\x17\0\0\0\xe0\x14\0\0\0\0\0\0\x04\0\0\0\x17\0\0\0\xf0\x14\0\0\0\0\0\0\
\x04\0\0\0\x17\0\0\0\0\x15\0\0\0\0\0\0\x04\0\0\0\x17\0\0\0\x10\x15\0\0\0\0\0\0\
\x04\0\0\0\x17\0\0\0\x20\x15\0\0\0\0\0\0\x04\0\0\0\x17\0\0\0\x30\x15\0\0\0\0\0\
\0\x04\0\0\0\x17\0\0\0\x40\x15\0\0\0\0\0\0\x04\0\0\0\x17\0\0\0\x50\x15\0\0\0\0\
\0\0\x04\0\0\0\x17\0\0\0\x60\x15\0\0\0\0\0\0\x04\0\0\0\x17\0\0\0\x70\x15\0\0\0\
\0\0\0\x04\0\0\0\x17\0\0\0\x80\x15\0\0\0\0\0\0\x04\0\0\0\x17\0\0\0\x90\x15\0\0\
\0\0\0\0\x04\0\0\0\x17\0\0\0\xa0\x15\0\0\0\0\0\0\x04\0\0\0\x17\0\0\0\xb0\x15\0\
\0\0\0\0\0\x04\0\0\0\x17\0\0\0\xc0\x15\0\0\0\0\0\0\x04\0\0\0\x17\0\0\0\xd0\x15\
\0\0\0\0\0\0\x04\0\0\0\x17\0\0\0\xe0\x15\0\0\0\0\0\0\x04\0\0\0\x17\0\0\0\xf0\
\x15\0\0\0\0\0\0\x04\0\0\0\x17\0\0\0\0\x16\0\0\0\0\0\0\x04\0\0\0\x17\0\0\0\x10\
\x16\0\0\0\0\0\0\x04\0\0\0\x17\0\0\0\x20\x16\0\0\0\0\0\0\x04\0\0\0\x17\0\0\0\
\x30\x16\0\0\0\0\0\0\x04\0\0\0\x17\0\0\0\x4c\x16\0\0\0\0\0\0\x04\0\0\0\x01\0\0\
\0\x5c\x16\0\0\0\0\0\0\x04\0\0\0\x01\0\0\0\x6c\x16\0\0\0\0\0\0\x04\0\0\0\x01\0\
\0\0\x7c\x16\0\0\0\0\0\0\x04\0\0\0\x01\0\0\0\x8c\x16\0\0\0\0\0\0\x04\0\0\0\x01\
\0\0\0\x9c\x16\0\0\0\0\0\0\x04\0\0\0\x01\0\0\0\xac\x16\0\0\0\0\0\0\x04\0\0\0\
\x01\0\0\0\xc4\x16\0\0\0\0\0\0\x04\0\0\0\x0a\0\0\0\xd4\x16\0\0\0\0\0\0\x04\0\0\
\0\x0a\0\0\0\xe4\x16\0\0\0\0\0\0\x04\0\0\0\x0a\0\0\0\xf4\x16\0\0\0\0\0\0\x04\0\
\0\0\x0a\0\0\0\x04\x17\0\0\0\0\0\0\x04\0\0\0\x0a\0\0\0\x14\x17\0\0\0\0\0\0\x04\
\0\0\0\x0a\0\0\0\x24\x17\0\0\0\0\0\0\x04\0\0\0\x0a\0\0\0\x3c\x17\0\0\0\0\0\0\
\x04\0\0\0\x17\0\0\0\x4c\x17\0\0\0\0\0\0\x04\0\0\0\x17\0\0\0\x5c\x17\0\0\0\0\0\
\0\x04\0\0\0\x17\0\0\0\x6c\x17\0\0\0\0\0\0\x04\0\0\0\x17\0\0\0\x7c\x17\0\0\0\0\
\0\0\x04\0\0\0\x17\0\0\0\x8b\x01\x8f\x01\x91\x01\x9c\x01\x8c\x01\x8e\x01\x9d\
\x01\x9e\x01\x9a\x01\x98\x01\x95\x01\x92\x01\x96\x01\x93\x01\x90\x01\x9b\x01\
\x99\x01\x97\x01\x94\x01\x8d\x01\0\x2e\x74\x65\x78\x74\0\x2e\x72\x65\x6c\x2e\
\x42\x54\x46\x2e\x65\x78\x74\0\x2e\x72\x65\x6c\x74\x70\x5f\x62\x74\x66\x2f\x62\
\x6c\x6f\x63\x6b\x5f\x72\x71\x5f\x69\x6e\x73\x65\x72\x74\0\x74\x70\x5f\x69\x6e\
\x73\x65\x72\x74\0\x69\x6e\x66\x6c\x69\x67\x68\x74\x5f\x63\x6e\x74\0\x69\x6e\
\x66\x6c\x69\x67\x68\x74\0\x68\x69\x73\x74\x5f\x64\x65\x76\x5f\x77\x5f\x75\x73\
\0\x68\x69\x73\x74\x5f\x77\x61\x69\x74\x5f\x77\x5f\x75\x73\0\x68\x69\x73\x74\
\x5f\x74\x6f\x74\x61\x6c\x5f\x77\x5f\x75\x73\0\x68\x69\x73\x74\x5f\x64\x65\x76\
\x5f\x72\x5f\x75\x73\0\x68\x69\x73\x74\x5f\x77\x61\x69\x74\x5f\x72\x5f\x75\x73\
\0\x68\x69\x73\x74\x5f\x74\x6f\x74\x61\x6c\x5f\x72\x5f\x75\x73\0\x70\x72\x6f\
\x67\x5f\x68\x69\x74\x73\0\x2e\x6d\x61\x70\x73\0\x63\x66\x67\x5f\x6d\x61\x70\0\
\x68\x69\x73\x74\x5f\x64\x65\x76\x5f\x77\x5f\x75\x73\x5f\x6d\x6f\x6e\0\x68\x69\
\x73\x74\x5f\x64\x65\x76\x5f\x72\x5f\x75\x73\x5f\x6d\x6f\x6e\0\x6c\x61\x74\x5f\
\x64\x65\x76\x5f\x77\x5f\x73\x75\x6d\0\x6c\x61\x74\x5f\x77\x61\x69\x74\x5f\x77\
\x5f\x73\x75\x6d\0\x6c\x61\x74\x5f\x64\x65\x76\x5f\x72\x5f\x73\x75\x6d\0\x6c\
\x61\x74\x5f\x77\x61\x69\x74\x5f\x72\x5f\x73\x75\x6d\0\x2e\x6c\x6c\x76\x6d\x5f\
\x61\x64\x64\x72\x73\x69\x67\0\x2e\x72\x65\x6c\x74\x70\x5f\x62\x74\x66\x2f\x62\
\x6c\x6f\x63\x6b\x5f\x72\x71\x5f\x69\x73\x73\x75\x65\0\x74\x70\x5f\x69\x73\x73\
\x75\x65\0\x2e\x72\x65\x6c\x74\x70\x5f\x62\x74\x66\x2f\x62\x6c\x6f\x63\x6b\x5f\
\x72\x71\x5f\x63\x6f\x6d\x70\x6c\x65\x74\x65\0\x74\x70\x5f\x63\x6f\x6d\x70\x6c\
\x65\x74\x65\0\x6c\x69\x63\x65\x6e\x73\x65\0\x2e\x73\x74\x72\x74\x61\x62\0\x2e\
\x73\x79\x6d\x74\x61\x62\0\x2e\x72\x65\x6c\x2e\x42\x54\x46\0\x4c\x49\x43\x45\
\x4e\x53\x45\0\x4c\x42\x42\x32\x5f\x39\0\x4c\x42\x42\x31\x5f\x39\0\x4c\x42\x42\
\x30\x5f\x39\0\x4c\x42\x42\x32\x5f\x39\x39\0\x4c\x42\x42\x32\x5f\x31\x39\x39\0\
\x4c\x42\x42\x32\x5f\x38\x39\0\x4c\x42\x42\x32\x5f\x31\x38\x39\0\x4c\x42\x42\
\x32\x5f\x33\x39\0\x4c\x42\x42\x32\x5f\x32\x39\0\x4c\x42\x42\x32\x5f\x31\x39\0\
\x4c\x42\x42\x31\x5f\x31\x39\0\x4c\x42\x42\x32\x5f\x32\x30\x39\0\x4c\x42\x42\
\x32\x5f\x31\x30\x39\0\x4c\x42\x42\x32\x5f\x38\0\x4c\x42\x42\x31\x5f\x38\0\x4c\
\x42\x42\x30\x5f\x38\0\x4c\x42\x42\x32\x5f\x37\x38\0\x4c\x42\x42\x32\x5f\x31\
\x37\x38\0\x4c\x42\x42\x32\x5f\x36\x38\0\x4c\x42\x42\x32\x5f\x31\x36\x38\0\x4c\
\x42\x42\x32\x5f\x35\x38\0\x4c\x42\x42\x32\x5f\x31\x35\x38\0\x4c\x42\x42\x32\
\x5f\x31\x33\x38\0\x4c\x42\x42\x32\x5f\x31\x32\x38\0\x4c\x42\x42\x31\x5f\x31\
\x38\0\x4c\x42\x42\x32\x5f\x31\x31\x38\0\x4c\x42\x42\x32\x5f\x37\0\x4c\x42\x42\
\x31\x5f\x37\0\x4c\x42\x42\x30\x5f\x37\0\x4c\x42\x42\x32\x5f\x39\x37\0\x4c\x42\
\x42\x32\x5f\x31\x39\x37\0\x4c\x42\x42\x32\x5f\x38\x37\0\x4c\x42\x42\x32\x5f\
\x31\x38\x37\0\x4c\x42\x42\x32\x5f\x34\x37\0\x4c\x42\x42\x32\x5f\x33\x37\0\x4c\
\x42\x42\x32\x5f\x32\x37\0\x4c\x42\x42\x30\x5f\x31\x37\0\x4c\x42\x42\x32\x5f\
\x32\x30\x37\0\x4c\x42\x42\x32\x5f\x31\x30\x37\0\x4c\x42\x42\x32\x5f\x37\x36\0\
\x4c\x42\x42\x32\x5f\x31\x37\x36\0\x4c\x42\x42\x32\x5f\x36\x36\0\x4c\x42\x42\
\x32\x5f\x31\x36\x36\0\x4c\x42\x42\x32\x5f\x35\x36\0\x4c\x42\x42\x32\x5f\x31\
\x35\x36\0\x4c\x42\x42\x32\x5f\x31\x33\x36\0\x4c\x42\x42\x32\x5f\x31\x32\x36\0\
\x4c\x42\x42\x30\x5f\x31\x36\0\x4c\x42\x42\x32\x5f\x32\x31\x36\0\x4c\x42\x42\
\x32\x5f\x31\x31\x36\0\x4c\x42\x42\x32\x5f\x35\0\x4c\x42\x42\x31\x5f\x35\0\x4c\
\x42\x42\x30\x5f\x35\0\x4c\x42\x42\x32\x5f\x39\x35\0\x4c\x42\x42\x32\x5f\x31\
\x39\x35\0\x4c\x42\x42\x32\x5f\x38\x35\0\x4c\x42\x42\x32\x5f\x31\x38\x35\0\x4c\
\x42\x42\x32\x5f\x34\x35\0\x4c\x42\x42\x32\x5f\x33\x35\0\x4c\x42\x42\x32\x5f\
\x32\x35\0\x4c\x42\x42\x32\x5f\x32\x31\x35\0\x4c\x42\x42\x32\x5f\x32\x30\x35\0\
\x4c\x42\x42\x32\x5f\x31\x30\x35\0\x4c\x42\x42\x32\x5f\x37\x34\0\x4c\x42\x42\
\x32\x5f\x31\x37\x34\0\x4c\x42\x42\x32\x5f\x36\x34\0\x4c\x42\x42\x32\x5f\x31\
\x36\x34\0\x4c\x42\x42\x32\x5f\x35\x34\0\x4c\x42\x42\x32\x5f\x31\x35\x34\0\x4c\
\x42\x42\x32\x5f\x31\x34\x34\0\x4c\x42\x42\x32\x5f\x31\x33\x34\0\x4c\x42\x42\
\x31\x5f\x32\x34\0\x4c\x42\x42\x32\x5f\x31\x32\x34\0\x4c\x42\x42\x32\x5f\x31\
\x34\0\x4c\x42\x42\x31\x5f\x31\x34\0\x4c\x42\x42\x32\x5f\x31\x31\x34\0\x4c\x42\
\x42\x32\x5f\x33\0\x4c\x42\x42\x31\x5f\x33\0\x4c\x42\x42\x30\x5f\x33\0\x4c\x42\
\x42\x32\x5f\x39\x33\0\x4c\x42\x42\x32\x5f\x31\x39\x33\0\x4c\x42\x42\x32\x5f\
\x38\x33\0\x4c\x42\x42\x32\x5f\x31\x38\x33\0\x4c\x42\x42\x32\x5f\x34\x33\0\x4c\
\x42\x42\x32\x5f\x31\x34\x33\0\x4c\x42\x42\x32\x5f\x33\x33\0\x4c\x42\x42\x32\
\x5f\x32\x33\0\x4c\x42\x42\x32\x5f\x32\x31\x33\0\x4c\x42\x42\x32\x5f\x32\x30\
\x33\0\x4c\x42\x42\x32\x5f\x31\x30\x33\0\x4c\x42\x42\x32\x5f\x37\x32\0\x4c\x42\
\x42\x32\x5f\x31\x37\x32\0\x4c\x42\x42\x32\x5f\x36\x32\0\x4c\x42\x42\x32\x5f\
\x31\x36\x32\0\x4c\x42\x42\x32\x5f\x35\x32\0\x4c\x42\x42\x32\x5f\x31\x35\x32\0\
\x4c\x42\x42\x32\x5f\x31\x34\x32\0\x4c\x42\x42\x32\x5f\x31\x33\x32\0\x4c\x42\
\x42\x31\x5f\x32\x32\0\x4c\x42\x42\x32\x5f\x31\x32\x32\0\x4c\x42\x42\x32\x5f\
\x32\x31\x32\0\x4c\x42\x42\x32\x5f\x39\x31\0\x4c\x42\x42\x32\x5f\x31\x39\x31\0\
\x4c\x42\x42\x32\x5f\x34\x31\0\x4c\x42\x42\x32\x5f\x33\x31\0\x4c\x42\x42\x32\
\x5f\x32\x31\0\x4c\x42\x42\x31\x5f\x32\x31\0\x4c\x42\x42\x32\x5f\x31\x31\0\x4c\
\x42\x42\x31\x5f\x31\x31\0\x4c\x42\x42\x30\x5f\x31\x31\0\x4c\x42\x42\x32\x5f\
\x32\x31\x31\0\x4c\x42\x42\x32\x5f\x31\x31\x31\0\x4c\x42\x42\x32\x5f\x32\x30\
\x31\0\x4c\x42\x42\x32\x5f\x31\x30\x31\0\x4c\x42\x42\x32\x5f\x38\x30\0\x4c\x42\
\x42\x32\x5f\x31\x38\x30\0\x4c\x42\x42\x32\x5f\x37\x30\0\x4c\x42\x42\x32\x5f\
\x31\x37\x30\0\x4c\x42\x42\x32\x5f\x36\x30\0\x4c\x42\x42\x32\x5f\x31\x36\x30\0\
\x4c\x42\x42\x32\x5f\x35\x30\0\x4c\x42\x42\x32\x5f\x31\x35\x30\0\x4c\x42\x42\
\x32\x5f\x31\x34\x30\0\x4c\x42\x42\x32\x5f\x31\x33\x30\0\x4c\x42\x42\x32\x5f\
\x31\x32\x30\0\0\0\0\0\0\0\0\0\0\0\0\0\0\0\0\0\0\0\0\0\0\0\0\0\0\0\0\0\0\0\0\0\
\0\0\0\0\0\0\0\0\0\0\0\0\0\0\0\0\0\0\0\0\0\0\0\0\0\0\0\0\0\0\0\0\0\0\0\x81\x01\
\0\0\x03\0\0\0\0\0\0\0\0\0\0\0\0\0\0\0\0\0\0\0\xf0\x05\x01\0\0\0\0\0\xb5\x05\0\
\0\0\0\0\0\0\0\0\0\0\0\0\0\x01\0\0\0\0\0\0\0\0\0\0\0\0\0\0\0\x01\0\0\0\x01\0\0\
\0\x06\0\0\0\0\0\0\0\0\0\0\0\0\0\0\0\x40\0\0\0\0\0\0\0\0\0\0\0\0\0\0\0\0\0\0\0\
\0\0\0\0\x04\0\0\0\0\0\0\0\0\0\0\0\0\0\0\0\x18\0\0\0\x01\0\0\0\x06\0\0\0\0\0\0\
\0\0\0\0\0\0\0\0\0\x40\0\0\0\0\0\0\0\xc0\x03\0\0\0\0\0\0\0\0\0\0\0\0\0\0\x08\0\
\0\0\0\0\0\0\0\0\0\0\0\0\0\0\x14\0\0\0\x09\0\0\0\x40\0\0\0\0\0\0\0\0\0\0\0\0\0\
\0\0\xe8\xeb\0\0\0\0\0\0\x40\0\0\0\0\0\0\0\x10\0\0\0\x03\0\0\0\x08\0\0\0\0\0\0\
\0\x10\0\0\0\0\0\0\0\x31\x01\0\0\x01\0\0\0\x06\0\0\0\0\0\0\0\0\0\0\0\0\0\0\0\0\
\x04\0\0\0\0\0\0\xa0\x04\0\0\0\0\0\0\0\0\0\0\0\0\0\0\x08\0\0\0\0\0\0\0\0\0\0\0\
\0\0\0\0\x2d\x01\0\0\x09\0\0\0\x40\0\0\0\0\0\0\0\0\0\0\0\0\0\0\0\x28\xec\0\0\0\
\0\0\0\x60\0\0\0\0\0\0\0\x10\0\0\0\x05\0\0\0\x08\0\0\0\0\0\0\0\x10\0\0\0\0\0\0\
\0\x54\x01\0\0\x01\0\0\0\x06\0\0\0\0\0\0\0\0\0\0\0\0\0\0\0\xa0\x08\0\0\0\0\0\0\
\xd0\x12\0\0\0\0\0\0\0\0\0\0\0\0\0\0\x08\0\0\0\0\0\0\0\0\0\0\0\0\0\0\0\x50\x01\
\0\0\x09\0\0\0\x40\0\0\0\0\0\0\0\0\0\0\0\0\0\0\0\x88\xec\0\0\0\0\0\0\0\x01\0\0\
\0\0\0\0\x10\0\0\0\x07\0\0\0\x08\0\0\0\0\0\0\0\x10\0\0\0\0\0\0\0\x79\x01\0\0\
\x01\0\0\0\x03\0\0\0\0\0\0\0\0\0\0\0\0\0\0\0\x70\x1b\0\0\0\0\0\0\x0d\0\0\0\0\0\
\0\0\0\0\0\0\0\0\0\0\x01\0\0\0\0\0\0\0\0\0\0\0\0\0\0\0\xb3\0\0\0\x01\0\0\0\x03\
\0\0\0\0\0\0\0\0\0\0\0\0\0\0\0\x80\x1b\0\0\0\0\0\0\0\x02\0\0\0\0\0\0\0\0\0\0\0\
\0\0\0\x08\0\0\0\0\0\0\0\0\0\0\0\0\0\0\0\x95\x01\0\0\x01\0\0\0\0\0\0\0\0\0\0\0\
\0\0\0\0\0\0\0\0\x80\x1d\0\0\0\0\0\0\xe2\xa8\0\0\0\0\0\0\0\0\0\0\0\0\0\0\x04\0\
\0\0\0\0\0\0\0\0\0\0\0\0\0\0\x91\x01\0\0\x09\0\0\0\x40\0\0\0\0\0\0\0\0\0\0\0\0\
\0\0\0\x88\xed\0\0\0\0\0\0\x10\x01\0\0\0\0\0\0\x10\0\0\0\x0b\0\0\0\x08\0\0\0\0\
\0\0\0\x10\0\0\0\0\0\0\0\x0b\0\0\0\x01\0\0\0\0\0\0\0\0\0\0\0\0\0\0\0\0\0\0\0\
\x64\xc6\0\0\0\0\0\0\x8c\x17\0\0\0\0\0\0\0\0\0\0\0\0\0\0\x04\0\0\0\0\0\0\0\0\0\
\0\0\0\0\0\0\x07\0\0\0\x09\0\0\0\x40\0\0\0\0\0\0\0\0\0\0\0\0\0\0\0\x98\xee\0\0\
\0\0\0\0\x30\x17\0\0\0\0\0\0\x10\0\0\0\x0d\0\0\0\x08\0\0\0\0\0\0\0\x10\0\0\0\0\
\0\0\0\x1f\x01\0\0\x03\x4c\xff\x6f\0\0\0\x80\0\0\0\0\0\0\0\0\0\0\0\0\xc8\x05\
\x01\0\0\0\0\0\x28\0\0\0\0\0\0\0\0\0\0\0\0\0\0\0\x01\0\0\0\0\0\0\0\0\0\0\0\0\0\
\0\0\x89\x01\0\0\x02\0\0\0\0\0\0\0\0\0\0\0\0\0\0\0\0\0\0\0\xf0\xdd\0\0\0\0\0\0\
\xf8\x0d\0\0\0\0\0\0\x01\0\0\0\x81\0\0\0\x08\0\0\0\0\0\0\0\x18\0\0\0\0\0\0\0";

	obj->skeleton = s;
	return 0;
err:
	bpf_object__destroy_skeleton(s);
	return -ENOMEM;
}

#endif /* __IO_LAT_BPF_SKEL_H__ */
